;IC000;IC010;IC020;IC100.25;IC100.5;IC100.75;IC101;IC110.25;IC110.5;IC110.75;IC111;IC120.25;IC120.5;IC120.75;IC121;IC400.25;IC400.5;IC400.75;IC401;IC410.25;IC410.5;IC410.75;IC411;IC420.25;IC420.5;IC420.75;IC421;IC600.25;IC600.5;IC600.75;IC601;IC610.25;IC610.5;IC610.75;IC611;IC620.25;IC620.5;IC620.75;IC621;LT000;LT010;LT020;LT100.25;LT100.5;LT100.75;LT101;LT110.25;LT110.5;LT110.75;LT111;LT120.25;LT120.5;LT120.75;LT121;LT400.25;LT400.5;LT400.75;LT401;LT410.25;LT410.5;LT410.75;LT411;LT420.25;LT420.5;LT420.75;LT421;LT600.25;LT600.5;LT600.75;LT601;LT610.25;LT610.5;LT610.75;LT611;LT620.25;LT620.5;LT620.75;LT621;IN-CLOSSENESS;OUT-CLOSENESS;DEGREE;IN-DEGREE;OUT-DEGREE;BETWEENNESS
IC000;1;0,678851246;0,671572934;0,471385643;0,243501046;0,149034243;x;0,544360608;0,372081602;0,283674637;x;0,544601372;0,393775878;0,371680324;0,131798892;0,461452732;0,495424698;0,509425984;0,507080044;0,340927317;0,45293577;0,475622091;0,501302629;0,412410725;0,471372683;0,492260377;0,497820789;0,157287413;0,185292507;0,209908397;0,399575491;x;0,075182778;0,125220151;0,377680465;0,161896531;0,145881655;0,196301942;0,354134149;0,336658522;0,336658522;0,336658522;0,314235096;0,158384881;x;-0,044690382;0,389672613;0,288477988;0,11337597;x;0,403736508;0,339565352;0,203193091;0,115706427;-0,137202517;0,443421473;0,457473987;0,466007003;-0,156966705;0,452131699;0,470189777;0,48149087;0,161021037;0,459790526;0,477691196;0,476964302;0,087481665;0,216697201;0,062859336;0,12956606;x;0,205469183;x;x;0,146457558;0,228545122;0,268583268;0,339662217;x;-0,051902677;0,263953624;0,561598779;0,636590293;0,547848676
IC010;0,678851246;1;0,684592592;0,477061672;0,235602299;0,151371758;x;0,563380226;0,375652767;0,286859022;x;0,557302985;0,417774176;0,374598628;0,13261987;0,461617742;0,501752694;0,512535525;0,511088745;0,341400903;0,46397077;0,487815609;0,510824399;0,404423133;0,470354468;0,494118703;0,499739688;0,159809973;0,178143252;0,217649107;0,400840987;0,03348631;0,07739631;0,110493826;0,382593364;0,149496399;0,147039618;0,196897552;0,332947914;0,361491611;0,361491611;0,361491611;0,316063928;0,151008305;x;-0,051169769;0,40474009;0,290596794;0,111117183;x;0,394599923;0,324711068;0,201690563;0,114217997;-0,141123113;0,452153584;0,467921541;0,472962754;-0,157006951;0,46068516;0,480368244;0,487823959;0,166614511;0,462928324;0,483450222;0,479392275;0,113548961;0,212823911;0,071350993;0,140802186;0,045053991;0,199929912;x;x;0,144967432;0,219488723;0,2397457;0,318812301;x;-0,038481823;0,25652762;0,564067307;0,650658898;0,554348671
IC020;0,671572934;0,684592592;1;0,485074447;0,260255638;0,155268789;x;0,571033906;0,37018046;0,2816646;x;0,564584548;0,425371382;0,38497566;0,110150519;0,468477756;0,50047412;0,512189661;0,51092353;0,348662793;0,455795433;0,474515972;0,504006831;0,414096231;0,472478983;0,494206457;0,498478246;0,161616933;0,182423282;0,234421512;0,400776828;x;0,076177528;0,129816907;0,386743429;0,15429351;0,161259727;0,193419668;0,335687128;0,337006773;0,337006773;0,337006773;0,296936819;0,156827918;x;-0,033008156;0,368221131;0,277047813;0,11249319;x;0,382854642;0,3269194;0,200179603;0,126512844;-0,133501152;0,432208936;0,452359977;0,461997808;-0,148665765;0,440690553;0,464899983;0,477107087;0,16204637;0,453131359;0,47536761;0,473176607;0,095456632;0,235362828;0,057588074;0,135244511;x;0,22411372;x;x;0,130902854;0,221725973;0,254629058;0,325818709;x;-0,046731035;0,266618443;0,559080963;0,645696226;0,540759718
IC100.25;0,471385643;0,477061672;0,485074447;1;0,363873621;0,233833726;x;0,589383245;0,399194673;0,308828045;x;0,591253996;0,46274602;0,390674405;0,141544714;0,36674897;0,390436289;0,397308498;0,394104136;0,24570854;0,320614208;0,336451991;0,355850182;0,337076495;0,375042113;0,391296996;0,38991922;0,174308316;0,180889086;0,207787801;0,323013353;x;0,065169804;0,094963191;0,25608232;0,153913877;0,173527915;0,206516529;0,281825913;0,244922933;0,244922933;0,244922933;0,250876909;0,136001594;x;x;0,298866223;0,222037055;0,078124747;x;0,312547805;0,285234996;0,194944993;0,15218545;-0,097316213;0,301776151;0,323567055;0,329576029;-0,108198924;0,308823775;0,334557;0,340585524;0,14823359;0,357105001;0,377846204;0,37390197;0,081416345;0,150719705;x;0,067145183;0,035014565;0,143005112;x;x;0,148977674;0,206306687;0,231883479;0,280063559;0,043915192;x;0,281614127;0,48047185;0,509688441;0,460092189
IC100.5;0,243501046;0,235602299;0,260255638;0,363873621;1;0,288639576;0,050940331;0,288820624;0,399266508;0,30631637;x;0,306486496;0,389476451;0,323357412;0,154123277;0,184269973;0,203451878;0,204850828;0,202164867;0,087997925;0,119032946;0,13577615;0,139031127;0,178752757;0,203538146;0,207685117;0,217269291;0,130415283;0,150126155;0,146316575;0,200798438;x;x;x;0,071511406;0,140484434;0,134207374;0,142977231;0,168378212;0,120307708;0,120307708;0,120307708;0,146814629;0,091961654;x;x;0,167631205;0,112249894;0,048018979;x;0,171184908;0,164054227;0,144447685;0,129505367;x;0,118479479;0,133380253;0,1362219;x;0,124926911;0,141531851;0,143940498;0,156820995;0,202761674;0,208531908;0,211502972;0,053373073;0,079447213;x;-0,034269579;x;0,073444108;-0,037101174;-0,091020166;0,11830229;0,170628992;0,17619243;0,193221868;0,128121919;x;0,232904638;0,298038676;0,294861634;0,253784893
IC100.75;0,149034243;0,151371758;0,155268789;0,233833726;0,288639576;1;x;0,199233842;0,249395666;0,298566955;x;0,193380175;0,241139861;0,279693838;0,126673164;0,147241351;0,158022705;0,154998123;0,156676488;0,087441178;0,100193653;0,097248283;0,105992701;0,146342452;0,165562814;0,169371354;0,171613315;0,115459394;0,114949517;0,124493491;0,152062962;x;x;x;0,05720274;0,098163251;0,124578531;0,104115086;0,14099516;0,089886634;0,089886634;0,089886634;0,085087114;0,066677267;x;x;0,091099222;0,078625909;0,032404395;x;0,117423295;0,117273308;0,121443268;0,115752852;x;0,11896863;0,113293487;0,107544863;-0,044047015;0,118920698;0,114889502;0,11110897;0,114335342;0,172758584;0,167073239;0,169294078;0,033397766;0,078187686;x;x;x;0,06614399;x;-0,076854449;0,108488352;0,143565075;0,107942544;0,123500796;0,094207109;x;0,180799504;0,206187554;0,193378167;0,182916016
IC101;x;x;x;x;0,050940331;x;1;x;x;x;0,059306804;x;x;0,033050099;x;x;x;x;x;x;x;x;x;x;x;x;x;x;x;x;x;x;x;x;x;x;x;x;x;x;x;x;x;x;x;x;x;x;x;x;x;x;x;x;0,056572219;x;x;x;0,046332908;x;x;x;0,05329265;x;x;x;x;x;x;x;x;-0,036139651;x;-0,048786783;x;x;x;x;x;-0,060260841;x;x;x;x
IC110.25;0,544360608;0,563380226;0,571033906;0,589383245;0,288820624;0,199233842;x;1;0,455238421;0,336562873;x;0,470557709;0,359143433;0,323221701;0,114445156;0,389602608;0,417034775;0,426063609;0,422422043;0,286920893;0,378322373;0,399620192;0,42058409;0,343040737;0,38769441;0,403660796;0,407360077;0,155280438;0,160038864;0,20718412;0,32766334;0,036951651;0,072817754;0,100688788;0,32049041;0,114840127;0,147945156;0,182920067;0,279045347;0,281701674;0,281701674;0,281701674;0,272197754;0,14248073;x;-0,045895816;0,325509382;0,247464051;0,102501281;x;0,335893835;0,273260212;0,167649756;0,10020579;-0,12679678;0,365689369;0,379752982;0,382973854;-0,149373997;0,375125219;0,393591853;0,399495479;0,107063757;0,371081045;0,3917366;0,390663919;0,066281501;0,174885508;0,053366144;0,106828624;x;0,17044175;x;x;0,110427746;0,190875059;0,229170858;0,276063488;x;x;0,247178732;0,495148785;0,579415996;0,478538755
IC110.5;0,372081602;0,375652767;0,37018046;0,399194673;0,399266508;0,249395666;x;0,455238421;1;0,469298038;x;0,30590472;0,238220035;0,220794427;0,096295043;0,242908163;0,258522338;0,263235408;0,261133643;0,170835131;0,237155932;0,246158894;0,257282614;0,213181365;0,236704686;0,252013066;0,255002627;0,103666943;0,111830319;0,129833877;0,205377039;x;0,052801913;0,072563366;0,192491024;0,095437414;0,092361093;0,100811786;0,186137882;0,186743936;0,186743936;0,186743936;0,175870064;0,110899924;x;x;0,220476428;0,183363741;0,096493046;x;0,211445177;0,189106663;0,111616036;0,056756324;-0,047452452;0,226732488;0,239071918;0,238457195;-0,057738798;0,236988743;0,253819746;0,255687846;0,084476208;0,238396499;0,244821382;0,250466187;0,041683172;0,095066534;x;0,042541248;x;0,094878026;x;x;0,06532715;0,137781442;0,132325193;0,173172855;x;x;0,21939289;0,349854948;0,427026612;0,362451559
IC110.75;0,283674637;0,286859022;0,2816646;0,308828045;0,30631637;0,298566955;x;0,336562873;0,469298038;1;x;0,246553858;0,189109373;0,184303529;0,089365027;0,182095158;0,194567564;0,195928543;0,192750202;0,141417691;0,171890016;0,181836158;0,189006725;0,155654989;0,183454324;0,187979253;0,189644414;0,091991099;0,099442686;0,108947378;0,164106193;x;0,053969457;0,055582428;0,139220621;0,098462239;0,07148179;0,097579077;0,156460004;0,133237459;0,133237459;0,133237459;0,133719688;0,085555046;x;-0,037629961;0,157193643;0,135972279;0,061610645;x;0,158003487;0,137318784;0,081774889;0,036640068;x;0,170684355;0,168558882;0,158942007;-0,034637432;0,18174957;0,184422514;0,179183579;0,06398208;0,179562364;0,185446744;0,186168677;0,040968991;0,091061375;x;x;x;0,093450572;x;x;0,054210925;0,091172529;0,098532045;0,138575262;x;x;0,196677306;0,273538534;0,33587247;0,285233466
IC111;x;x;x;x;x;x;0,059306804;x;x;x;1;x;x;x;x;x;x;x;x;x;x;x;x;x;x;x;x;x;x;x;x;x;0,040385061;x;x;x;x;x;x;0,032403976;0,032403976;0,032403976;x;x;x;x;x;x;x;x;x;-0,036813111;x;x;x;x;x;x;x;x;x;x;x;x;x;x;x;x;x;x;x;x;x;x;x;x;x;x;x;x;x;x;x;x
IC120.25;0,544601372;0,557302985;0,564584548;0,591253996;0,306486496;0,193380175;x;0,470557709;0,30590472;0,246553858;x;1;0,515884165;0,445793841;0,168506988;0,432761788;0,464084704;0,470797964;0,472735347;0,296867175;0,390715548;0,411001833;0,430048688;0,401352891;0,450847571;0,461707268;0,466580994;0,182984198;0,208108551;0,225702562;0,392107723;x;0,075044866;0,097699807;0,309581782;0,172972645;0,186232005;0,229307927;0,325828302;0,282070362;0,282070362;0,282070362;0,304444273;0,172072312;0,036436021;x;0,338766447;0,25675482;0,116401007;x;0,372252185;0,338624393;0,228684295;0,167957203;-0,133220033;0,371378325;0,386049759;0,39837328;-0,153179283;0,378470021;0,396765871;0,408026339;0,179376775;0,42613909;0,443706615;0,445917921;0,096018948;0,198337723;0,055977427;0,088848965;0,042037857;0,186369129;x;x;0,173675067;0,241337397;0,269573264;0,33559912;0,041927413;x;0,277653113;0,541645349;0,564897783;0,489385923
IC120.5;0,393775878;0,417774176;0,425371382;0,46274602;0,389476451;0,241139861;x;0,359143433;0,238220035;0,189109373;x;0,515884165;1;0,557048174;0,218390412;0,369139352;0,390567454;0,40001508;0,39551662;0,205211163;0,26410801;0,282567901;0,295522231;0,370475445;0,396260375;0,403761256;0,412260608;0,201548463;0,226591883;0,259241087;0,355965657;x;0,034024315;0,06085565;0,183340993;0,192471118;0,241760559;0,255155248;0,322862952;0,229269773;0,229269773;0,229269773;0,241729969;0,160450247;0,045129818;x;0,253382618;0,207004811;0,098037666;x;0,316886989;0,305354417;0,255592853;0,209323022;-0,087149989;0,262340472;0,279583127;0,283075862;-0,10104854;0,266154778;0,285987102;0,289016112;0,220036833;0,374526489;0,39256235;0,399578076;0,057031136;0,133470669;x;x;x;0,121522284;x;-0,128161693;0,217875145;0,271897618;0,290875591;0,332120292;0,131016233;x;0,310149747;0,483772896;0,449977583;0,422397933
IC120.75;0,371680324;0,374598628;0,38497566;0,390674405;0,323357412;0,279693838;0,033050099;0,323221701;0,220794427;0,184303529;x;0,445793841;0,557048174;1;0,243583686;0,346368845;0,370202507;0,373913458;0,368732626;0,175958689;0,228099876;0,239658885;0,253026039;0,366213077;0,384945502;0,390949168;0,395512011;0,235448281;0,241772897;0,268204726;0,361444324;x;x;0,03260821;0,153625782;0,232200284;0,26346693;0,256000422;0,327109189;0,210842664;0,210842664;0,210842664;0,239838011;0,161807925;0,051324291;x;0,2287541;0,185297512;0,092702896;x;0,294896606;0,304334767;0,285926317;0,258823182;-0,069233157;0,239973817;0,250034801;0,244520327;-0,082384513;0,241967919;0,255163317;0,251278842;0,248637197;0,366533744;0,379413215;0,38896329;0,05506943;0,091865838;x;-0,071818178;x;0,079556863;x;-0,176893528;0,251800358;0,29179898;0,291734031;0,318748451;0,183708736;x;0,318588864;0,470405633;0,405263581;0,399417909
IC121;0,131798892;0,13261987;0,110150519;0,141544714;0,154123277;0,126673164;x;0,114445156;0,096295043;0,089365027;x;0,168506988;0,218390412;0,243583686;1;0,218026588;0,237723863;0,234495965;0,223245121;0,038322637;0,038071857;0,051432411;0,054937853;0,273449545;0,273848045;0,278638561;0,279839025;0,304813432;0,31150784;0,305284634;0,275808093;x;x;x;x;0,323631114;0,308264922;0,306830131;0,284369352;0,105396926;0,105396926;0,105396926;0,114683405;0,105149782;0,054629922;x;0,07027293;0,05121736;x;x;0,180700337;0,220528911;0,280291327;0,308896526;x;0,079576382;0,083380268;0,065723834;x;0,075307305;0,077895622;0,058759568;0,307103611;0,286401059;0,28345808;0,281945871;x;x;-0,058226793;-0,213087886;x;x;-0,093299375;-0,330010842;0,262712725;0,280262514;0,280204223;0,281140902;0,351746534;-0,072094203;0,25723199;0,285029207;0,145537135;0,184710707
IC400.25;0,461452732;0,461617742;0,468477756;0,36674897;0,184269973;0,147241351;x;0,389602608;0,242908163;0,182095158;x;0,432761788;0,369139352;0,346368845;0,218026588;1;0,915031827;0,917509949;0,916316717;0,572656102;0,716911995;0,746931542;0,775051297;0,819704016;0,880148267;0,893145455;0,901499742;0,351826129;0,4446522;0,494142171;0,789957527;x;0,120433127;0,154863939;0,557979861;0,343259323;0,398858734;0,435753407;0,691813239;0,262457607;0,262457607;0,262457607;0,322570477;0,209256123;0,068292926;x;0,334620905;0,269858969;0,122705717;0,043699832;0,415660366;0,397159953;0,344229084;0,311006528;-0,291889559;0,635888802;0,684115834;0,710135726;-0,318506545;0,642577138;0,693032277;0,719939757;0,219332415;0,791338039;0,856463524;0,866289371;0,102973247;0,293874974;0,141272805;0,103047407;x;0,281199701;0,09974614;x;0,321273552;0,425475794;0,467647441;0,652180053;x;0,108191425;0,316922389;0,620844413;0,487464237;0,486464615
IC400.5;0,495424698;0,501752694;0,50047412;0,390436289;0,203451878;0,158022705;x;0,417034775;0,258522338;0,194567564;x;0,464084704;0,390567454;0,370202507;0,237723863;0,915031827;1;0,982133591;0,982070116;0,605311574;0,77006968;0,803514454;0,843868483;0,860618917;0,940740788;0,95599065;0,966964651;0,35678341;0,452967323;0,503026818;0,826822787;0,034354903;0,119198741;0,148167333;0,606761681;0,34810908;0,407013806;0,452521359;0,722076116;0,290600327;0,290600327;0,290600327;0,341398572;0,226488216;0,088189856;x;0,360187434;0,286894945;0,133830617;0,050038657;0,450782368;0,426055966;0,368910246;0,323546532;-0,290169092;0,69983565;0,750783658;0,776737816;-0,327526039;0,705420387;0,758120374;0,78490131;0,254358021;0,853444299;0,917130863;0,930382466;0,113673154;0,282124632;0,167041524;0,12678738;x;0,262569991;0,111959506;x;0,333684493;0,429664981;0,485604161;0,676536644;x;0,064017716;0,331910204;0,648353105;0,510176705;0,51375953
IC400.75;0,509425984;0,512535525;0,512189661;0,397308498;0,204850828;0,154998123;x;0,426063609;0,263235408;0,195928543;x;0,470797964;0,40001508;0,373913458;0,234495965;0,917509949;0,982133591;1;0,989850484;0,60821365;0,775950253;0,810156576;0,849860258;0,862864416;0,942782142;0,962188024;0,973873599;0,356384085;0,446288324;0,50768518;0,829686731;0,03437231;0,119595722;0,151452345;0,611569142;0,347212802;0,401402685;0,453905995;0,726212663;0,302280331;0,302280331;0,302280331;0,342587737;0,220785806;0,082514808;x;0,365037387;0,286621636;0,13164394;0,043250463;0,45365916;0,426435059;0,365520255;0,320793236;-0,294701955;0,70204263;0,755250667;0,781945859;-0,33034138;0,707119253;0,761881092;0,789141393;0,250985232;0,855687391;0,925187575;0,937603682;0,114829901;0,28876255;0,160297294;0,134002518;x;0,267824732;0,101191429;x;0,324858305;0,427498331;0,494478759;0,682017559;x;0,05269681;0,330762868;0,656375848;0,521901252;0,52453239
IC401;0,507080044;0,511088745;0,51092353;0,394104136;0,202164867;0,156676488;x;0,422422043;0,261133643;0,192750202;x;0,472735347;0,39551662;0,368732626;0,223245121;0,916316717;0,982070116;0,989850484;1;0,610164599;0,781924659;0,813887663;0,856700587;0,865130911;0,945590881;0,964720392;0,978591074;0,339559252;0,428542997;0,487099444;0,827303852;x;0,116274152;0,144974288;0,616745058;0,33746925;0,389961987;0,438357674;0,722620259;0,302762139;0,302762139;0,302762139;0,346201895;0,224137571;0,088625934;x;0,371994893;0,293640669;0,136072251;0,047974928;0,454383925;0,427494066;0,364107421;0,315894878;-0,298994726;0,711455828;0,766752983;0,793437562;-0,338644919;0,712866444;0,767889408;0,793525088;0,237549727;0,859628833;0,928248019;0,942270885;0,118094708;0,290327739;0,175175017;0,157311578;x;0,265567878;0,10932704;x;0,316048816;0,415308591;0,479112471;0,672708837;x;0,047810536;0,323777286;0,651522162;0,517224756;0,522090897
IC410.25;0,340927317;0,341400903;0,348662793;0,24570854;0,087997925;0,087441178;x;0,286920893;0,170835131;0,141417691;x;0,296867175;0,205211163;0,175958689;0,038322637;0,572656102;0,605311574;0,60821365;0,610164599;1;0,672301536;0,690124151;0,7034895;0,476430414;0,52352537;0,534367473;0,538604715;0,121543987;0,211450546;0,2294021;0,484933237;x;0,141754719;0,181828947;0,608545782;0,12363565;0,143669116;0,168531292;0,389150219;0,166391247;0,166391247;0,166391247;0,18757565;0,122682418;0,06805543;0,035755802;0,239755339;0,199175959;0,097149371;0,058769929;0,218867508;0,196218442;0,12703914;0,084259853;-0,320906336;0,561951602;0,609936345;0,637568902;-0,32110113;0,574688256;0,62768855;0,658445694;x;0,448625151;0,49806432;0,504920106;0,044710229;0,298797892;0,172818014;0,29049766;x;0,300746378;0,167084134;0,288993668;0,088639476;0,166636928;0,213722961;0,351021345;-0,157945132;0,229660781;0,157629627;0,325925329;0,379138269;0,307928528
IC410.5;0,45293577;0,46397077;0,455795433;0,320614208;0,119032946;0,100193653;x;0,378322373;0,237155932;0,171890016;x;0,390715548;0,26410801;0,228099876;0,038071857;0,716911995;0,77006968;0,775950253;0,781924659;0,672301536;1;0,883964638;0,917211423;0,59547762;0,674531801;0,692279435;0,702912986;0,123518729;0,213941892;0,253492717;0,589856565;0,045356384;0,147676222;0,182167934;0,753628104;0,10985511;0,150812355;0,193775883;0,462727891;0,249216155;0,249216155;0,249216155;0,261768601;0,165605043;0,079120319;0,033212431;0,335301928;0,267261101;0,153591891;0,071968109;0,298382273;0,242910234;0,153492295;0,089684466;-0,345589256;0,75971093;0,814128493;0,839265541;-0,369217764;0,772193975;0,8313886;0,859612149;0,042309317;0,600770431;0,655487932;0,665017075;0,092016223;0,311844196;0,218347535;0,359657437;x;0,301971381;0,183366279;0,303685648;0,113710468;0,169362954;0,227159297;0,410360263;-0,212169068;0,207451909;0,202319739;0,408411872;0,48033245;0,390009306
IC410.75;0,475622091;0,487815609;0,474515972;0,336451991;0,13577615;0,097248283;x;0,399620192;0,246158894;0,181836158;x;0,411001833;0,282567901;0,239658885;0,051432411;0,746931542;0,803514454;0,810156576;0,813887663;0,690124151;0,883964638;1;0,945232615;0,615605438;0,704728662;0,726072699;0,736262812;0,139507763;0,217505611;0,264586263;0,611101087;0,035799718;0,14098008;0,193900252;0,774216068;0,118442233;0,158501057;0,209328812;0,483682574;0,27189274;0,27189274;0,27189274;0,276841044;0,164634243;0,0822954;0,040079674;0,351130436;0,272837225;0,149281766;0,078007947;0,321862406;0,262683109;0,168942577;0,107130769;-0,363089636;0,782354251;0,838543977;0,86596376;-0,387471245;0,794960837;0,855822533;0,886563269;0,058397344;0,631673567;0,691434189;0,700135309;0,089023827;0,313204417;0,203937084;0,358569004;x;0,303713255;0,167980476;0,294828521;0,11889843;0,176734541;0,249361914;0,439541789;-0,218398775;0,200406087;0,19541804;0,434240804;0,501662057;0,415061013
IC411;0,501302629;0,510824399;0,504006831;0,355850182;0,139031127;0,105992701;x;0,42058409;0,257282614;0,189006725;x;0,430048688;0,295522231;0,253026039;0,054937853;0,775051297;0,843868483;0,849860258;0,856700587;0,7034895;0,917211423;0,945232615;1;0,649180613;0,743853278;0,764139164;0,778793512;0,140346639;0,223182368;0,274443096;0,640167318;0,037426262;0,141997782;0,176686497;0,804237885;0,124204453;0,167145397;0,213823181;0,502717015;0,296292256;0,296292256;0,296292256;0,299116341;0,178110753;0,088938667;0,040869319;0,374334581;0,297382763;0,166223009;0,080355519;0,347554882;0,279787083;0,176390398;0,108628854;-0,357519936;0,82764962;0,886082877;0,910940826;-0,389533698;0,840186752;0,903269047;0,931352935;0,081033388;0,671390329;0,730644947;0,741117831;0,091648645;0,304415271;0,223993903;0,368255581;x;0,291905785;0,182488583;0,290807159;0,123997353;0,172810938;0,257764632;0,454067638;-0,20705618;0,148731616;0,196891856;0,449485682;0,513051679;0,428160116
IC420.25;0,412410725;0,404423133;0,414096231;0,337076495;0,178752757;0,146342452;x;0,343040737;0,213181365;0,155654989;x;0,401352891;0,370475445;0,366213077;0,273449545;0,819704016;0,860618917;0,862864416;0,865130911;0,476430414;0,59547762;0,615605438;0,649180613;1;0,858113602;0,869314981;0,876971104;0,391295381;0,455316073;0,51325383;0,766717838;x;0,088668635;0,100531598;0,434145755;0,389452186;0,433549893;0,465719402;0,698414377;0,234095177;0,234095177;0,234095177;0,298193424;0,199577423;0,067494613;x;0,300879564;0,223680276;0,110183366;x;0,398256468;0,407564888;0,386482916;0,351966035;-0,25590602;0,545253042;0,590104338;0,608526288;-0,280675292;0,543438185;0,585797267;0,60279169;0,272149515;0,785365957;0,83858908;0,849324221;0,09308316;0,221011732;0,12551621;x;x;0,199612096;0,074063106;-0,141873997;0,369044395;0,455577079;0,483534613;0,638919143;0,076529007;0,058467934;0,336140625;0,621053583;0,431428885;0,457727945
IC420.5;0,471372683;0,470354468;0,472478983;0,375042113;0,203538146;0,165562814;x;0,38769441;0,236704686;0,183454324;x;0,450847571;0,396260375;0,384945502;0,273848045;0,880148267;0,940740788;0,942782142;0,945590881;0,52352537;0,674531801;0,704728662;0,743853278;0,858113602;1;0,949327268;0,959823515;0,37237315;0,458738755;0,502823438;0,809803975;x;0,096827784;0,113105015;0,502207831;0,378850307;0,432733339;0,471015526;0,727891987;0,277034304;0,277034304;0,277034304;0,332811115;0,219264773;0,081349112;x;0,335382179;0,26096684;0,114657998;x;0,445466329;0,437258224;0,38921106;0,350947532;-0,250930514;0,641016273;0,678794433;0,695453718;-0,290219577;0,64105056;0,677811575;0,693282783;0,314387506;0,86845316;0,917221011;0,929257229;0,115518588;0,2299236;0,135003753;0,040595734;x;0,205661969;0,072389154;-0,135087334;0,379499163;0,438487856;0,479417097;0,671376945;0,048719907;x;0,342735981;0,652127178;0,472869449;0,493081555
IC420.75;0,492260377;0,494118703;0,494206457;0,391296996;0,207685117;0,169371354;x;0,403660796;0,252013066;0,187979253;x;0,461707268;0,403761256;0,390949168;0,278638561;0,893145455;0,95599065;0,962188024;0,964720392;0,534367473;0,692279435;0,726072699;0,764139164;0,869314981;0,949327268;1;0,975240931;0,374974263;0,456122842;0,511394542;0,823075031;x;0,090822927;0,119174174;0,519654337;0,383290702;0,426125895;0,476870029;0,731329913;0,30031155;0,30031155;0,30031155;0,341220532;0,216603266;0,072212312;x;0,353021332;0,272811478;0,112380789;x;0,46393769;0,44347072;0,392119232;0,353175979;-0,261274116;0,648440702;0,693017938;0,714408427;-0,304160372;0,648331935;0,692585145;0,712068504;0,31651859;0,878898207;0,936181496;0,947490158;0,119274955;0,238531835;0,120682827;0,056351039;x;0,213160846;0,055449903;-0,126383783;0,366198646;0,443568491;0,499157528;0,685493963;0,060137937;x;0,343322149;0,67425122;0,494296387;0,517621898
IC421;0,497820789;0,499739688;0,498478246;0,38991922;0,217269291;0,171613315;x;0,407360077;0,255002627;0,189644414;x;0,466580994;0,412260608;0,395512011;0,279839025;0,901499742;0,966964651;0,973873599;0,978591074;0,538604715;0,702912986;0,736262812;0,778793512;0,876971104;0,959823515;0,975240931;1;0,36903085;0,454802695;0,507430246;0,832778004;x;0,094880114;0,11455935;0,528927088;0,379104133;0,428565926;0,47020311;0,740450402;0,309635896;0,309635896;0,309635896;0,344885029;0,225591118;0,077944411;x;0,356541085;0,278275011;0,115151821;x;0,470323442;0,451735504;0,401699374;0,359553756;-0,257758145;0,666217608;0,709449675;0,728099705;-0,302156211;0,665920804;0,708475022;0,725720813;0,323859051;0,892438956;0,949608799;0,962006773;0,122893592;0,238173333;0,127558285;0,058602761;x;0,211046027;0,05812209;-0,130915456;0,368532302;0,441215964;0,499346238;0,688134419;0,071610989;x;0,349276233;0,67663415;0,496729759;0,517812649
IC600.25;0,157287413;0,159809973;0,161616933;0,174308316;0,130415283;0,115459394;x;0,155280438;0,103666943;0,091991099;x;0,182984198;0,201548463;0,235448281;0,304813432;0,351826129;0,35678341;0,356384085;0,339559252;0,121543987;0,123518729;0,139507763;0,140346639;0,391295381;0,37237315;0,374974263;0,36903085;1;0,417638218;0,400429292;0,387273229;0,038731901;0,04661781;0,048845405;0,038618259;0,367884818;0,396279213;0,387717358;0,379120634;0,075443785;0,075443785;0,075443785;0,147228251;0,119848669;0,05060949;x;0,115550369;0,096453592;0,043886636;x;0,196188811;0,236899374;0,299614655;0,333146905;x;0,100642186;0,096693255;0,107143259;x;0,10873462;0,108602443;0,12087738;0,273833643;0,350007228;0,349929613;0,349231511;0,036319922;0,065839627;x;-0,213020783;x;0,065792197;x;-0,285411419;0,315959196;0,391943167;0,388119449;0,385105551;0,341463973;x;0,282454272;0,371387871;0,18248286;0,254323202
IC600.5;0,185292507;0,178143252;0,182423282;0,180889086;0,150126155;0,114949517;x;0,160038864;0,111830319;0,099442686;x;0,208108551;0,226591883;0,241772897;0,31150784;0,4446522;0,452967323;0,446288324;0,428542997;0,211450546;0,213941892;0,217505611;0,223182368;0,455316073;0,458738755;0,456122842;0,454802695;0,417638218;1;0,476536684;0,454865194;0,03415617;0,086241198;0,071476998;0,101799495;0,375977801;0,446653379;0,441621459;0,432855275;0,072934289;0,072934289;0,072934289;0,172149698;0,150410093;0,066372175;x;0,104583501;0,118301187;0,074692225;0,034582866;0,251283939;0,285233958;0,329026711;0,348655807;-0,068513807;0,153492354;0,16937767;0,184178412;-0,072158713;0,161822179;0,181265011;0,197850174;0,264540085;0,397809098;0,417336304;0,427600278;0,071389048;0,101606071;0,051193171;-0,173545115;0,032787294;0,099055761;0,043020675;-0,241875314;0,340518479;0,418035396;0,38370648;0,421725309;0,313811929;0,044982035;0,317746703;0,411881394;0,219662061;0,275490315
IC600.75;0,209908397;0,217649107;0,234421512;0,207787801;0,146316575;0,124493491;x;0,20718412;0,129833877;0,108947378;x;0,225702562;0,259241087;0,268204726;0,305284634;0,494142171;0,503026818;0,50768518;0,487099444;0,2294021;0,253492717;0,264586263;0,274443096;0,51325383;0,502823438;0,511394542;0,507430246;0,400429292;0,476536684;1;0,503192298;0,062337551;0,072443005;0,092479304;0,167119553;0,377620322;0,428146674;0,455947019;0,494162966;0,110062966;0,110062966;0,110062966;0,172744764;0,1306717;0,03616863;x;0,151115114;0,11406798;0,041826863;x;0,259782293;0,277903354;0,311668589;0,315934595;-0,119095481;0,178503513;0,205883444;0,224582792;-0,120259577;0,186492598;0,217356491;0,237732608;0,250552136;0,425250805;0,472741056;0,480760963;0,072499234;0,156820024;x;-0,131387687;0,038660641;0,153940994;x;-0,2084653;0,331446456;0,413725712;0,446920666;0,478977644;0,277455856;0,047779402;0,30212828;0,423761129;0,24238704;0,300835103
IC601;0,399575491;0,400840987;0,400776828;0,323013353;0,200798438;0,152062962;x;0,32766334;0,205377039;0,164106193;x;0,392107723;0,355965657;0,361444324;0,275808093;0,789957527;0,826822787;0,829686731;0,827303852;0,484933237;0,589856565;0,611101087;0,640167318;0,766717838;0,809803975;0,823075031;0,832778004;0,387273229;0,454865194;0,503192298;1;x;0,101335352;0,125873681;0,497285499;0,378904336;0,419568872;0,447326632;0,711863967;0,196033189;0,196033189;0,196033189;0,304291319;0,209284317;0,075986443;x;0,29531899;0,243245741;0,110931228;0,036688628;0,383842951;0,393089;0,37219628;0,350807734;-0,244164318;0,515033918;0,573492963;0,58890888;-0,274843928;0,522902419;0,584126955;0,601093585;0,274372783;0,735824008;0,797304303;0,808334517;0,115520515;0,17300311;0,089837928;x;x;0,163779992;0,057012525;-0,114820587;0,353762422;0,414932134;0,543978347;0,705529616;0,108792318;0,104442021;0,360259018;0,60578811;0,437166293;0,466777269
IC610.25;x;0,03348631;x;x;x;x;x;0,036951651;x;x;x;x;x;x;x;x;0,034354903;0,03437231;x;x;0,045356384;0,035799718;0,037426262;x;x;x;x;0,038731901;0,03415617;0,062337551;x;1;0,042519461;0,059606618;0,061571862;x;x;x;0,034352455;x;x;x;x;x;x;x;x;x;x;x;x;x;x;x;x;x;x;x;x;x;x;x;x;x;x;x;x;0,070365375;x;0,037135729;x;0,087728166;0,037718776;0,075248943;x;0,045571947;0,035181342;x;x;x;x;x;x;x
IC610.5;0,075182778;0,07739631;0,076177528;0,065169804;x;x;x;0,072817754;0,052801913;0,053969457;0,040385061;0,075044866;0,034024315;x;x;0,120433127;0,119198741;0,119595722;0,116274152;0,141754719;0,147676222;0,14098008;0,141997782;0,088668635;0,096827784;0,090822927;0,094880114;0,04661781;0,086241198;0,072443005;0,101335352;0,042519461;1;0,066187221;0,159415198;0,040731787;0,046013266;x;0,084434476;x;x;x;0,059266736;x;x;x;0,091793751;0,06990115;0,047950298;0,041216947;0,037173641;x;x;x;-0,058019973;0,072180585;0,070860877;0,094563497;-0,043123612;0,085432174;0,088602549;0,115125338;-0,040776404;0,043719177;0,061804894;0,067585344;x;0,148561484;0,068250952;0,1229862;x;0,161428082;0,075855203;0,143645466;x;0,048905161;0,063619663;0,0645226;-0,038564385;0,087145697;0,056575132;0,067562038;0,111225705;0,075255769
IC610.75;0,125220151;0,110493826;0,129816907;0,094963191;x;x;x;0,100688788;0,072563366;0,055582428;x;0,097699807;0,06085565;0,03260821;x;0,154863939;0,148167333;0,151452345;0,144974288;0,181828947;0,182167934;0,193900252;0,176686497;0,100531598;0,113105015;0,119174174;0,11455935;0,048845405;0,071476998;0,092479304;0,125873681;0,059606618;0,066187221;1;0,196897134;x;x;0,076673051;0,098509835;x;x;x;0,04802224;0,037510019;x;x;0,052294;0,078894793;0,052455667;0,032246067;0,047224272;0,03878301;0,04421172;x;-0,058427286;0,079879081;0,09852152;0,130008861;-0,050822641;0,092781163;0,116797145;0,15098905;-0,056388092;0,06379552;0,082675284;0,090447285;0,031903259;0,164099872;0,053915982;0,155251174;0,034686848;0,178366054;0,071234248;0,189595503;x;0,077890934;0,074838586;0,089317192;x;0,086640855;0,070322615;0,079745596;0,13417247;0,104971925
IC611;0,377680465;0,382593364;0,386743429;0,25608232;0,071511406;0,05720274;x;0,32049041;0,192491024;0,139220621;x;0,309581782;0,183340993;0,153625782;x;0,557979861;0,606761681;0,611569142;0,616745058;0,608545782;0,753628104;0,774216068;0,804237885;0,434145755;0,502207831;0,519654337;0,528927088;0,038618259;0,101799495;0,167119553;0,497285499;0,061571862;0,159415198;0,196897134;1;x;0,047704316;0,092266495;0,364883715;0,207614136;0,207614136;0,207614136;0,217800565;0,127772514;0,074001349;0,045410461;0,277521175;0,225497381;0,139260836;0,079821095;0,239096872;0,173375176;0,064325983;x;-0,36188981;0,655469116;0,721818518;0,754102901;-0,373670833;0,668784074;0,739994403;0,775937773;-0,048777193;0,423371446;0,488299968;0,493872746;0,058389936;0,281819279;0,21053512;0,41482813;x;0,280386906;0,196216577;0,415223242;x;0,084342973;0,240886177;0,349173763;-0,245285275;0,231620416;0,11661935;0,293181053;0,399697245;0,314125357
IC620.25;0,161896531;0,149496399;0,15429351;0,153913877;0,140484434;0,098163251;x;0,114840127;0,095437414;0,098462239;x;0,172972645;0,192471118;0,232200284;0,323631114;0,343259323;0,34810908;0,347212802;0,33746925;0,12363565;0,10985511;0,118442233;0,124204453;0,389452186;0,378850307;0,383290702;0,379104133;0,367884818;0,375977801;0,377620322;0,378904336;x;0,040731787;x;x;1;0,371568846;0,373467152;0,357886468;0,075174973;0,075174973;0,075174973;0,152672317;0,11665488;0,041321851;x;0,110493871;0,073936572;x;x;0,216509157;0,263019247;0,311445246;0,336426488;-0,060351956;0,088073443;0,103008555;0,10713587;-0,068105008;0,086697122;0,10156534;0,103794942;0,314846554;0,351770549;0,363529022;0,366034551;0,050421371;x;x;-0,224835717;x;x;-0,044817907;-0,319797786;0,331753995;0,371526987;0,347144931;0,3744816;0,333886932;x;0,270011419;0,374409126;0,185379956;0,232619167
IC620.5;0,145881655;0,147039618;0,161259727;0,173527915;0,134207374;0,124578531;x;0,147945156;0,092361093;0,07148179;x;0,186232005;0,241760559;0,26346693;0,308264922;0,398858734;0,407013806;0,401402685;0,389961987;0,143669116;0,150812355;0,158501057;0,167145397;0,433549893;0,432733339;0,426125895;0,428565926;0,396279213;0,446653379;0,428146674;0,419568872;x;0,046013266;x;0,047704316;0,371568846;1;0,409648623;0,416689187;0,06989556;0,06989556;0,06989556;0,15642235;0,141615487;0,06049521;x;0,123770368;0,105874681;x;x;0,219136739;0,273465811;0,326131418;0,35682226;-0,059579385;0,128576675;0,146324342;0,149653113;-0,075367438;0,123816329;0,140414605;0,140796309;0,30780072;0,378509759;0,391789265;0,400116894;0,069219878;0,049042059;0,062740715;-0,187923247;x;0,04013157;0,044813845;-0,281382217;0,383095041;0,412936917;0,357199539;0,404748863;0,324508264;x;0,301621103;0,378715047;0,180995038;0,255303039
IC620.75;0,196301942;0,196897552;0,193419668;0,206516529;0,142977231;0,104115086;x;0,182920067;0,100811786;0,097579077;x;0,229307927;0,255155248;0,256000422;0,306830131;0,435753407;0,452521359;0,453905995;0,438357674;0,168531292;0,193775883;0,209328812;0,213823181;0,465719402;0,471015526;0,476870029;0,47020311;0,387717358;0,441621459;0,455947019;0,447326632;x;x;0,076673051;0,092266495;0,373467152;0,409648623;1;0,430464998;0,088113489;0,088113489;0,088113489;0,186574545;0,130676543;0,059061955;x;0,132649268;0,097436077;x;x;0,246983501;0,281019296;0,325467558;0,343669012;-0,067039284;0,149716326;0,173334409;0,185203686;-0,085777791;0,148562227;0,170687148;0,183954207;0,262578518;0,390043091;0,429878645;0,439784762;0,080288967;0,096568184;0,047396864;-0,151408488;0,039796768;0,08943688;x;-0,25595743;0,336877473;0,394164878;0,401701819;0,440940837;0,312073971;x;0,298735777;0,418552326;0,22934233;0,274020614
IC621;0,354134149;0,332947914;0,335687128;0,281825913;0,168378212;0,14099516;x;0,279045347;0,186137882;0,156460004;x;0,325828302;0,322862952;0,327109189;0,284369352;0,691813239;0,722076116;0,726212663;0,722620259;0,389150219;0,462727891;0,483682574;0,502717015;0,698414377;0,727891987;0,731329913;0,740450402;0,379120634;0,432855275;0,494162966;0,711863967;0,034352455;0,084434476;0,098509835;0,364883715;0,357886468;0,416689187;0,430464998;1;0,158836982;0,158836982;0,158836982;0,262576877;0,192470617;0,077337102;x;0,234701852;0,192405399;0,087401134;x;0,329343185;0,363453311;0,361759692;0,345381444;-0,196108761;0,410102435;0,455363476;0,473125824;-0,21956334;0,408272373;0,453382943;0,470619714;0,232708742;0,647313961;0,700987722;0,712663829;0,083209715;0,167527158;0,086052896;-0,033509422;x;0,151365617;0,043665651;-0,158677122;0,34040119;0,441424628;0,518808974;0,650179304;0,154871533;0,051305733;0,331757897;0,55221179;0,362460556;0,399417928
LT000;0,336658522;0,361491611;0,337006773;0,244922933;0,120307708;0,089886634;x;0,281701674;0,186743936;0,133237459;0,032403976;0,282070362;0,229269773;0,210842664;0,105396926;0,262457607;0,290600327;0,302280331;0,302762139;0,166391247;0,249216155;0,27189274;0,296292256;0,234095177;0,277034304;0,30031155;0,309635896;0,075443785;0,072934289;0,110062966;0,196033189;x;x;x;0,207614136;0,075174973;0,06989556;0,088113489;0,158836982;1;1;1;0,24112714;0,084495436;x;x;0,33839817;0,183295785;0,070656567;x;0,374402543;0,249081455;0,122652309;0,090915729;x;0,275534653;0,286944464;0,292043669;-0,054930439;0,276322425;0,288742719;0,294040273;0,16614145;0,286890424;0,308639723;0,301191762;0,124748064;0,111385839;0,074215302;0,12652503;0,046878612;0,083031196;x;x;0,114052213;0,105034819;0,167584517;0,182495822;0,039298938;-0,168533963;0,09854496;0,30979999;0,308862929;0,336491983
LT010;0,336658522;0,361491611;0,337006773;0,244922933;0,120307708;0,089886634;x;0,281701674;0,186743936;0,133237459;0,032403976;0,282070362;0,229269773;0,210842664;0,105396926;0,262457607;0,290600327;0,302280331;0,302762139;0,166391247;0,249216155;0,27189274;0,296292256;0,234095177;0,277034304;0,30031155;0,309635896;0,075443785;0,072934289;0,110062966;0,196033189;x;x;x;0,207614136;0,075174973;0,06989556;0,088113489;0,158836982;1;1;1;0,24112714;0,084495436;x;x;0,33839817;0,183295785;0,070656567;x;0,374402543;0,249081455;0,122652309;0,090915729;x;0,275534653;0,286944464;0,292043669;-0,054930439;0,276322425;0,288742719;0,294040273;0,16614145;0,286890424;0,308639723;0,301191762;0,124748064;0,111385839;0,074215302;0,12652503;0,046878612;0,083031196;x;x;0,114052213;0,105034819;0,167584517;0,182495822;0,039298938;-0,168533963;0,09854496;0,30979999;0,308862929;0,336491983
LT020;0,336658522;0,361491611;0,337006773;0,244922933;0,120307708;0,089886634;x;0,281701674;0,186743936;0,133237459;0,032403976;0,282070362;0,229269773;0,210842664;0,105396926;0,262457607;0,290600327;0,302280331;0,302762139;0,166391247;0,249216155;0,27189274;0,296292256;0,234095177;0,277034304;0,30031155;0,309635896;0,075443785;0,072934289;0,110062966;0,196033189;x;x;x;0,207614136;0,075174973;0,06989556;0,088113489;0,158836982;1;1;1;0,24112714;0,084495436;x;x;0,33839817;0,183295785;0,070656567;x;0,374402543;0,249081455;0,122652309;0,090915729;x;0,275534653;0,286944464;0,292043669;-0,054930439;0,276322425;0,288742719;0,294040273;0,16614145;0,286890424;0,308639723;0,301191762;0,124748064;0,111385839;0,074215302;0,12652503;0,046878612;0,083031196;x;x;0,114052213;0,105034819;0,167584517;0,182495822;0,039298938;-0,168533963;0,09854496;0,30979999;0,308862929;0,336491983
LT100.25;0,314235096;0,316063928;0,296936819;0,250876909;0,146814629;0,085087114;x;0,272197754;0,175870064;0,133719688;x;0,304444273;0,241729969;0,239838011;0,114683405;0,322570477;0,341398572;0,342587737;0,346201895;0,18757565;0,261768601;0,276841044;0,299116341;0,298193424;0,332811115;0,341220532;0,344885029;0,147228251;0,172149698;0,172744764;0,304291319;x;0,059266736;0,04802224;0,217800565;0,152672317;0,15642235;0,186574545;0,262576877;0,24112714;0,24112714;0,24112714;1;0,525074804;0,205691621;0,106201966;0,684554362;0,528550281;0,285140163;0,154119452;0,609553428;0,493309966;0,35652653;0,254142596;x;0,268624485;0,271137548;0,270567791;-0,052940205;0,270121547;0,27565548;0,274495494;0,176845572;0,316165505;0,326171165;0,331665634;0,202771903;0,094025323;0,062538416;0,041693099;0,121101947;0,085183842;0,036182614;-0,050484232;0,200018686;0,150793729;0,197628387;0,25336376;0,055754809;x;0,219519132;0,385820855;0,368536682;0,350405025
LT100.5;0,158384881;0,151008305;0,156827918;0,136001594;0,091961654;0,066677267;x;0,14248073;0,110899924;0,085555046;x;0,172072312;0,160450247;0,161807925;0,105149782;0,209256123;0,226488216;0,220785806;0,224137571;0,122682418;0,165605043;0,164634243;0,178110753;0,199577423;0,219264773;0,216603266;0,225591118;0,119848669;0,150410093;0,1306717;0,209284317;x;x;0,037510019;0,127772514;0,11665488;0,141615487;0,130676543;0,192470617;0,084495436;0,084495436;0,084495436;0,525074804;1;0,50018555;0,349282337;0,335462522;0,602714642;0,494700082;0,391369719;0,28157909;0,482144086;0,480241977;0,415729247;x;0,172263708;0,163362244;0,153825281;x;0,163157638;0,158436408;0,15058566;0,118987791;0,207335118;0,202292294;0,210575733;0,095757165;0,075938208;0,080938275;x;0,055265273;0,058145678;0,058511192;x;0,143910238;0,125767972;0,121956173;0,159777685;0,055549024;0,039349032;0,205668713;0,21578402;0,185536339;0,212878293
LT100.75;x;x;x;x;x;x;x;x;x;x;x;0,036436021;0,045129818;0,051324291;0,054629922;0,068292926;0,088189856;0,082514808;0,088625934;0,06805543;0,079120319;0,0822954;0,088938667;0,067494613;0,081349112;0,072212312;0,077944411;0,05060949;0,066372175;0,03616863;0,075986443;x;x;x;0,074001349;0,041321851;0,06049521;0,059061955;0,077337102;x;x;x;0,205691621;0,50018555;1;0,802335072;0,105838274;0,230559168;0,62281447;0,706422447;0,087718255;0,170091685;0,455652678;0,553098397;x;0,077588536;0,08639915;0,082400497;x;0,070590819;0,075740897;0,074415102;0,041714386;0,059442779;0,05549574;0,06434464;x;x;0,062394718;0,057840605;x;x;0,044151183;x;0,067393594;0,047221311;x;0,053185569;x;0,087202144;0,037635538;x;x;0,045065213
LT101;-0,044690382;-0,051169769;-0,033008156;x;x;x;x;-0,045895816;x;-0,037629961;x;x;x;x;x;x;x;x;x;0,035755802;0,033212431;0,040079674;0,040869319;x;x;x;x;x;x;x;x;x;x;x;0,045410461;x;x;x;x;x;x;x;0,106201966;0,349282337;0,802335072;1;0,045571463;0,132988792;0,466187451;0,782564738;x;0,067847171;0,304491877;0,552185153;x;0,032762713;0,038119094;0,04135107;x;x;x;x;x;x;x;x;x;x;0,059778919;0,083581843;x;x;0,045730529;0,06561749;x;x;-0,032543292;x;x;0,088642568;-0,065815406;-0,065592955;-0,086043384;x
LT110.25;0,389672613;0,40474009;0,368221131;0,298866223;0,167631205;0,091099222;x;0,325509382;0,220476428;0,157193643;x;0,338766447;0,253382618;0,2287541;0,07027293;0,334620905;0,360187434;0,365037387;0,371994893;0,239755339;0,335301928;0,351130436;0,374334581;0,300879564;0,335382179;0,353021332;0,356541085;0,115550369;0,104583501;0,151115114;0,29531899;x;0,091793751;0,052294;0,277521175;0,110493871;0,123770368;0,132649268;0,234701852;0,33839817;0,33839817;0,33839817;0,684554362;0,335462522;0,105838274;0,045571463;1;0,606316044;0,250533443;0,090421229;0,338450098;0,266158261;0,181795705;0,131822741;-0,044918039;0,324959881;0,339973754;0,341429656;-0,059834533;0,331188341;0,34925761;0,351978055;0,130986249;0,328354647;0,343448792;0,34527946;0,17914287;0,129497048;0,081628298;0,101802077;0,143841434;0,121853687;0,053854027;x;0,11166531;0,118720722;0,159959604;0,222521678;x;x;0,147473134;0,378320932;0,423599954;0,382179528
LT110.5;0,288477988;0,290596794;0,277047813;0,222037055;0,112249894;0,078625909;x;0,247464051;0,183363741;0,135972279;x;0,25675482;0,207004811;0,185297512;0,05121736;0,269858969;0,286894945;0,286621636;0,293640669;0,199175959;0,267261101;0,272837225;0,297382763;0,223680276;0,26096684;0,272811478;0,278275011;0,096453592;0,118301187;0,11406798;0,243245741;x;0,06990115;0,078894793;0,225497381;0,073936572;0,105874681;0,097436077;0,192405399;0,183295785;0,183295785;0,183295785;0,528550281;0,602714642;0,230559168;0,132988792;0,606316044;1;0,465171732;0,222740894;0,243449972;0,247500804;0,214139743;0,168686334;-0,034313461;0,252169552;0,259914108;0,2559332;-0,043599623;0,261004893;0,272249643;0,270340523;0,084669183;0,245588344;0,256459267;0,261801579;0,110509481;0,092368285;0,09252714;0,088102932;0,084997969;0,094304515;0,087947382;0,053991454;0,070916807;0,077474505;0,104445726;0,178474165;x;x;0,165751476;0,305663091;0,343801447;0,302528756
LT110.75;0,11337597;0,111117183;0,11249319;0,078124747;0,048018979;0,032404395;x;0,102501281;0,096493046;0,061610645;x;0,116401007;0,098037666;0,092702896;x;0,122705717;0,133830617;0,13164394;0,136072251;0,097149371;0,153591891;0,149281766;0,166223009;0,110183366;0,114657998;0,112380789;0,115151821;0,043886636;0,074692225;0,041826863;0,110931228;x;0,047950298;0,052455667;0,139260836;x;x;x;0,087401134;0,070656567;0,070656567;0,070656567;0,285140163;0,494700082;0,62281447;0,466187451;0,250533443;0,465171732;1;0,638789245;0,092918312;0,156488705;0,262115186;0,304488376;x;0,133062489;0,134942381;0,131447726;x;0,144349702;0,150342476;0,149450804;x;0,088508093;0,090379191;0,098258834;0,046061122;0,037865389;0,086841061;0,095545079;0,050770473;0,041636269;0,091794867;0,095238097;x;x;x;0,070786392;-0,039749599;0,08842461;0,125911345;0,110861833;0,120059377;0,134241629
LT111;x;x;x;x;x;x;x;x;x;x;x;x;x;x;x;0,043699832;0,050038657;0,043250463;0,047974928;0,058769929;0,071968109;0,078007947;0,080355519;x;x;x;x;x;0,034582866;x;0,036688628;x;0,041216947;0,032246067;0,079821095;x;x;x;x;x;x;x;0,154119452;0,391369719;0,706422447;0,782564738;0,090421229;0,222740894;0,638789245;1;x;0,099234742;0,296533962;0,446483009;x;0,047197791;0,045429322;0,04341176;x;0,059488644;0,062233537;0,063334011;x;x;x;x;0,037101719;x;0,081577329;0,091243418;0,052776516;x;0,09115951;0,112440322;x;x;x;x;x;0,096271138;x;x;-0,046321932;x
LT120.25;0,403736508;0,394599923;0,382854642;0,312547805;0,171184908;0,117423295;x;0,335893835;0,211445177;0,158003487;x;0,372252185;0,316886989;0,294896606;0,180700337;0,415660366;0,450782368;0,45365916;0,454383925;0,218867508;0,298382273;0,321862406;0,347554882;0,398256468;0,445466329;0,46393769;0,470323442;0,196188811;0,251283939;0,259782293;0,383842951;x;0,037173641;0,047224272;0,239096872;0,216509157;0,219136739;0,246983501;0,329343185;0,374402543;0,374402543;0,374402543;0,609553428;0,28157909;0,087718255;x;0,338450098;0,243449972;0,092918312;x;1;0,656142015;0,384474226;0,254123643;-0,045993664;0,320124707;0,32501759;0,328168164;-0,09306918;0,31862847;0,325991012;0,327819112;0,281550358;0,43689563;0,458419708;0,454179899;0,205359877;0,117052893;0,044136246;x;0,071958492;0,096495248;x;-0,132823744;0,288644234;0,244106411;0,298660716;0,345375041;0,110242126;-0,076107205;0,201267711;0,513202101;0,410701605;0,435772598
LT120.5;0,339565352;0,324711068;0,3269194;0,285234996;0,164054227;0,117273308;x;0,273260212;0,189106663;0,137318784;-0,036813111;0,338624393;0,305354417;0,304334767;0,220528911;0,397159953;0,426055966;0,426435059;0,427494066;0,196218442;0,242910234;0,262683109;0,279787083;0,407564888;0,437258224;0,44347072;0,451735504;0,236899374;0,285233958;0,277903354;0,393089;x;x;0,03878301;0,173375176;0,263019247;0,273465811;0,281019296;0,363453311;0,249081455;0,249081455;0,249081455;0,493309966;0,482144086;0,170091685;0,067847171;0,266158261;0,247500804;0,156488705;0,099234742;0,656142015;1;0,589284111;0,386299216;-0,066011048;0,272245543;0,268757728;0,265223443;-0,09364463;0,261042054;0,261042606;0,258328095;0,289942804;0,427431697;0,43503809;0,437586502;0,137355496;0,122619898;0,054241653;-0,055237122;0,049357476;0,098483647;x;-0,182918748;0,301651085;0,301756536;0,315858913;0,351738889;0,166432678;-0,037596208;0,28768927;0,517143653;0,37864773;0,405571952
LT120.75;0,203193091;0,201690563;0,200179603;0,194944993;0,144447685;0,121443268;x;0,167649756;0,111616036;0,081774889;x;0,228684295;0,255592853;0,285926317;0,280291327;0,344229084;0,368910246;0,365520255;0,364107421;0,12703914;0,153492295;0,168942577;0,176390398;0,386482916;0,38921106;0,392119232;0,401699374;0,299614655;0,329026711;0,311668589;0,37219628;x;x;0,04421172;0,064325983;0,311445246;0,326131418;0,325467558;0,361759692;0,122652309;0,122652309;0,122652309;0,35652653;0,480241977;0,455652678;0,304491877;0,181795705;0,214139743;0,262115186;0,296533962;0,384474226;0,589284111;1;0,717585449;x;0,174474695;0,176131552;0,170728828;-0,049543321;0,164741014;0,162864249;0,158644574;0,318303887;0,372343405;0,378248414;0,386811605;0,086941989;0,048474763;x;-0,141496114;0,033010731;x;x;-0,268496259;0,3406016;0,334763662;0,310223429;0,344713613;0,26252952;x;0,325065421;0,393352439;0,22946862;0,297771202
LT121;0,115706427;0,114217997;0,126512844;0,15218545;0,129505367;0,115752852;x;0,10020579;0,056756324;0,036640068;x;0,167957203;0,209323022;0,258823182;0,308896526;0,311006528;0,323546532;0,320793236;0,315894878;0,084259853;0,089684466;0,107130769;0,108628854;0,351966035;0,350947532;0,353175979;0,359553756;0,333146905;0,348655807;0,315934595;0,350807734;x;x;x;x;0,336426488;0,35682226;0,343669012;0,345381444;0,090915729;0,090915729;0,090915729;0,254142596;0,415729247;0,553098397;0,552185153;0,131822741;0,168686334;0,304488376;0,446483009;0,254123643;0,386299216;0,717585449;1;x;0,107541616;0,107933046;0,111968851;-0,036400325;0,099339383;0,095415276;0,096037481;0,332553535;0,33630324;0,335954264;0,34570174;0,080720919;x;x;-0,183944181;0,043265178;x;-0,066620144;-0,321697955;0,358804386;0,353802383;0,325242156;0,340969463;0,334430989;x;0,283198178;0,304825613;0,11889729;0,205893102
LT400.25;-0,137202517;-0,141123113;-0,133501152;-0,097316213;x;x;0,056572219;-0,12679678;-0,047452452;x;x;-0,133220033;-0,087149989;-0,069233157;x;-0,291889559;-0,290169092;-0,294701955;-0,298994726;-0,320906336;-0,345589256;-0,363089636;-0,357519936;-0,25590602;-0,250930514;-0,261274116;-0,257758145;x;-0,068513807;-0,119095481;-0,244164318;x;-0,058019973;-0,058427286;-0,36188981;-0,060351956;-0,059579385;-0,067039284;-0,196108761;x;x;x;x;x;x;x;-0,044918039;-0,034313461;x;x;-0,045993664;-0,066011048;x;x;1;-0,291727942;-0,338682123;-0,362674587;0,927798149;-0,286300857;-0,328411684;-0,349759956;0,066235862;-0,219111844;-0,252933802;-0,252807929;0,120164805;-0,173247303;x;-0,135889086;0,109609358;-0,171874857;x;-0,132779407;x;-0,048372051;-0,13822179;-0,187480896;0,18183711;-0,281800582;-0,062822765;-0,161041775;-0,201510351;-0,125302702
LT400.5;0,443421473;0,452153584;0,432208936;0,301776151;0,118479479;0,11896863;x;0,365689369;0,226732488;0,170684355;x;0,371378325;0,262340472;0,239973817;0,079576382;0,635888802;0,69983565;0,70204263;0,711455828;0,561951602;0,75971093;0,782354251;0,82764962;0,545253042;0,641016273;0,648440702;0,666217608;0,100642186;0,153492354;0,178503513;0,515033918;x;0,072180585;0,079879081;0,655469116;0,088073443;0,128576675;0,149716326;0,410102435;0,275534653;0,275534653;0,275534653;0,268624485;0,172263708;0,077588536;0,032762713;0,324959881;0,252169552;0,133062489;0,047197791;0,320124707;0,272245543;0,174474695;0,107541616;-0,291727942;1;0,844949978;0,812863213;-0,321636386;0,987398985;0,837277156;0,811722002;0,143607926;0,664745394;0,656492955;0,654824602;x;0,259080241;0,166190237;0,23172242;-0,085545262;0,222126935;0,100763644;0,109441687;0,126274289;0,168832202;0,183764187;0,358950159;-0,178279509;0,080029273;0,17265816;0,406220269;0,434342728;0,365916086
LT400.75;0,457473987;0,467921541;0,452359977;0,323567055;0,133380253;0,113293487;x;0,379752982;0,239071918;0,168558882;x;0,386049759;0,279583127;0,250034801;0,083380268;0,684115834;0,750783658;0,755250667;0,766752983;0,609936345;0,814128493;0,838543977;0,886082877;0,590104338;0,678794433;0,693017938;0,709449675;0,096693255;0,16937767;0,205883444;0,573492963;x;0,070860877;0,09852152;0,721818518;0,103008555;0,146324342;0,173334409;0,455363476;0,286944464;0,286944464;0,286944464;0,271137548;0,163362244;0,08639915;0,038119094;0,339973754;0,259914108;0,134942381;0,045429322;0,32501759;0,268757728;0,176131552;0,107933046;-0,338682123;0,844949978;1;0,951062208;-0,37359999;0,832582527;0,982614898;0,939777096;0,116612821;0,672419426;0,73077551;0,733249196;0,065352168;0,211019716;0,218222745;0,296148677;-0,057913019;0,172561298;0,143100974;0,164935233;0,135329905;0,131928317;0,244791903;0,419146132;-0,168439954;0,092390592;0,173065379;0,423886718;0,453119133;0,395690889
LT401;0,466007003;0,472962754;0,461997808;0,329576029;0,1362219;0,107544863;x;0,382973854;0,238457195;0,158942007;x;0,39837328;0,283075862;0,244520327;0,065723834;0,710135726;0,776737816;0,781945859;0,793437562;0,637568902;0,839265541;0,86596376;0,910940826;0,608526288;0,695453718;0,714408427;0,728099705;0,107143259;0,184178412;0,224582792;0,58890888;x;0,094563497;0,130008861;0,754102901;0,10713587;0,149653113;0,185203686;0,473125824;0,292043669;0,292043669;0,292043669;0,270567791;0,153825281;0,082400497;0,04135107;0,341429656;0,2559332;0,131447726;0,04341176;0,328168164;0,265223443;0,170728828;0,111968851;-0,362674587;0,812863213;0,951062208;1;-0,398451128;0,800436751;0,932980889;0,976191029;0,096320791;0,663903848;0,73422318;0,74214247;0,060281136;0,249359725;0,19341478;0,351328307;-0,065094972;0,210193615;0,114682921;0,207723098;0,123628315;0,159566791;0,269864685;0,443489838;-0,18070747;0,103489258;0,163036947;0,426754563;0,459130142;0,395739119
LT410.25;-0,156966705;-0,157006951;-0,148665765;-0,108198924;x;-0,044047015;0,046332908;-0,149373997;-0,057738798;-0,034637432;x;-0,153179283;-0,10104854;-0,082384513;x;-0,318506545;-0,327526039;-0,33034138;-0,338644919;-0,32110113;-0,369217764;-0,387471245;-0,389533698;-0,280675292;-0,290219577;-0,304160372;-0,302156211;x;-0,072158713;-0,120259577;-0,274843928;x;-0,043123612;-0,050822641;-0,373670833;-0,068105008;-0,075367438;-0,085777791;-0,21956334;-0,054930439;-0,054930439;-0,054930439;-0,052940205;x;x;x;-0,059834533;-0,043599623;x;x;-0,09306918;-0,09364463;-0,049543321;-0,036400325;0,927798149;-0,321636386;-0,37359999;-0,398451128;1;-0,308885281;-0,355673721;-0,375713438;x;-0,262257519;-0,294999292;-0,296300326;0,076795163;-0,154870433;x;-0,147798466;0,143989396;-0,14094841;x;-0,105464835;-0,047778593;-0,048595507;-0,140547387;-0,196903818;0,170246603;-0,223672659;-0,065782564;-0,180408958;-0,208379411;-0,134002567
LT410.5;0,452131699;0,46068516;0,440690553;0,308823775;0,124926911;0,118920698;x;0,375125219;0,236988743;0,18174957;x;0,378470021;0,266154778;0,241967919;0,075307305;0,642577138;0,705420387;0,707119253;0,712866444;0,574688256;0,772193975;0,794960837;0,840186752;0,543438185;0,64105056;0,648331935;0,665920804;0,10873462;0,161822179;0,186492598;0,522902419;x;0,085432174;0,092781163;0,668784074;0,086697122;0,123816329;0,148562227;0,408272373;0,276322425;0,276322425;0,276322425;0,270121547;0,163157638;0,070590819;x;0,331188341;0,261004893;0,144349702;0,059488644;0,31862847;0,261042054;0,164741014;0,099339383;-0,286300857;0,987398985;0,832582527;0,800436751;-0,308885281;1;0,849931209;0,824458703;0,141604095;0,664040848;0,656251611;0,654572285;0,032547138;0,244771203;0,151908959;0,213490086;-0,073502267;0,234936291;0,114127244;0,127645779;0,119292687;0,159957457;0,179686904;0,358187109;-0,183902883;0,093835331;0,181759309;0,40823187;0,446333821;0,371489201
LT410.75;0,470189777;0,480368244;0,464899983;0,334557;0,141531851;0,114889502;x;0,393591853;0,253819746;0,184422514;x;0,396765871;0,285987102;0,255163317;0,077895622;0,693032277;0,758120374;0,761881092;0,767889408;0,62768855;0,8313886;0,855822533;0,903269047;0,585797267;0,677811575;0,692585145;0,708475022;0,108602443;0,181265011;0,217356491;0,584126955;x;0,088602549;0,116797145;0,739994403;0,10156534;0,140414605;0,170687148;0,453382943;0,288742719;0,288742719;0,288742719;0,27565548;0,158436408;0,075740897;x;0,34925761;0,272249643;0,150342476;0,062233537;0,325991012;0,261042606;0,162864249;0,095415276;-0,328411684;0,837277156;0,982614898;0,932980889;-0,355673721;0,849931209;1;0,957036462;0,114974129;0,671474648;0,730114238;0,732215138;0,072161188;0,201026041;0,198323286;0,269380658;-0,040268764;0,189182458;0,161567406;0,189578077;0,126705422;0,122525716;0,239850097;0,418387599;-0,175947272;0,111264968;0,186268877;0,427731735;0,470478775;0,404370003
LT411;0,48149087;0,487823959;0,477107087;0,340585524;0,143940498;0,11110897;x;0,399495479;0,255687846;0,179183579;x;0,408026339;0,289016112;0,251278842;0,058759568;0,719939757;0,78490131;0,789141393;0,793525088;0,658445694;0,859612149;0,886563269;0,931352935;0,60279169;0,693282783;0,712068504;0,725720813;0,12087738;0,197850174;0,237732608;0,601093585;x;0,115125338;0,15098905;0,775937773;0,103794942;0,140796309;0,183954207;0,470619714;0,294040273;0,294040273;0,294040273;0,274495494;0,15058566;0,074415102;x;0,351978055;0,270340523;0,149450804;0,063334011;0,327819112;0,258328095;0,158644574;0,096037481;-0,349759956;0,811722002;0,939777096;0,976191029;-0,375713438;0,824458703;0,957036462;1;0,09319268;0,66161373;0,732519054;0,739667902;0,069748966;0,241705786;0,175403657;0,314617197;-0,042194536;0,229524712;0,136147263;0,236815422;0,114148584;0,150251648;0,267791629;0,445057445;-0,187795035;0,126220056;0,18056724;0,43161461;0,479497413;0,407033673
LT420.25;0,161021037;0,166614511;0,16204637;0,14823359;0,156820995;0,114335342;0,05329265;0,107063757;0,084476208;0,06398208;x;0,179376775;0,220036833;0,248637197;0,307103611;0,219332415;0,254358021;0,250985232;0,237549727;x;0,042309317;0,058397344;0,081033388;0,272149515;0,314387506;0,31651859;0,323859051;0,273833643;0,264540085;0,250552136;0,274372783;x;-0,040776404;-0,056388092;-0,048777193;0,314846554;0,30780072;0,262578518;0,232708742;0,16614145;0,16614145;0,16614145;0,176845572;0,118987791;0,041714386;x;0,130986249;0,084669183;x;x;0,281550358;0,289942804;0,318303887;0,332553535;0,066235862;0,143607926;0,116612821;0,096320791;x;0,141604095;0,114974129;0,09319268;1;0,398992143;0,344399399;0,339995211;0,073204225;-0,133548539;-0,103683187;-0,334294908;x;-0,150226285;-0,137882159;-0,483886065;0,578988243;0,308806386;0,231659319;0,25514513;0,249064792;-0,172855178;0,226497598;0,309797832;0,137821125;0,191329531
LT420.5;0,459790526;0,462928324;0,453131359;0,357105001;0,202761674;0,172758584;x;0,371081045;0,238396499;0,179562364;x;0,42613909;0,374526489;0,366533744;0,286401059;0,791338039;0,853444299;0,855687391;0,859628833;0,448625151;0,600770431;0,631673567;0,671390329;0,785365957;0,86845316;0,878898207;0,892438956;0,350007228;0,397809098;0,425250805;0,735824008;x;0,043719177;0,06379552;0,423371446;0,351770549;0,378509759;0,390043091;0,647313961;0,286890424;0,286890424;0,286890424;0,316165505;0,207335118;0,059442779;x;0,328354647;0,245588344;0,088508093;x;0,43689563;0,427431697;0,372343405;0,33630324;-0,219111844;0,664745394;0,672419426;0,663903848;-0,262257519;0,664040848;0,671474648;0,66161373;0,398992143;1;0,92003749;0,899925132;0,089735705;0,154461434;0,051293833;-0,050914489;-0,035795714;0,128611112;x;-0,240518519;0,37844688;0,436467654;0,402943134;0,591833558;0,086954041;-0,054788229;0,323561207;0,633677134;0,447007139;0,48832174
LT420.75;0,477691196;0,483450222;0,47536761;0,377846204;0,208531908;0,167073239;x;0,3917366;0,244821382;0,185446744;x;0,443706615;0,39256235;0,379413215;0,28345808;0,856463524;0,917130863;0,925187575;0,928248019;0,49806432;0,655487932;0,691434189;0,730644947;0,83858908;0,917221011;0,936181496;0,949608799;0,349929613;0,417336304;0,472741056;0,797304303;x;0,061804894;0,082675284;0,488299968;0,363529022;0,391789265;0,429878645;0,700987722;0,308639723;0,308639723;0,308639723;0,326171165;0,202292294;0,05549574;x;0,343448792;0,256459267;0,090379191;x;0,458419708;0,43503809;0,378248414;0,335954264;-0,252933802;0,656492955;0,73077551;0,73422318;-0,294999292;0,656251611;0,730114238;0,732519054;0,344399399;0,92003749;1;0,975719978;0,10415555;0,193231898;0,065606834;x;x;0,166722443;x;-0,190000724;0,360906606;0,414997116;0,498159217;0,679065931;0,078464539;-0,03547428;0,332278309;0,661347253;0,473208106;0,506395561
LT421;0,476964302;0,479392275;0,473176607;0,37390197;0,211502972;0,169294078;x;0,390663919;0,250466187;0,186168677;x;0,445917921;0,399578076;0,38896329;0,281945871;0,866289371;0,930382466;0,937603682;0,942270885;0,504920106;0,665017075;0,700135309;0,741117831;0,849324221;0,929257229;0,947490158;0,962006773;0,349231511;0,427600278;0,480760963;0,808334517;x;0,067585344;0,090447285;0,493872746;0,366034551;0,400116894;0,439784762;0,712663829;0,301191762;0,301191762;0,301191762;0,331665634;0,210575733;0,06434464;x;0,34527946;0,261801579;0,098258834;x;0,454179899;0,437586502;0,386811605;0,34570174;-0,252807929;0,654824602;0,733249196;0,74214247;-0,296300326;0,654572285;0,732215138;0,739667902;0,339995211;0,899925132;0,975719978;1;0,110123641;0,194176745;0,084179197;x;x;0,1675043;x;-0,18090476;0,364213011;0,410874667;0,4847053;0,678911354;0,078973043;x;0,336260658;0,663446539;0,473115576;0,506469867
LT600.25;0,087481665;0,113548961;0,095456632;0,081416345;0,053373073;0,033397766;x;0,066281501;0,041683172;0,040968991;x;0,096018948;0,057031136;0,05506943;x;0,102973247;0,113673154;0,114829901;0,118094708;0,044710229;0,092016223;0,089023827;0,091648645;0,09308316;0,115518588;0,119274955;0,122893592;0,036319922;0,071389048;0,072499234;0,115520515;x;x;0,031903259;0,058389936;0,050421371;0,069219878;0,080288967;0,083209715;0,124748064;0,124748064;0,124748064;0,202771903;0,095757165;x;x;0,17914287;0,110509481;0,046061122;0,037101719;0,205359877;0,137355496;0,086941989;0,080720919;0,120164805;x;0,065352168;0,060281136;0,076795163;0,032547138;0,072161188;0,069748966;0,073204225;0,089735705;0,10415555;0,110123641;1;x;0,166482669;x;0,928627928;x;0,15203386;x;0,053893784;0,099554373;0,047739498;x;0,060172316;-0,049042184;0,064776064;0,109404884;0,091396699;0,091797015
LT600.5;0,216697201;0,212823911;0,235362828;0,150719705;0,079447213;0,078187686;x;0,174885508;0,095066534;0,091061375;x;0,198337723;0,133470669;0,091865838;x;0,293874974;0,282124632;0,28876255;0,290327739;0,298797892;0,311844196;0,313204417;0,304415271;0,221011732;0,2299236;0,238531835;0,238173333;0,065839627;0,101606071;0,156820024;0,17300311;0,070365375;0,148561484;0,164099872;0,281819279;x;0,049042059;0,096568184;0,167527158;0,111385839;0,111385839;0,111385839;0,094025323;0,075938208;x;x;0,129497048;0,092368285;0,037865389;x;0,117052893;0,122619898;0,048474763;x;-0,173247303;0,259080241;0,211019716;0,249359725;-0,154870433;0,244771203;0,201026041;0,241705786;-0,133548539;0,154461434;0,193231898;0,194176745;x;1;0,344649804;0,355720378;x;0,97549909;0,290993061;0,301002191;x;0,237769004;0,080977359;0,126298667;-0,070342656;0,172400403;0,108587895;0,182513911;0,271701094;0,184094348
LT600.75;0,062859336;0,071350993;0,057588074;x;x;x;x;0,053366144;x;x;x;0,055977427;x;x;-0,058226793;0,141272805;0,167041524;0,160297294;0,175175017;0,172818014;0,218347535;0,203937084;0,223993903;0,12551621;0,135003753;0,120682827;0,127558285;x;0,051193171;x;0,089837928;x;0,068250952;0,053915982;0,21053512;x;0,062740715;0,047396864;0,086052896;0,074215302;0,074215302;0,074215302;0,062538416;0,080938275;0,062394718;0,059778919;0,081628298;0,09252714;0,086841061;0,081577329;0,044136246;0,054241653;x;x;x;0,166190237;0,218222745;0,19341478;x;0,151908959;0,198323286;0,175403657;-0,103683187;0,051293833;0,065606834;0,084179197;0,166482669;0,344649804;1;0,441020119;0,121392023;0,309235423;0,939931529;0,369947213;0,082918927;x;-0,061097354;x;-0,054797778;0,108045019;x;x;0,098395234;0,058255688
LT601;0,12956606;0,140802186;0,135244511;0,067145183;-0,034269579;x;x;0,106828624;0,042541248;x;x;0,088848965;x;-0,071818178;-0,213087886;0,103047407;0,12678738;0,134002518;0,157311578;0,29049766;0,359657437;0,358569004;0,368255581;x;0,040595734;0,056351039;0,058602761;-0,213020783;-0,173545115;-0,131387687;x;0,037135729;0,1229862;0,155251174;0,41482813;-0,224835717;-0,187923247;-0,151408488;-0,033509422;0,12652503;0,12652503;0,12652503;0,041693099;x;0,057840605;0,083581843;0,101802077;0,088102932;0,095545079;0,091243418;x;-0,055237122;-0,141496114;-0,183944181;-0,135889086;0,23172242;0,296148677;0,351328307;-0,147798466;0,213490086;0,269380658;0,314617197;-0,334294908;-0,050914489;x;x;x;0,355720378;0,441020119;1;x;0,299948816;0,303576556;0,787901344;-0,20705307;-0,196107178;-0,124978287;-0,066313408;-0,330724365;0,140672945;-0,113628785;-0,067190258;0,122858172;0,040374691
LT610.25;x;0,045053991;x;0,035014565;x;x;x;x;x;x;x;0,042037857;x;x;x;x;x;x;x;x;x;x;x;x;x;x;x;x;0,032787294;0,038660641;x;x;x;0,034686848;x;x;x;0,039796768;x;0,046878612;0,046878612;0,046878612;0,121101947;0,055265273;x;x;0,143841434;0,084997969;0,050770473;0,052776516;0,071958492;0,049357476;0,033010731;0,043265178;0,109609358;-0,085545262;-0,057913019;-0,065094972;0,143989396;-0,073502267;-0,040268764;-0,042194536;x;-0,035795714;x;x;0,928627928;x;0,121392023;x;1;x;0,144523206;x;-0,04058555;0,067565023;x;-0,046986533;0,047153962;x;0,036764001;0,032679876;0,038798084;0,036856577
LT610.5;0,205469183;0,199929912;0,22411372;0,143005112;0,073444108;0,06614399;-0,036139651;0,17044175;0,094878026;0,093450572;x;0,186369129;0,121522284;0,079556863;x;0,281199701;0,262569991;0,267824732;0,265567878;0,300746378;0,301971381;0,303713255;0,291905785;0,199612096;0,205661969;0,213160846;0,211046027;0,065792197;0,099055761;0,153940994;0,163779992;0,087728166;0,161428082;0,178366054;0,280386906;x;0,04013157;0,08943688;0,151365617;0,083031196;0,083031196;0,083031196;0,085183842;0,058145678;x;x;0,121853687;0,094304515;0,041636269;x;0,096495248;0,098483647;x;x;-0,171874857;0,222126935;0,172561298;0,210193615;-0,14094841;0,234936291;0,189182458;0,229524712;-0,150226285;0,128611112;0,166722443;0,1675043;x;0,97549909;0,309235423;0,299948816;x;1;0,310911496;0,324961583;x;0,224685187;0,064710935;0,114944812;-0,08499072;0,205887204;0,11261245;0,164119368;0,268898756;0,171460075
LT610.75;x;x;x;x;-0,037101174;x;x;x;x;x;x;x;x;x;-0,093299375;0,09974614;0,111959506;0,101191429;0,10932704;0,167084134;0,183366279;0,167980476;0,182488583;0,074063106;0,072389154;0,055449903;0,05812209;x;0,043020675;x;0,057012525;0,037718776;0,075855203;0,071234248;0,196216577;-0,044817907;0,044813845;x;0,043665651;x;x;x;0,036182614;0,058511192;0,044151183;0,045730529;0,053854027;0,087947382;0,091794867;0,09115951;x;x;x;-0,066620144;x;0,100763644;0,143100974;0,114682921;x;0,114127244;0,161567406;0,136147263;-0,137882159;x;x;x;0,15203386;0,290993061;0,939931529;0,303576556;0,144523206;0,310911496;1;0,409884105;0,058023929;x;-0,098279842;-0,042359767;-0,084475271;0,173299095;x;x;0,077120382;x
LT611;x;x;x;x;-0,091020166;-0,076854449;-0,048786783;x;x;x;x;x;-0,128161693;-0,176893528;-0,330010842;x;x;x;x;0,288993668;0,303685648;0,294828521;0,290807159;-0,141873997;-0,135087334;-0,126383783;-0,130915456;-0,285411419;-0,241875314;-0,2084653;-0,114820587;0,075248943;0,143645466;0,189595503;0,415223242;-0,319797786;-0,281382217;-0,25595743;-0,158677122;x;x;x;-0,050484232;x;x;0,06561749;x;0,053991454;0,095238097;0,112440322;-0,132823744;-0,182918748;-0,268496259;-0,321697955;-0,132779407;0,109441687;0,164935233;0,207723098;-0,105464835;0,127645779;0,189578077;0,236815422;-0,483886065;-0,240518519;-0,190000724;-0,18090476;x;0,301002191;0,369947213;0,787901344;x;0,324961583;0,409884105;1;-0,320562131;-0,301894156;-0,230824143;-0,16939375;-0,446504372;0,301641586;-0,171961754;-0,232518855;0,054467439;-0,089332764
LT620.25;0,146457558;0,144967432;0,130902854;0,148977674;0,11830229;0,108488352;x;0,110427746;0,06532715;0,054210925;x;0,173675067;0,217875145;0,251800358;0,262712725;0,321273552;0,333684493;0,324858305;0,316048816;0,088639476;0,113710468;0,11889843;0,123997353;0,369044395;0,379499163;0,366198646;0,368532302;0,315959196;0,340518479;0,331446456;0,353762422;x;x;x;x;0,331753995;0,383095041;0,336877473;0,34040119;0,114052213;0,114052213;0,114052213;0,200018686;0,143910238;0,067393594;x;0,11166531;0,070916807;x;x;0,288644234;0,301651085;0,3406016;0,358804386;x;0,126274289;0,135329905;0,123628315;-0,047778593;0,119292687;0,126705422;0,114148584;0,578988243;0,37844688;0,360906606;0,364213011;0,053893784;x;0,082918927;-0,20705307;-0,04058555;x;0,058023929;-0,320562131;1;0,449781839;0,220061899;0,329788579;0,232157031;x;0,276562773;0,333801931;0,160257463;0,212426249
LT620.5;0,228545122;0,219488723;0,221725973;0,206306687;0,170628992;0,143565075;x;0,190875059;0,137781442;0,091172529;x;0,241337397;0,271897618;0,29179898;0,280262514;0,425475794;0,429664981;0,427498331;0,415308591;0,166636928;0,169362954;0,176734541;0,172810938;0,455577079;0,438487856;0,443568491;0,441215964;0,391943167;0,418035396;0,413725712;0,414932134;0,045571947;0,048905161;0,077890934;0,084342973;0,371526987;0,412936917;0,394164878;0,441424628;0,105034819;0,105034819;0,105034819;0,150793729;0,125767972;0,047221311;x;0,118720722;0,077474505;x;x;0,244106411;0,301756536;0,334763662;0,353802383;-0,048372051;0,168832202;0,131928317;0,159566791;-0,048595507;0,159957457;0,122525716;0,150251648;0,308806386;0,436467654;0,414997116;0,410874667;0,099554373;0,237769004;x;-0,196107178;0,067565023;0,224685187;x;-0,301894156;0,449781839;1;0,410997754;0,394868817;0,328134952;x;0,303040789;0,450440449;0,232684351;0,304328452
LT620.75;0,268583268;0,2397457;0,254629058;0,231883479;0,17619243;0,107942544;x;0,229170858;0,132325193;0,098532045;x;0,269573264;0,290875591;0,291734031;0,280204223;0,467647441;0,485604161;0,494478759;0,479112471;0,213722961;0,227159297;0,249361914;0,257764632;0,483534613;0,479417097;0,499157528;0,499346238;0,388119449;0,38370648;0,446920666;0,543978347;0,035181342;0,063619663;0,074838586;0,240886177;0,347144931;0,357199539;0,401701819;0,518808974;0,167584517;0,167584517;0,167584517;0,197628387;0,121956173;x;-0,032543292;0,159959604;0,104445726;x;x;0,298660716;0,315858913;0,310223429;0,325242156;-0,13822179;0,183764187;0,244791903;0,269864685;-0,140547387;0,179686904;0,239850097;0,267791629;0,231659319;0,402943134;0,498159217;0,4847053;0,047739498;0,080977359;-0,061097354;-0,124978287;x;0,064710935;-0,098279842;-0,230824143;0,220061899;0,410997754;1;0,738694329;0,321299725;-0,037987838;0,307781913;0,482047072;0,289367712;0,352102362
LT621;0,339662217;0,318812301;0,325818709;0,280063559;0,193221868;0,123500796;x;0,276063488;0,173172855;0,138575262;x;0,33559912;0,332120292;0,318748451;0,281140902;0,652180053;0,676536644;0,682017559;0,672708837;0,351021345;0,410360263;0,439541789;0,454067638;0,638919143;0,671376945;0,685493963;0,688134419;0,385105551;0,421725309;0,478977644;0,705529616;x;0,0645226;0,089317192;0,349173763;0,3744816;0,404748863;0,440940837;0,650179304;0,182495822;0,182495822;0,182495822;0,25336376;0,159777685;0,053185569;x;0,222521678;0,178474165;0,070786392;x;0,345375041;0,351738889;0,344713613;0,340969463;-0,187480896;0,358950159;0,419146132;0,443489838;-0,196903818;0,358187109;0,418387599;0,445057445;0,25514513;0,591833558;0,679065931;0,678911354;x;0,126298667;x;-0,066313408;-0,046986533;0,114944812;-0,042359767;-0,16939375;0,329788579;0,394868817;0,738694329;1;0,200014946;0,047729065;0,343485904;0,565345375;0,368453491;0,412121572
IN-CLOSSENESS;x;x;x;0,043915192;0,128121919;0,094207109;x;x;x;x;x;0,041927413;0,131016233;0,183708736;0,351746534;x;x;x;x;-0,157945132;-0,212169068;-0,218398775;-0,20705618;0,076529007;0,048719907;0,060137937;0,071610989;0,341463973;0,313811929;0,277455856;0,108792318;x;-0,038564385;x;-0,245285275;0,333886932;0,324508264;0,312073971;0,154871533;0,039298938;0,039298938;0,039298938;0,055754809;0,055549024;x;x;x;x;-0,039749599;x;0,110242126;0,166432678;0,26252952;0,334430989;0,18183711;-0,178279509;-0,168439954;-0,18070747;0,170246603;-0,183902883;-0,175947272;-0,187795035;0,249064792;0,086954041;0,078464539;0,078973043;0,060172316;-0,070342656;-0,054797778;-0,330724365;0,047153962;-0,08499072;-0,084475271;-0,446504372;0,232157031;0,328134952;0,321299725;0,200014946;1;-0,301515012;0,238488613;0,187177818;x;0,121358366
OUT-CLOSENESS;-0,051902677;-0,038481823;-0,046731035;x;x;x;-0,060260841;x;x;x;x;x;x;x;-0,072094203;0,108191425;0,064017716;0,05269681;0,047810536;0,229660781;0,207451909;0,200406087;0,148731616;0,058467934;x;x;x;x;0,044982035;0,047779402;0,104442021;x;0,087145697;0,086640855;0,231620416;x;x;x;0,051305733;-0,168533963;-0,168533963;-0,168533963;x;0,039349032;0,087202144;0,088642568;x;x;0,08842461;0,096271138;-0,076107205;-0,037596208;x;x;-0,281800582;0,080029273;0,092390592;0,103489258;-0,223672659;0,093835331;0,111264968;0,126220056;-0,172855178;-0,054788229;-0,03547428;x;-0,049042184;0,172400403;0,108045019;0,140672945;x;0,205887204;0,173299095;0,301641586;x;x;-0,037987838;0,047729065;-0,301515012;1;0,046771645;x;0,113811815;x
DEGREE;0,263953624;0,25652762;0,266618443;0,281614127;0,232904638;0,180799504;x;0,247178732;0,21939289;0,196677306;x;0,277653113;0,310149747;0,318588864;0,25723199;0,316922389;0,331910204;0,330762868;0,323777286;0,157629627;0,202319739;0,19541804;0,196891856;0,336140625;0,342735981;0,343322149;0,349276233;0,282454272;0,317746703;0,30212828;0,360259018;x;0,056575132;0,070322615;0,11661935;0,270011419;0,301621103;0,298735777;0,331757897;0,09854496;0,09854496;0,09854496;0,219519132;0,205668713;0,037635538;-0,065815406;0,147473134;0,165751476;0,125911345;x;0,201267711;0,28768927;0,325065421;0,283198178;-0,062822765;0,17265816;0,173065379;0,163036947;-0,065782564;0,181759309;0,186268877;0,18056724;0,226497598;0,323561207;0,332278309;0,336260658;0,064776064;0,108587895;x;-0,113628785;0,036764001;0,11261245;x;-0,171961754;0,276562773;0,303040789;0,307781913;0,343485904;0,238488613;0,046771645;1;0,40712842;0,365303799;0,433767524
IN-DEGREE;0,561598779;0,564067307;0,559080963;0,48047185;0,298038676;0,206187554;x;0,495148785;0,349854948;0,273538534;x;0,541645349;0,483772896;0,470405633;0,285029207;0,620844413;0,648353105;0,656375848;0,651522162;0,325925329;0,408411872;0,434240804;0,449485682;0,621053583;0,652127178;0,67425122;0,67663415;0,371387871;0,411881394;0,423761129;0,60578811;x;0,067562038;0,079745596;0,293181053;0,374409126;0,378715047;0,418552326;0,55221179;0,30979999;0,30979999;0,30979999;0,385820855;0,21578402;x;-0,065592955;0,378320932;0,305663091;0,110861833;x;0,513202101;0,517143653;0,393352439;0,304825613;-0,161041775;0,406220269;0,423886718;0,426754563;-0,180408958;0,40823187;0,427731735;0,43161461;0,309797832;0,633677134;0,661347253;0,663446539;0,109404884;0,182513911;x;-0,067190258;0,032679876;0,164119368;x;-0,232518855;0,333801931;0,450440449;0,482047072;0,565345375;0,187177818;x;0,40712842;1;0,769015929;0,718300222
OUT-DEGREE;0,636590293;0,650658898;0,645696226;0,509688441;0,294861634;0,193378167;x;0,579415996;0,427026612;0,33587247;x;0,564897783;0,449977583;0,405263581;0,145537135;0,487464237;0,510176705;0,521901252;0,517224756;0,379138269;0,48033245;0,501662057;0,513051679;0,431428885;0,472869449;0,494296387;0,496729759;0,18248286;0,219662061;0,24238704;0,437166293;x;0,111225705;0,13417247;0,399697245;0,185379956;0,180995038;0,22934233;0,362460556;0,308862929;0,308862929;0,308862929;0,368536682;0,185536339;x;-0,086043384;0,423599954;0,343801447;0,120059377;-0,046321932;0,410701605;0,37864773;0,22946862;0,11889729;-0,201510351;0,434342728;0,453119133;0,459130142;-0,208379411;0,446333821;0,470478775;0,479497413;0,137821125;0,447007139;0,473208106;0,473115576;0,091396699;0,271701094;0,098395234;0,122858172;0,038798084;0,268898756;0,077120382;0,054467439;0,160257463;0,232684351;0,289367712;0,368453491;x;0,113811815;0,365303799;0,769015929;1;0,685789882
BETWEENNESS;0,547848676;0,554348671;0,540759718;0,460092189;0,253784893;0,182916016;x;0,478538755;0,362451559;0,285233466;x;0,489385923;0,422397933;0,399417909;0,184710707;0,486464615;0,51375953;0,52453239;0,522090897;0,307928528;0,390009306;0,415061013;0,428160116;0,457727945;0,493081555;0,517621898;0,517812649;0,254323202;0,275490315;0,300835103;0,466777269;x;0,075255769;0,104971925;0,314125357;0,232619167;0,255303039;0,274020614;0,399417928;0,336491983;0,336491983;0,336491983;0,350405025;0,212878293;0,045065213;x;0,382179528;0,302528756;0,134241629;x;0,435772598;0,405571952;0,297771202;0,205893102;-0,125302702;0,365916086;0,395690889;0,395739119;-0,134002567;0,371489201;0,404370003;0,407033673;0,191329531;0,48832174;0,506395561;0,506469867;0,091797015;0,184094348;0,058255688;0,040374691;0,036856577;0,171460075;x;-0,089332764;0,212426249;0,304328452;0,352102362;0,412121572;0,121358366;x;0,433767524;0,718300222;0,685789882;1
