i;|Xi|;|F(Xi)|;profundidad0;dirección1;prob vecinos0
1;1;2466
7188;1;1
430;1;2483
3134;1;2496
3026;1;2
3010;1;1
804;1;2520
160;1;2492
95;1;2461
377;1;3
888;1;2491
89;1;2500
1901;1;2
161;1;2514
256;1;2474
351;1;2475
3329;1;1
3341;1;2
649;1;2513
1583;1;2
87;1;2495
37;1;2478
309;1;2476
821;1;2467
1496;1;2
637;1;2497
964;1;2505
594;1;2500
2249;1;1
554;1;2480
20;1;2511
2227;1;2
1315;1;1
519;1;2483
1316;1;1
2149;1;2518
1724;1;2
18;1;2462
57;1;2460
118;1;2485
3254;1;2477
1177;1;2
112;1;2504
11;1;2489
586;1;2441
35;1;2468
15;1;2509
1445;1;2
152;1;2527
2;1;2512
113;1;2499
44;1;2479
2401;1;2466
10;1;2531
2378;1;2484
126;1;2503
3245;1;1
783;1;2
493;1;2524
1358;1;1
1180;1;2489
529;1;2495
333;1;2497
1538;1;1
2282;1;1
1519;1;2
2966;1;2
474;1;2494
330;1;2513
958;1;2480
17;1;2501
1295;1;2513
38;1;2485
1952;1;2
223;1;2453
625;1;2539
1392;1;2505
3355;1;2
1881;1;1
58;1;2479
96;1;2506
1580;1;2487
196;1;2472
146;1;2511
416;1;2497
1198;1;2487
3319;1;1
1867;1;2
896;1;2484
617;1;2473
3300;1;2
1877;1;1
462;1;2521
3279;1;2
454;1;2492
1860;1;2
121;1;2481
151;1;2495
1570;1;2
1573;1;2
1063;1;2491
1353;1;2448
459;1;2480
2334;1;2
1267;1;2494
1060;1;2479
1061;1;2
7431;1;2480
1355;1;1
71;1;2478
3070;1;1
2113;1;1
3001;1;2
396;1;2481
2260;1;1
142;1;2498
2238;1;2
123;1;2496
2942;1;1
1509;1;2
7410;1;2461
1760;1;2485
2876;1;1
259;1;2482
1493;1;2
2845;1;1
370;1;2513
2844;1;1
2167;1;2479
156;1;2486
2808;1;1
255;1;2496
736;1;2
7603;1;2479
346;1;2511
9;1;2499
75;1;2463
175;1;2479
2754;1;1
22;1;2501
155;1;2457
1261;1;2504
2552;1;1
2586;1;2
710;1;2
578;1;2473
472;1;2457
2472;1;2
1606;1;2
4;1;2474
563;1;2473
744;1;2492
3422;1;2
250;1;2497
249;1;2455
2427;1;2489
3414;1;2
1590;1;2
2305;1;2
1900;1;2
3392;1;2
1065;1;2483
1147;1;2451
1072;1;2
3375;1;1
1024;1;2
709;1;2505
1382;1;2
3332;1;2
1885;1;2
3330;1;1
1197;1;2483
3316;1;1
1886;1;2
154;1;2490
1522;1;2
2391;1;2486
3298;1;2
432;1;2460
3292;1;1
3290;1;1
7597;1;2494
3274;1;1
1875;1;2
291;1;2518
158;1;2524
1579;1;2444
1846;1;2
1066;1;2537
290;1;2516
3233;1;1
891;1;2490
247;1;2531
1856;1;2485
3211;1;1
115;1;2513
1365;1;2495
483;1;2507
3210;1;2
3189;1;2
3193;1;2
2352;1;2
1847;1;2471
3173;1;1
1051;1;2502
1843;1;2444
2342;1;1
7341;1;2494
3139;1;2
1186;1;2469
3167;1;2
3149;1;1
1842;1;2
3156;1;1
3141;1;1
817;1;2462
1840;1;2
1839;1;2
2324;1;2
3143;1;2
3142;1;1
174;1;2489
2315;1;2469
1356;1;2477
1835;1;2
296;1;2506
3118;1;2
1542;1;1
3111;1;2
753;1;2466
3088;1;1
395;1;2485
3068;1;2
3042;1;2
1442;1;2487
1339;1;2468
596;1;2479
2281;1;2
222;1;2523
194;1;2499
3064;1;1
1812;1;2469
1796;1;2478
701;1;2487
124;1;2486
3057;1;2
7427;1;2
2276;1;2
2271;1;2
1525;1;2477
2235;1;2
3027;1;2
2090;1;2
1342;1;2460
331;1;2478
3023;1;1
2261;1;1
68;1;2519
116;1;2476
1043;1;2472
3020;1;1
491;1;2466
179;1;2530
2252;1;2
214;1;2502
439;1;2464
2147;1;1
1167;1;2457
697;1;2509
67;1;2471
1793;1;2
258;1;2470
1340;1;2478
2996;1;2
1520;1;2
1336;1;2490
30;1;2496
178;1;2488
747;1;2485
2962;1;2
2952;1;2
455;1;2474
260;1;2501
623;1;2458
29;1;2507
1510;1;2
2927;1;1
301;1;2495
2907;1;1
2909;1;2
1148;1;2497
955;1;2472
1502;1;2487
2853;1;2
1500;1;2452
2178;1;2
1320;1;2477
874;1;2506
2177;1;2
2892;1;2
636;1;2501
1034;1;2503
1494;1;2481
276;1;2512
1318;1;2466
117;1;2475
1492;1;2502
1302;1;1
1313;1;2453
1491;1;2488
2870;1;2
2181;1;2497
1309;1;2500
1750;1;2
2848;1;1
1458;1;2476
951;1;2484
1029;1;2500
2176;1;2516
2846;1;2
347;1;2481
2173;1;2485
2826;1;1
1742;1;2
2166;1;2
2823;1;1
2820;1;1
2814;1;2
1736;1;2471
1025;1;2500
1482;1;2521
1483;1;2
2152;1;2
2806;1;1
1128;1;2
2801;1;2
2795;1;1
1290;1;2479
1288;1;2477
1436;1;2
2498;1;2
2784;1;1
587;1;2512
2780;1;1
2779;1;2
305;1;2504
944;1;2521
2129;1;2
683;1;2448
42;1;2441
1136;1;2487
1283;1;2501
2127;1;2
2093;1;2
1284;1;2497
72;1;2475
264;1;2484
2756;1;1
1285;1;2513
613;1;2491
304;1;2471
1282;1;2455
4721;1;2
1475;1;2
2746;1;1
1715;1;2
734;1;2494
2108;1;1
1923;1;2479
1465;1;2511
2742;1;1
2117;1;2464
1720;1;2
90;1;2504
2731;1;2
1457;1;2448
2725;1;2
2109;1;2
543;1;2484
2102;1;2493
712;1;2459
231;1;2507
2687;1;2
1708;1;1
1129;1;2505
76;1;2507
2065;1;2501
1251;1;2485
1248;1;2
725;1;2522
2559;1;1
507;1;2495
1942;1;2
1232;1;1
534;1;2455
994;1;2468
503;1;2506
2448;1;2
846;1;2447
1028;1;1
2367;1;2
2296;1;2
379;1;2456
3421;1;1
3418;1;1
3402;1;2
3385;1;2
3367;1;2
3349;1;1
545;1;2483
1589;1;2
3339;1;1
2402;1;2468
3335;1;2
3317;1;1
1862;1;1
3313;1;2
3295;1;1
2383;1;2
1195;1;2472
3283;1;1
2375;1;2465
292;1;2456
3256;1;1
3259;1;1
3253;1;2
3247;1;2
2368;1;2518
1574;1;2
3215;1;1
3202;1;2
2351;1;2484
3163;1;1
2338;1;2
1521;1;2
3148;1;2
3124;1;2
3113;1;2
3013;1;2
1826;1;2
3103;1;2
1822;1;2479
3101;1;1
3083;1;1
3084;1;2
3078;1;2
3062;1;1
3059;1;2
2273;1;2
3048;1;1
523;1;2456
373;1;2472
1331;1;2510
3004;1;2
3006;1;2
810;1;2511
3000;1;2
2999;1;2
2989;1;1
1337;1;2237
2941;1;2
2947;1;2
2945;1;1
2926;1;2
2217;1;2
1505;1;2
2920;1;2
2782;1;2
2904;1;1
2898;1;1
2198;1;2
2881;1;1
2185;1;2
2858;1;2
1749;1;2468
2837;1;1
517;1;2482
2163;1;2529
2830;1;2
2632;1;2
796;1;2508
2810;1;2
2144;1;2
2136;1;2
2793;1;1
2786;1;1
2783;1;2
2775;1;1
2772;1;1
2771;1;2
2767;1;1
2764;1;2
2763;1;1
2752;1;1
2750;1;1
2747;1;1
2119;1;2503
2744;1;1
2743;1;1
2707;1;1
2713;1;2
2700;1;1
1413;1;2503
2695;1;2
2619;1;2
2605;1;2
1117;1;2501
300;1;2476
7348;1;1
7425;1;2
7557;1;2495
7589;1;2487
1368;1;2487
164;1;2447
244;1;2490
62;1;2474
2244;1;2
148;1;2509
7403;1;2493
52;1;2525
159;1;2506
66;1;2466
60;1;2469
585;1;2532
97;1;2469
2006;1;1
1421;1;2
353;1;2482
51;1;2471
185;1;2476
312;1;2505
168;1;2512
354;1;2
108;1;2511
91;1;2480
40;1;2499
271;1;2466
119;1;2486
54;1;2483
375;1;2474
177;1;2486
31;1;2467
47;1;2489
23;1;2481
74;1;2471
165;1;2515
306;1;2508
8;1;2481
242;1;2505
412;1;2442
381;1;2441
561;1;2488
216;1;2501
107;1;2471
681;1;2488
79;1;2494
272;1;2502
39;1;2497
150;1;2469
181;1;2486
109;1;2507
2404;1;2
24;1;2465
19;1;2497
7;1;2500
348;1;2505
473;1;2485
1921;1;2468
99;1;2467
1380;1;2
73;1;2477
85;1;2517
189;1;2480
787;1;2469
133;1;2486
1709;1;2
658;1;2473
293;1;2511
768;1;2471
45;1;2430
471;1;2456
1632;1;2474
281;1;2498
269;1;2461
2336;1;2521
206;1;2490
241;1;2470
190;1;2493
7577;1;2489
798;1;2480
211;1;2487
140;1;2525
217;1;2475
182;1;2484
236;1;2502
777;1;2479
1098;1;2
106;1;2473
237;1;2464
1401;1;2444
1409;1;2466
769;1;2500
1209;1;2
917;1;2509
114;1;2485
2698;1;1
1127;1;2464
1009;1;2483
1386;1;2482
173;1;2462
43;1;2502
647;1;2497
5;1;2467
1156;1;2468
553;1;2476
170;1;2447
93;1;2470
145;1;2499
1523;1;2
350;1;2523
77;1;2505
1785;1;1
166;1;2520
489;1;2464
25;1;2450
83;1;2468
277;1;2490
70;1;2479
1487;1;2454
270;1;2481
871;1;2494
389;1;2479
544;1;2497
2631;1;1
672;1;2482
137;1;2471
424;1;2453
65;1;2495
1693;1;2474
475;1;2485
449;1;2485
1998;1;2
1977;1;2
915;1;2478
63;1;2492
1957;1;2
1635;1;1
508;1;2482
2499;1;2
2497;1;1
299;1;2493
1225;1;2467
238;1;2500
2488;1;2
1936;1;1
382;1;2505
355;1;2476
1090;1;2506
1222;1;2482
21;1;2511
564;1;2464
2459;1;1
774;1;2513
209;1;2470
1922;1;1
504;1;2503
987;1;2
2446;1;2
986;1;2487
1603;1;2
446;1;2442
436;1;2492
512;1;2494
767;1;2487
469;1;2518
188;1;2468
257;1;2504
7400;1;2487
263;1;2465
562;1;2492
1691;1;2466
14;1;2497
13;1;2519
139;1;2488
318;1;2483
862;1;2
251;1;2482
111;1;2473
16;1;2484
5342;1;2510
3;1;2475
219;1;2449
268;1;2470
2839;1;1
1929;1;2
420;1;2491
532;1;2464
7401;1;2493
200;1;2489
402;1;2489
7508;1;2
7552;1;2466
7500;1;2485
7482;1;2487
7583;1;2492
971;1;2525
92;1;2485
7336;1;2498
1545;1;1
103;1;2478
207;1;2487
6;1;2499
7380;1;2487
287;1;2486
754;1;2501
26;1;2477
34;1;2497
525;1;2489
56;1;2482
1849;1;1
557;1;2493
208;1;2476
1558;1;2
2346;1;2
974;1;2
262;1;2495
2001;1;1
815;1;2511
120;1;2515
492;1;2504
1175;1;2517
32;1;2505
172;1;2494
1347;1;2469
1338;1;1
105;1;2478
818;1;2479
890;1;2
1362;1;1
1547;1;2
1056;1;2154
2280;1;2
879;1;2471
36;1;2501
590;1;2471
3260;1;1
1174;1;1
3198;1;1
460;1;2501
3200;1;2
589;1;2461
433;1;2500
81;1;2511
7509;1;2455
973;1;2493
1555;1;1
3154;1;1
7595;1;2499
1361;1;2
2331;1;2490
509;1;2481
969;1;2433
197;1;2470
621;1;2492
1036;1;1
1054;1;2492
1818;1;1
358;1;2496
748;1;2495
88;1;2493
163;1;2489
1576;1;2
2353;1;1
3221;1;2
136;1;2478
1367;1;2505
7512;1;2504
757;1;2492
49;1;2513
646;1;2
2328;1;2
1360;1;2455
7377;1;2519
2321;1;2
125;1;2482
1548;1;2
1837;1;2
1834;1;2
703;1;2510
1456;1;2473
7406;1;1
1832;1;2
3105;1;2
641;1;2504
320;1;2501
885;1;2509
632;1;2500
2300;1;1
702;1;2518
228;1;2526
752;1;2501
2291;1;2
656;1;2479
877;1;2510
2293;1;2517
650;1;2483
3328;1;2
720;1;2508
1379;1;2503
3275;1;2
345;1;2508
336;1;2480
295;1;2466
1375;1;2466
435;1;2485
7390;1;2511
12;1;2486
1853;1;2500
1184;1;2511
1064;1;2498
1560;1;2
988;1;2497
203;1;2480
976;1;1
289;1;2463
7394;1;2482
3203;1;2
1844;1;2
2053;1;1
1363;1;2472
3181;1;2
288;1;2497
2263;1;1
3132;1;2
1059;1;2512
2332;1;2444
691;1;2446
1550;1;2463
286;1;2480
205;1;2495
1359;1;2
1459;1;2491
135;1;2479
7432;1;1
1815;1;2
3127;1;2
1836;1;2480
266;1;2470
2311;1;1
2308;1;2
27;1;2530
755;1;2
2306;1;2
5679;1;2500
1790;1;2
937;1;2477
100;1;2473
53;1;2513
2298;1;1
3087;1;1
1274;1;2470
227;1;2515
1348;1;2487
2295;1;2
394;1;2449
3043;1;2
2285;1;2
1536;1;2474
883;1;2506
199;1;2487
2290;1;2
1816;1;1
1524;1;2486
1169;1;2
749;1;2466
876;1;2461
33;1;2485
1824;1;1
7525;1;2493
638;1;2498
162;1;2487
886;1;2486
2903;1;1
3049;1;2
7604;1;2462
215;1;2491
479;1;2478
302;1;2481
131;1;2533
859;1;2483
437;1;2488
1398;1;2515
423;1;2481
510;1;2
224;1;2479
7582;1;2460
311;1;2466
1230;1;2
1239;1;1
567;1;2480
466;1;2483
1085;1;2463
771;1;2
1270;1;2
1264;1;2444
3774;1;2466
1003;1;2453
367;1;2518
1107;1;2497
661;1;2484
274;1;2505
654;1;2459
910;1;2
1091;1;2485
84;1;2491
531;1;2491
501;1;2489
583;1;2
1702;1;2
3356;1;1
733;1;2
356;1;2502
1678;1;1
1010;1;2
7596;1;2488
781;1;2
2017;1;1
2002;1;2
572;1;2508
202;1;2472
664;1;2500
1636;1;2513
326;1;2473
341;1;2498
538;1;2473
1233;1;2
2492;1;1
536;1;2485
1621;1;2
1415;1;2496
323;1;2507
1611;1;2501
609;1;2461
366;1;2497
848;1;2485
1602;1;2
365;1;2503
419;1;2492
841;1;2484
468;1;2481
193;1;2442
2103;1;2509
2405;1;2
411;1;2466
807;1;2491
1038;1;2505
265;1;2478
2201;1;1
361;1;2512
1737;1;2493
1139;1;2514
386;1;2462
727;1;2464
1108;1;2534
1642;1;2512
1109;1;2
918;1;2460
2511;1;2
570;1;2477
716;1;2475
313;1;2498
718;1;2463
1615;1;2
1218;1;2493
1086;1;2477
2485;1;2
7569;1;2486
1088;1;2481
535;1;2462
2467;1;1
2468;1;1
2465;1;1
401;1;2507
772;1;2506
2454;1;2
773;1;2497
711;1;1
7550;1;2488
842;1;2453
153;1;2485
2442;1;2
840;1;2472
2439;1;2
1908;1;2
1087;1;2472
1909;1;2481
626;1;2478
7327;1;2477
2024;1;2
1634;1;2
380;1;2485
2997;1;1
521;1;2485
1322;1;2442
2868;1;1
2740;1;1
2709;1;2
603;1;2513
191;1;2475
248;1;2481
372;1;2462
982;1;2
1372;1;2
335;1;2481
1192;1;2480
893;1;2506
59;1;2467
904;1;2450
349;1;2528
61;1;2485
826;1;2471
122;1;2497
1872;1;1
391;1;2494
1068;1;2467
7591;1;2459
82;1;2518
3307;1;2
3206;1;1
434;1;2520
597;1;2482
684;1;2506
801;1;2505
1373;1;2465
110;1;2509
7126;1;1
1535;1;2481
528;1;2472
198;1;2474
3336;1;2
602;1;2499
2395;1;2505
599;1;2481
245;1;2495
1819;1;2
3309;1;1
310;1;2508
695;1;2489
280;1;2484
3009;1;1
2386;1;2494
484;1;2467
2354;1;2492
1194;1;2433
2333;1;1
825;1;2503
1378;1;1
1868;1;4
1854;1;1
1376;1;2507
692;1;2492
7444;1;2494
1859;1;1
3236;1;1
2363;1;2
3231;1;1
2320;1;1
706;1;2492
2335;1;2
141;1;2459
7531;1;2
46;1;2515
2360;1;2513
979;1;2476
7568;1;2466
1551;1;2
1176;1;2470
2397;1;2
7559;1;2481
2408;1;2494
7578;1;2488
7503;1;2
7480;1;2
7479;1;1
7510;1;2462
7532;1;2499
7522;1;2513
7523;1;2485
338;1;2478
7544;1;2473
7447;1;1
7521;1;2489
7477;1;2
384;1;2509
7575;1;2465
3516;1;2445
7423;1;2
7485;1;1
759;1;2488
946;1;2505
7585;1;2499
7563;1;2475
3133;1;2485
7433;1;2
7516;1;1
7457;1;1
314;1;2507
7514;1;2487
3305;1;1
524;1;2488
809;1;2503
1057;1;1
1541;1;2450
1371;1;2
1571;1;2
1185;1;2477
1566;1;2
1350;1;2
549;1;2485
526;1;2490
431;1;2455
1546;1;2
1461;1;2
458;1;2501
1374;1;2511
7420;1;2
2376;1;2
3222;1;1
3158;1;1
2326;1;1
728;1;2496
278;1;2478
1830;1;2503
7415;1;2497
104;1;2514
1157;1;2461
2384;1;1
2371;1;2447
1578;1;2517
3176;1;2
3155;1;2
1254;1;2487
1179;1;2484
1055;1;2
7554;1;2450
522;1;2481
1152;1;2468
3112;1;1
3096;1;1
3066;1;2
3092;1;2
750;1;2485
1346;1;2489
149;1;2481
2292;1;2
1776;1;2487
7528;1;2
1450;1;2479
408;1;2494
138;1;2497
1069;1;1
1395;1;1
41;1;2472
3365;1;2
1865;1;2496
3229;1;1
3192;1;2
1178;1;1
7551;1;2464
642;1;2466
7587;1;2517
7517;1;2501
7536;1;2502
1151;1;1
429;1;2500
956;1;2468
640;1;2474
2211;1;1
98;1;2487
696;1;2477
878;1;2498
1782;1;1
1768;1;2
1310;1;1
417;1;2490
666;1;2513
980;1;2507
645;1;2500
371;1;2470
7562;1;2478
1171;1;2524
2981;1;2
506;1;2469
1325;1;2497
2922;1;2
686;1;2455
1287;1;2468
1495;1;2
2192;1;1
2866;1;2
497;1;2442
2361;1;1
3378;1;1
2381;1;2
614;1;2469
6369;1;2487
253;1;2469
6014;1;1
3145;1;1
1649;1;2489
3002;1;2
2302;1;2
2301;1;2
882;1;2434
221;1;2504
7590;1;2477
699;1;2503
3019;1;2
1046;1;2462
7501;1;2
3011;1;1
1162;1;2499
204;1;2480
1516;1;2483
743;1;2495
2987;1;1
1153;1;2498
1033;1;2459
7588;1;2463
1784;1;2
362;1;2473
1308;1;2
7442;1;2494
319;1;2461
1757;1;2502
2210;1;2481
2923;1;1
2209;1;2
7565;1;2478
7600;1;2487
452;1;2460
2869;1;1
2889;1;2
687;1;2493
7566;1;2463
2142;1;2
1731;1;2464
2358;1;2
321;1;2511
7602;1;2459
7601;1;2487
7599;1;2512
7598;1;2483
7594;1;2479
1499;1;1
2307;1;2
3351;1;2
3177;1;1
3052;1;2
407;1;2488
1317;1;1
7540;1;2518
7567;1;1
7504;1;2464
7398;1;2467
7507;1;2449
7558;1;2492
7574;1;2
7586;1;2480
7484;1;2476
7513;1;2475
7506;1;2487
7417;1;2482
7505;1;2491
7483;1;1
7535;1;2488
500;1;2485
1518;1;2
600;1;2469
2330;1;2436
1343;1;2
892;1;2503
3018;1;2
487;1;2477
308;1;2482
7515;1;1
3159;1;2
3131;1;1
3116;1;1
451;1;2518
962;1;2461
2253;1;2528
2921;1;1
1159;1;2512
201;1;2482
869;1;2486
157;1;2522
3028;1;1
981;1;2515
694;1;2473
1556;1;2461
1788;1;2
1041;1;2485
1298;1;2501
961;1;2487
2955;1;1
2172;1;2513
284;1;2518
1896;1;2
3400;1;2
2344;1;2
128;1;2509
2389;1;1
983;1;2475
707;1;2494
225;1;2495
3369;1;2528
393;1;2493
591;1;2487
547;1;2484
739;1;2502
592;1;2492
457;1;2443
1794;1;2519
812;1;2470
317;1;2450
147;1;2482
360;1;2491
427;1;2483
7352;1;1
7362;1;2
7361;1;2
7359;1;1
7360;1;1
7358;1;1
7496;1;2
7382;1;2
7357;1;1
7354;1;2
7356;1;2
7355;1;2
7353;1;1
7489;1;2
7487;1;2524
7495;1;2506
7494;1;2
7493;1;1
7492;1;1
7491;1;2
7490;1;2
7486;1;2
7488;1;2508
7351;1;1
7350;1;2
1883;1;2477
2821;1;2517
3129;1;2
4017;1;2483
593;1;2479
130;1;2516
78;1;2480
2031;1;2469
7328;1;2521
758;1;2461
229;1;2461
780;1;2443
1104;1;2501
5446;1;2500
4934;1;2482
665;1;2
7345;1;2
1584;1;2
6792;1;2470
527;1;1
7347;1;2
7381;1;2
7408;1;1
7475;1;1
7474;1;2
7543;1;2
7542;1;1
7470;1;2
7459;1;2
7472;1;2
7471;1;1
7435;1;2483
7412;1;2
176;1;2487
267;1;2494
1478;1;2522
1163;1;2
2819;1;2
1023;1;2
2777;1;2
546;1;2480
548;1;2467
2727;1;2
1734;1;2
315;1;2512
943;1;2486
854;1;2494
2124;1;2455
513;1;2466
1714;1;2454
2122;1;2470
1048;1;2499
329;1;2479
2992;1;2
316;1;2441
1484;1;2470
2479;1;2
2145;1;2
409;1;2473
2781;1;1
2770;1;2
1476;1;2445
2128;1;2
467;1;2486
7387;1;2468
622;1;2473
1721;1;1
2760;1;2
132;1;2485
824;1;2491
7518;1;2463
1743;1;2
977;1;1
518;1;2476
234;1;2526
1725;1;1
443;1;2494
1470;1;2
2139;1;2
2141;1;1
7388;1;2491
1286;1;2481
1726;1;2480
1292;1;2485
1472;1;2502
7334;1;2507
7537;1;2500
7534;1;2
7564;1;2481
334;1;2417
187;1;2510
2179;1;2
102;1;2480
975;1;2507
935;1;2490
1797;1;2
2250;1;1
1040;1;2473
1424;1;2474
1772;1;2512
2204;1;2482
1150;1;2526
1762;1;2499
2190;1;1
1018;1;2449
482;1;2490
413;1;2464
1673;1;2
1562;1;2465
3122;1;1
1111;1;2486
1031;1;2482
3014;1;1
2986;1;2
456;1;2463
1137;1;2507
1327;1;2440
941;1;2455
2957;1;2
741;1;1
2215;1;2507
1324;1;2
2908;1;1
639;1;2504
1146;1;2
2787;1;2
2188;1;1
69;1;2470
1307;1;2476
2778;1;1
914;1;2515
48;1;2458
1078;1;2
383;1;2480
2582;1;1
1981;1;2
2558;1;2
226;1;2505
1992;1;2
1430;1;2482
1988;1;2489
478;1;2488
1967;1;1
2519;1;1
719;1;2489
7438;1;2482
569;1;2498
970;1;2
1044;1;1
3135;1;2
967;1;2514
327;1;2443
7399;1;2509
1513;1;2457
552;1;2478
1116;1;2543
398;1;2446
6878;1;2
171;1;2472
1030;1;2473
799;1;2478
2802;1;1
942;1;2522
762;1;2
3345;1;2
1887;1;1
1190;1;2478
894;1;2480
494;1;2477
3269;1;2
2356;1;2457
966;1;2511
7538;1;1
2257;1;2484
488;1;2510
1512;1;2
1775;1;2484
1508;1;2503
1767;1;2
2915;1;1
550;1;2474
7593;1;2477
949;1;2462
1755;1;2
1145;1;2463
1754;1;2441
1311;1;2504
2865;1;1
634;1;2484
2168;1;2516
735;1;2475
870;1;2474
1716;1;2491
1697;1;2478
732;1;2460
7446;1;2
1871;1;2516
7434;1;1
3224;1;1
2918;1;1
2180;1;2
1748;1;2
2791;1;2
7445;1;2
680;1;2493
183;1;2489
7499;1;2487
7573;1;2521
7592;1;2459
4910;1;2
651;1;2
1586;1;2
751;1;2492
1577;1;2
627;1;2489
898;1;2465
1210;1;2506
3354;1;1
3366;1;1
496;1;2480
530;1;2481
376;1;2502
2396;1;2
1873;1;2
7391;1;2
397;1;2474
3297;1;2
1553;1;2499
3293;1;1
822;1;2512
3281;1;2
1861;1;2476
3234;1;2
1187;1;2480
3232;1;1
3060;1;1
7337;1;1
1050;1;2
1052;1;2
3119;1;1
5389;1;2468
2275;1;1
1168;1;2
1534;1;1
1529;1;2
965;1;1
1817;1;2
3075;1;1
2277;1;1
2284;1;1
1172;1;2
1528;1;2497
7397;1;2486
1813;1;2491
2283;1;1
2270;1;2503
1533;1;2
279;1;2521
1531;1;2
3241;1;1
1332;1;2480
3180;1;2
1182;1;2
1831;1;3
3144;1;1
1828;1;2525
1808;1;2
884;1;2487
1351;1;2492
3089;1;1
1537;1;2510
3045;1;2
1807;1;2523
2278;1;2
3076;1;2
3073;1;2
952;1;2470
3072;1;2
1810;1;1
3061;1;1
3047;1;2
3056;1;1
2243;1;1
3054;1;1
1532;1;2
3051;1;2
3050;1;2
1335;1;2475
3046;1;1
2268;1;2500
881;1;2441
2267;1;2
2266;1;2509
3041;1;1
3039;1;2
3037;1;2
3036;1;1
3038;1;2
5533;1;2483
127;1;2485
659;1;2502
1394;1;2
2288;1;2
1049;1;2477
428;1;2498
7580;1;2485
1759;1;2
3370;1;1
2355;1;2473
2279;1;2
1497;1;2
7549;1;2
7478;1;1
7429;1;2504
392;1;2485
1027;1;2486
1289;1;2
1481;1;2
588;1;2502
693;1;2467
689;1;2486
1730;1;1
1333;1;2473
1158;1;1
2825;1;1
50;1;2514
2818;1;2
2157;1;2
2148;1;2
542;1;2482
1293;1;2509
1256;1;2
2146;1;2
2804;1;2
945;1;2462
2138;1;2
939;1;2500
2796;1;2
2135;1;2497
4057;1;2506
2813;1;1
2812;1;1
2134;1;2
7335;1;2491
352;1;2485
64;1;2513
246;1;2490
86;1;2478
233;1;2521
953;1;2492
605;1;2519
192;1;2483
3447;1;1
766;1;2494
1074;1;2477
558;1;2515
1596;1;2
1894;1;1
498;1;2475
698;1;2448
2436;1;1
1396;1;2491
3410;1;2
7161;1;2
378;1;2488
984;1;2473
180;1;2460
186;1;2476
499;1;2453
832;1;2506
900;1;2490
2289;1;1
1134;1;2
2434;1;2
906;1;2492
1906;1;2483
905;1;2
2426;1;1
1895;1;2488
374;1;2482
2417;1;1
7087;1;1
3372;1;2
7063;1;1
94;1;2485
3120;1;2
438;1;2495
1471;1;2
853;1;2453
682;1;2476
7386;1;2501
337;1;2495
897;1;2492
1202;1;2495
230;1;2488
3451;1;1
2437;1;2465
3443;1;2476
3448;1;1
2287;1;2519
7325;1;1
2433;1;1
3442;1;1
3382;1;1
3439;1;2
2432;1;2506
1075;1;1
1390;1;2484
1599;1;2
3438;1;1
2422;1;2
604;1;2497
2431;1;2444
902;1;2487
1905;1;2476
3437;1;2
653;1;2473
3434;1;2
7310;1;2
3433;1;1
3430;1;1
3431;1;2
1208;1;2
1904;1;2
3427;1;2
2428;1;2
1903;1;2
6921;1;2
3091;1;1
3286;1;2468
7369;1;2
764;1;2466
2312;1;2471
1393;1;2
3407;1;2
1205;1;2484
2633;1;1
1070;1;2505
1387;1;2466
1385;1;2508
2828;1;2511
1891;1;2494
7330;1;2
7321;1;2500
7312;1;2
3428;1;2516
400;1;2444
7368;1;2
7366;1;2
7560;1;2471
7393;1;1
55;1;2511
80;1;2479
1249;1;2467
369;1;2503
7379;1;2
2445;1;2
779;1;2434
442;1;2480
993;1;2501
655;1;2496
1664;1;2
565;1;2448
470;1;2494
101;1;2457
2003;1;1
1983;1;2
1640;1;2
1925;1;2
3194;1;2
2340;1;1
2954;1;1
2206;1;2471
2950;1;2
2944;1;1
2930;1;1
1326;1;2527
926;1;2540
2565;1;2
2556;1;2
850;1;2472
537;1;2485
1093;1;2524
298;1;2497
1610;1;2
1083;1;2461
1917;1;2500
1914;1;1
1212;1;2
1910;1;2474
134;1;2509
1407;1;2
2077;1;2
1427;1;2
406;1;2450
607;1;2491
1300;1;2481
1746;1;2503
1735;1;1
2125;1;2
212;1;2473
1304;1;2475
344;1;2489
660;1;2498
934;1;2488
5140;1;1
1305;1;2514
1490;1;2485
1489;1;2514
2143;1;2495
1732;1;1
2738;1;1
2105;1;2
1989;1;2
580;1;2511
516;1;2500
2797;1;2
243;1;5
872;1;2
1170;1;2460
860;1;1
1306;1;1
220;1;2493
690;1;2492
868;1;1
1130;1;2477
2199;1;2
1800;1;2
2228;1;1
866;1;2453
1703;1;2475
1564;1;2484
1526;1;1
1164;1;2475
2200;1;1
2803;1;1
7372;1;2472
630;1;2
2091;1;2505
1271;1;2486
2693;1;1
729;1;2484
2086;1;2
3053;1;1
954;1;2460
2961;1;2
2690;1;2
2118;1;1
2758;1;2
2097;1;2
1477;1;2491
2106;1;2
2710;1;2
294;1;2499
2247;1;2506
708;1;2458
3364;1;2
1370;1;2497
1199;1;2
1882;1;2
551;1;2491
1581;1;2477
2388;1;2477
3185;1;2
3373;1;2
332;1;2492
1042;1;2
730;1;2478
1771;1;1
7547;1;2480
1269;1;2517
1301;1;2464
738;1;2481
700;1;2498
2759;1;1
254;1;2518
579;1;2480
1004;1;2494
669;1;2455
2520;1;2
2486;1;2
235;1;2527
916;1;2511
1297;1;2481
1986;1;2
28;1;2484
210;1;2452
1638;1;2486
2317;1;2
2239;1;2
851;1;2518
1132;1;2504
2310;1;2451
7555;1;2516
2171;1;1
1258;1;2500
685;1;2508
2159;1;2
2817;1;1
933;1;2486
2773;1;1
1278;1;2482
2638;1;2
2079;1;2470
539;1;2460
7579;1;2483
1113;1;1
342;1;2469
802;1;2
2651;1;2
2255;1;2
940;1;2483
1744;1;2479
2745;1;2
1138;1;2
1082;1;2
440;1;2489
1416;1;1
129;1;2455
844;1;2487
932;1;2
1422;1;2
770;1;2
1220;1;2
1613;1;2489
713;1;2470
167;1;2513
847;1;2497
1400;1;2514
845;1;2
908;1;2
1911;1;2
1226;1;1
2443;1;1
2447;1;2
1402;1;2487
1080;1;1
1601;1;2
2438;1;1
1131;1;1
843;1;2
2441;1;2
1919;1;2469
485;1;2492
3147;1;2
143;1;2497
643;1;2500
7548;1;2
1165;1;2445
1787;1;2480
663;1;2501
1792;1;2
3082;1;1
813;1;2482
7553;1;2478
2980;1;1
1764;1;2
2196;1;1
1032;1;2491
3071;1;1
1155;1;2486
6257;1;1
1294;1;2
3304;1;1
1876;1;1
2372;1;2494
2650;1;1
1568;1;1
7443;1;2485
1946;1;2514
505;1;2482
1711;1;2
1021;1;2520
760;1;2500
1035;1;2503
1501;1;1
816;1;2493
6736;1;1
2387;1;2
2418;1;2506
6667;1;1
6317;1;1
3074;1;1
6290;1;1
6131;1;1
3166;1;1
195;1;2472
726;1;2
1455;1;2504
2602;1;2
1674;1;1
275;1;2503
2028;1;1
2022;1;1
7561;1;2
1255;1;2455
671;1;2473
2064;1;1
677;1;2509
322;1;2485
1120;1;2464
2620;1;1
931;1;1
857;1;2469
670;1;2514
1237;1;2
2604;1;2
1449;1;2445
2029;1;2
675;1;2477
2585;1;1
514;1;2475
1007;1;2457
2385;1;2
1188;1;2
3264;1;1
7426;1;2
960;1;2482
1149;1;2487
1517;1;2498
2256;1;1
3191;1;1
3164;1;1
1552;1;2
1540;1;2
3100;1;2
3080;1;1
2970;1;1
2972;1;2
7421;1;1
1103;1;2509
285;1;2483
1569;1;2471
2977;1;2
566;1;2472
1506;1;2
2365;1;2
3312;1;2
307;1;2485
1774;1;2499
7411;1;2509
2132;1;2
2878;1;1
1144;1;2507
629;1;2487
1280;1;2509
2968;1;2
1191;1;2482
1833;1;2
7428;1;2464
1166;1;2491
2932;1;2
1314;1;2506
635;1;2501
2150;1;2477
2809;1;1
2007;1;2487
2596;1;2
540;1;2489
404;1;2513
3322;1;1
1349;1;2520
1766;1;1
2414;1;1
2369;1;2441
1863;1;2
1352;1;2425
3362;1;2438
490;1;2497
1381;1;2482
2350;1;2
2807;1;2
800;1;2483
232;1;2487
598;1;2456
2208;1;2
1597;1;2463
6434;1;1
2223;1;2481
486;1;2497
1689;1;2482
4888;1;1
3999;1;1
2561;1;2
1658;1;2492
3441;1;1
7384;1;2447
2379;1;1
1067;1;2
3368;1;2
2374;1;2
3187;1;1
2377;1;2
1173;1;2
657;1;2500
297;1;2475
610;1;2512
990;1;2511
1076;1;2497
7371;1;2
1399;1;2
1926;1;1
1019;1;1
601;1;2
7448;1;1
1047;1;2474
947;1;2468
742;1;2
2914;1;2
2906;1;1
2399;1;2505
3108;1;1
2967;1;1
2577;1;1
1141;1;1
793;1;2
2841;1;2
2840;1;1
2162;1;2
7456;1;1
618;1;2
7392;1;1
2313;1;2
2232;1;1
3310;1;1
3044;1;1
1728;1;1
7454;1;2
2111;1;2505
2070;1;2
7533;1;2482
784;1;2
785;1;2504
515;1;2475
2016;1;2
240;1;2497
1276;1;2476
1125;1;2
2630;1;1
1001;1;2490
924;1;2
2873;1;1
1243;1;2509
792;1;2485
2891;1;2
3033;1;1
2140;1;2497
2126;1;2
1279;1;2481
1718;1;2
1717;1;2
1628;1;2
2531;1;1
717;1;2489
1077;1;2488
1600;1;2
989;1;1
1224;1;2523
1214;1;2462
2314;1;2487
2919;1;2
606;1;2506
5415;1;1
2979;1;2
7526;1;2
863;1;2465
992;1;2494
2155;1;2
2241;1;2
2579;1;1
912;1;2500
715;1;2489
1618;1;2
1795;1;2
1791;1;2
1779;1;2505
1783;1;2
1778;1;2493
2936;1;2
1328;1;2496
1899;1;2
2078;1;2
5392;1;2
7378;1;2482
7584;1;2513
608;1;1
445;1;2482
1729;1;1
803;1;2470
476;1;2487
1429;1;2
662;1;2495
340;1;2494
2541;1;1
865;1;2494
920;1;2529
1106;1;2465
2502;1;1
1947;1;2
533;1;1
1404;1;2484
1928;1;2448
1623;1;2472
1943;1;2
1933;1;2519
7395;1;2
7520;1;2487
7571;1;2511
7576;1;2500
3015;1;1
3035;1;2
1801;1;1
1827;1;1
2258;1;2
1530;1;1
1805;1;1
3178;1;2
2718;1;1
3102;1;1
2303;1;1
3063;1;1
2272;1;2489
3032;1;2
1803;1;2
3308;1;1
3303;1;2
3174;1;1
3065;1;1
2116;1;2
169;1;2503
2114;1;1
1235;1;2499
2741;1;2
1920;1;2492
2734;1;1
1473;1;2522
2677;1;1
568;1;2493
7402;1;2474
7511;1;2457
1094;1;2502
1420;1;2490
830;1;2474
3289;1;1
1874;1;2
7436;1;2487
1241;1;2499
633;1;2476
875;1;2494
721;1;2476
1428;1;2460
1948;1;1
2883;1;1
2880;1;2
1140;1;2476
1667;1;2
778;1;2486
576;1;2512
403;1;2490
1975;1;1
1974;1;2
1417;1;2480
1236;1;2503
1932;1;2
1756;1;1
2182;1;2
1751;1;2508
1020;1;2487
1809;1;1
2887;1;1
2879;1;1
2151;1;2
2798;1;1
2133;1;2
7389;1;2453
2902;1;1
2893;1;2
2195;1;2
2886;1;2
2896;1;2
464;1;2485
2380;1;2477
3417;1;1
1959;1;2482
7545;1;1
7463;1;1
368;1;2484
2557;1;2
328;1;2511
2995;1;1
283;1;2499
673;1;1
144;1;2517
688;1;2446
1189;1;2
390;1;1
1454;1;2450
2237;1;2
2943;1;2
2872;1;2
2854;1;1
1319;1;1
1763;1;1
385;1;2485
2220;1;2
3107;1;2
1567;1;2
2337;1;2
1539;1;1
421;1;2474
1480;1;2
2160;1;1
1733;1;1
2120;1;1
1719;1;1
2098;1;2
252;1;2511
2656;1;2
2137;1;2
2107;1;1
2576;1;2
2508;1;1
357;1;2481
2637;1;2
2595;1;2
1963;1;1
1657;1;2
1135;1;2512
2766;1;2
704;1;2471
2403;1;2
1383;1;2455
1582;1;2478
1893;1;1
3352;1;1
3361;1;1
3348;1;1
3344;1;1
3226;1;1
1544;1;2
3218;1;2
648;1;2514
3411;1;2
2419;1;2
7349;1;1
7422;1;2
3270;1;2
2362;1;2497
2364;1;1
740;1;2
1773;1;2
1504;1;2
2184;1;2
3093;1;1
3081;1;2
1614;1;2
2398;1;2
3196;1;1
2366;1;2
3161;1;1
3150;1;1
3126;1;1
3123;1;2
3130;1;1
3104;1;1
3098;1;2
3085;1;2
1814;1;2
3077;1;1
972;1;2478
1851;1;2485
705;1;2481
3186;1;2
1781;1;1
899;1;2480
2483;1;2
1095;1;2453
2453;1;1
3406;1;1
2816;1;2
2429;1;2
2430;1;2
3409;1;1
2416;1;2
520;1;2487
1554;1;2490
1200;1;2470
7365;1;1
1939;1;2
2682;1;2
2071;1;2494
1460;1;1
786;1;5
7570;1;2477
1651;1;1
1662;1;1
2544;1;1
1984;1;2
2018;1;2
7572;1;2
2851;1;2
2856;1;1
2594;1;1
1242;1;2
1646;1;2
615;1;2517
422;1;2492
746;1;1
453;1;2458
2800;1;2
814;1;1
2262;1;1
1364;1;2
1866;1;2
3121;1;1
3099;1;1
2297;1;2
3029;1;2
1804;1;2
1105;1;2491
3024;1;2
1780;1;2
1758;1;2498
2874;1;2
1752;1;2488
2863;1;1
2861;1;1
2850;1;1
2847;1;1
2169;1;2506
2153;1;2
1485;1;2492
2183;1;2439
2121;1;2
2175;1;2
745;1;2487
968;1;2
2969;1;1
2234;1;1
2768;1;2
2761;1;1
324;1;2483
3347;1;1
1838;1;2484
2762;1;1
447;1;2483
2449;1;2
463;1;2464
3346;1;2
3342;1;1
7464;1;1
1263;1;1
1259;1;2
1605;1;2489
1448;1;2477
1648;1;2496
1620;1;2489
2857;1;2
1017;1;2
775;1;2519
1100;1;2
2685;1;2
2696;1;1
2626;1;1
2046;1;2
2037;1;2484
678;1;3
303;1;2508
1011;1;2
1684;1;2466
480;1;2470
911;1;2504
1941;1;2480
339;1;2498
619;1;2488
938;1;2493
1118;1;2500
2667;1;1
1440;1;2430
1133;1;2469
511;1;2460
1511;1;2
1022;1;2484
2739;1;2
2083;1;2496
2051;1;1
1705;1;1
2723;1;1
2099;1;2
1704;1;2
2688;1;2
2683;1;2
2654;1;2
2678;1;1
2672;1;2
2675;1;2
1700;1;2
2670;1;2
2749;1;2
1660;1;2469
2104;1;2
2068;1;2
2706;1;2
405;1;2487
2708;1;1
2530;1;2
2101;1;2
1273;1;2476
1468;1;2
2087;1;2493
2092;1;2
2694;1;2
624;1;2
555;1;2444
2991;1;2
2925;1;1
184;1;2479
2357;1;2
3331;1;2
3250;1;1
3244;1;1
3416;1;1
3360;1;2
3343;1;1
7419;1;2455
2960;1;2
450;1;2
909;1;2517
1423;1;2
1616;1;1
2481;1;1
1619;1;2466
3415;1;1
2373;1;2
2951;1;2
399;1;1
3440;1;1
3444;1;2
1204;1;2494
3395;1;2
3393;1;1
1593;1;2420
3383;1;1
1045;1;2471
1884;1;1
3318;1;1
3306;1;1
1880;1;2465
2080;1;1
7473;1;2
461;1;2509
3235;1;2
1405;1;2490
1201;1;2451
7404;1;1
2043;1;2514
1193;1;2
2269;1;2486
1690;1;2485
2628;1;2
2625;1;1
2623;1;2
1453;1;2
2033;1;2
2096;1;2
7439;1;2
2038;1;2501
441;1;2488
1665;1;2481
1084;1;2480
7546;1;2
7424;1;2488
1053;1;2497
1323;1;1
2985;1;1
1425;1;2487
3208;1;1
1821;1;2505
7468;1;1
3171;1;2
3412;1;2
3284;1;2
7342;1;2
7469;1;2
3179;1;2
2410;1;1
3403;1;1
1889;1;2494
3246;1;1
2304;1;2
1829;1;2
2953;1;2
3302;1;2
7497;1;1
7339;1;2
7581;1;2457
3404;1;2
3387;1;1
3379;1;1
2412;1;2466
3425;1;1
2411;1;1
273;1;2535
1706;1;2
925;1;2497
1488;1;2
996;1;2484
919;1;2
7451;1;2496
1272;1;2468
2019;1;2
444;1;2505
2473;1;1
2624;1;2
1993;1;2
2455;1;1
827;1;1
1694;1;1
2720;1;1
2490;1;1
2580;1;2
1247;1;2
1990;1;2
1005;1;2
1434;1;1
1244;1;2
481;1;2514
1013;1;2
856;1;2
7329;1;2
6644;1;1
2229;1;2
6958;1;1
3353;1;2
1879;1;2
3445;1;2477
1397;1;1
1388;1;2465
1915;1;2
2041;1;2
1058;1;2467
1777;1;2506
2610;1;1
1099;1;2494
2663;1;2
2842;1;1
1683;1;2461
2005;1;2
1951;1;1
1431;1;2
668;1;2520
7524;1;2493
722;1;2
922;1;2495
999;1;2466
1930;1;2458
959;1;1
2309;1;1
2274;1;2
7418;1;1
7539;1;2482
3031;1;1
502;1;2483
1607;1;2
1594;1;2
2415;1;2465
3398;1;1
3429;1;1
3426;1;2
3423;1;2
2413;1;1
3374;1;2
7370;1;1
3220;1;2
3213;1;1
3251;1;2
3285;1;2
3137;1;2
957;1;2477
2933;1;1
2931;1;2
410;1;2491
2911;1;1
2702;1;2
2193;1;2481
2805;1;2
765;1;2
1592;1;2
2521;1;2
1071;1;1
2170;1;2
2165;1;2
2066;1;1
2684;1;2
2864;1;1
2862;1;1
2855;1;2
2838;1;2
343;1;2495
325;1;2
1738;1;2
2774;1;2
1811;1;2479
1671;1;2
7556;1;2477
2299;1;2
1820;1;2491
3079;1;1
3408;1;1
3396;1;2
2394;1;1
7502;1;2502
7367;1;2
2225;1;2
3381;1;1
3371;1;1
2673;1;2
2421;1;1
1559;1;2502
1591;1;2
895;1;1
3321;1;2
3294;1;1
3282;1;1
1227;1;2
1228;1;2
1216;1;1
1096;1;2
1097;1;1
1092;1;1
1231;1;2
1223;1;2
998;1;2510
1217;1;1
1215;1;1
1211;1;2
1213;1;1
1079;1;1
1081;1;1
1418;1;1
1414;1;1
1408;1;1
1412;1;2
1411;1;1
1410;1;2
997;1;2468
991;1;2482
1403;1;1
1406;1;2
1219;1;2
1089;1;2482
1609;1;1
1608;1;2
1437;1;2475
3182;1;2
1439;1;2488
849;1;2525
2575;1;1
2572;1;2
1659;1;1
2549;1;2
2551;1;1
3212;1;2
791;1;2
2701;1;1
2653;1;2
2216;1;2
1850;1;2
2993;1;1
3267;1;1
2895;1;2
2242;1;2
2406;1;2493
2526;1;2
2527;1;2
852;1;2
2245;1;1
2717;1;2
2094;1;2
477;1;2440
2509;1;1
2510;1;1
1641;1;1
2507;1;2
2522;1;1
2518;1;1
2514;1;2
2515;1;2
2568;1;2
1644;1;1
2318;1;2475
2584;1;1
7498;1;2531
7481;1;1
3389;1;2
2325;1;2
1039;1;2491
2236;1;2
1770;1;2462
2905;1;2
1026;1;1
3094;1;2
1357;1;2509
495;1;2
1377;1;2
1561;1;2492
3262;1;2
1888;1;2475
2348;1;1
3384;1;1
1761;1;2473
737;1;2506
2469;1;2
2456;1;1
7440;1;2
3152;1;2
2251;1;2476
1852;1;2
541;1;2521
763;1;2470
2226;1;2
2197;1;2493
2219;1;1
2939;1;1
2934;1;1
1507;1;2530
2894;1;2
963;1;1
3115;1;1
1995;1;2
1913;1;1
1969;1;2
2451;1;2
2294;1;1
581;1;2514
1463;1;2
1685;1;2497
2822;1;2
2545;1;1
2564;1;2
1999;1;2
1647;1;2477
213;1;2489
808;1;1
261;1;2499
218;1;2553
3277;1;1
3338;1;1
839;1;2465
2393;1;2517
2971;1;2
7340;1;2449
2609;1;1
864;1;1
2248;1;2474
1692;1;2477
2639;1;2
2574;1;1
858;1;2507
425;1;2510
3169;1;1
2714;1;2
2824;1;2
2156;1;1
1277;1;2497
2815;1;1
3386;1;1
1234;1;1
1845;1;2
2213;1;2487
1765;1;1
2990;1;2
3025;1;2
761;1;2501
837;1;2
835;1;2
2246;1;1
2240;1;1
1514;1;2
1154;1;2477
2965;1;1
995;1;2
1786;1;2
2659;1;1
1655;1;2
1964;1;2501
1245;1;2
1668;1;2
1682;1;1
1527;1;2
2264;1;2
2224;1;1
1961;1;1
3248;1;2
3337;1;1
2392;1;2
363;1;2500
1841;1;2
1160;1;2492
7343;1;2
1965;1;2457
1299;1;1
2634;1;2
2231;1;2462
2191;1;2452
1806;1;2
3117;1;2
2963;1;2
2924;1;2
3125;1;1
2286;1;2
2254;1;2464
3022;1;2
3016;1;2
3003;1;2
2988;1;1
2958;1;2
2935;1;2
1515;1;2
1753;1;2505
595;1;2477
2946;1;1
2679;1;2
1696;1;2
7530;1;2480
1557;1;2
2323;1;2
3333;1;2
1565;1;2
1354;1;2
3017;1;2
1604;1;1
582;1;2489
7383;1;1
7527;1;2493
364;1;5
1073;1;2
1207;1;1
2611;1;1
1966;1;1
2618;1;1
2012;1;2
2000;1;2
2566;1;2
674;1;2
574;1;2497
1982;1;2
1014;1;2498
1447;1;1
2550;1;2
3239;1;1
3034;1;1
388;1;1
573;1;1
7460;1;1
1330;1;2
903;1;1
889;1;1
1391;1;1
2424;1;1
1918;1;2
7332;1;2
2978;1;2
2265;1;1
2983;1;2
1955;1;2521
2069;1;2
2606;1;1
3114;1;2
2187;1;2
6786;1;1
6123;1;1
1587;1;1
2450;1;2
1968;1;2
584;1;2490
620;1;2499
2598;1;1
1433;1;2463
2004;1;2
2636;1;2
2976;1;2
823;1;2
1062;1;2457
1855;1;2494
3175;1;1
2657;1;2
1935;1;2
2466;1;2
2732;1;2
1143;1;2
631;1;2
1712;1;1
1722;1;2
1617;1;1
1268;1;2459
667;1;2
756;1;2477
2074;1;2
1994;1;1
1973;1;2506
2525;1;2
1892;1;2
1443;1;2
1257;1;2475
1789;1;2442
2686;1;2
556;1;1
887;1;1
1344;1;1
3109;1;1
1890;1;2507
3380;1;2
1997;1;1
2462;1;2
1653;1;2
1996;1;2
2570;1;1
2471;1;2
2464;1;2
1334;1;2
2503;1;1
1101;1;2451
7413;1;4
1252;1;2
1654;1;2516
1432;1;1
2553;1;2
7373;1;2484
7519;1;2501
1695;1;2
1727;1;2
2532;1;2
913;1;2530
714;1;2480
3261;1;1
1624;1;2486
239;1;2472
1464;1;2490
1645;1;2
2076;1;1
1958;1;2
1972;1;2
2642;1;2
2562;1;2
2535;1;1
448;1;2487
571;1;2474
1110;1;2
2524;1;1
2400;1;1
1181;1;2
2329;1;1
418;1;2
1858;1;2
1575;1;2
1864;1;1
3230;1;2
3280;1;2
3273;1;1
3420;1;2
1588;1;2492
2523;1;2
1713;1;2
2482;1;1
1229;1;2
1676;1;1
2733;1;2
723;1;2
2736;1;2
2729;1;1
1122;1;2
2009;1;1
1740;1;2
7375;1;2494
1739;1;1
1970;1;2
2792;1;2
2790;1;2
2916;1;2
1498;1;1
1802;1;2456
1369;1;2
2959;1;2
2010;1;2485
2194;1;2
805;1;2
1916;1;1
7455;1;2
2476;1;2
426;1;2489
2647;1;1
282;1;2495
575;1;2499
1612;1;2
1669;1;1
1931;1;2464
2928;1;2
1119;1;2
1688;1;2
2669;1;2
679;1;1
1121;1;2
1262;1;2467
1142;1;2
1206;1;1
1203;1;2
1595;1;1
1598;1;2498
2435;1;1
3450;1;2
387;1;2470
2583;1;2
1266;1;2
724;1;2461
2052;1;2
2025;1;2
2589;1;2
806;1;1
2984;1;2
3350;1;1
2347;1;1
7467;1;2
2829;1;2
2827;1;1
1938;1;2
1221;1;2502
7437;1;2507
1123;1;2508
2047;1;1
3106;1;1
3223;1;1
1446;1;1
2680;1;1
612;1;2479
2045;1;2
2799;1;1
2785;1;2
3190;1;1
3334;1;1
3172;1;2
1426;1;1
2202;1;2
1444;1;2
929;1;2
2664;1;1
1303;1;1
2834;1;2
1296;1;1
2833;1;1
2013;1;1
1015;1;2475
2581;1;2
1953;1;2
616;1;2449
1102;1;2505
1940;1;2
2035;1;1
2023;1;1
1934;1;2
828;1;2
414;1;1
1002;1;2528
1240;1;2
2661;1;2
2601;1;2
2054;1;2
7529;1;2495
3325;1;2
3040;1;2
3086;1;2
1016;1;2
1626;1;2
2484;1;1
921;1;2488
1944;1;1
1937;1;2
1625;1;2
2463;1;1
1945;1;2
2461;1;1
1680;1;2
2044;1;1
3205;1;1
855;1;1
1991;1;2
1012;1;2513
788;1;1
2407;1;2475
1707;1;1
3007;1;2
1321;1;2
1924;1;2
2512;1;2
782;1;1
1438;1;2485
2015;1;2
359;1;2511
2062;1;2
2060;1;2
2617;1;2
2061;1;2
2616;1;2
2059;1;2
2058;1;2
2057;1;2
2056;1;1
2055;1;2
2189;1;2
3012;1;2
2852;1;2
465;1;2
559;1;2500
2668;1;2
2042;1;2
2034;1;2
3257;1;1
3146;1;1
3069;1;1
7338;1;2
560;1;5
3424;1;2
3399;1;1
2409;1;1
3128;1;2
3413;1;1
676;1;2473
2547;1;1
1114;1;2
2008;1;2
2599;1;1
2998;1;2
2123;1;2494
1161;1;2
7333;1;1
2890;1;2
2949;1;2
2212;1;2485
2929;1;2
1196;1;2488
3359;1;1
2974;1;1
1666;1;2
1115;1;2497
2699;1;2
2648;1;1
2506;1;1
1956;1;2481
2622;1;2
2036;1;2
2832;1;2
2164;1;1
2130;1;2
797;1;1
2835;1;2
2938;1;1
2956;1;2
1857;1;2
415;1;2480
829;1;1
3324;1;2
901;1;1
1927;1;1
1419;1;2477
2555;1;2
7374;1;2459
831;1;2
861;1;1
1549;1;2486
3201;1;1
3301;1;1
2370;1;2
7541;1;1
1825;1;2447
2014;1;2
1979;1;2
1238;1;1
2501;1;2
2500;1;1
1630;1;2
1637;1;1
2491;1;2
2496;1;1
927;1;2478
2048;1;2492
1971;1;2
1265;1;1
923;1;2
1962;1;2507
1246;1;1
950;1;1
1366;1;2
3326;1;2
1878;1;2
985;1;1
1898;1;2
652;1;1
2538;1;1
2537;1;1
2546;1;2
1652;1;2
2480;1;2
2901;1;1
1912;1;1
2937;1;1
1627;1;2476
1980;1;1
2082;1;2473
2569;1;1
2567;1;2
867;1;2
577;1;2479
2603;1;1
1675;1;2489
2560;1;1
1699;1;2
628;1;2
2994;1;2
7331;1;1
2233;1;1
1622;1;2483
3340;1;1
3320;1;2
1907;1;2
794;1;1
2593;1;1
1985;1;2496
2345;1;2
1000;1;2
2548;1;2
1679;1;2504
2539;1;1
1978;1;2
2030;1;1
2658;1;2
1291;1;2
2899;1;2
2973;1;2
1341;1;2
819;1;2
644;1;1
3216;1;1
2316;1;1
2529;1;1
1798;1;1
1633;1;2
2665;1;1
776;1;2
2474;1;1
2460;1;2
2859;1;2
2643;1;1
2614;1;2
1639;1;1
2591;1;1
1260;1;1
2026;1;2
2755;1;2
2910;1;2
3252;1;1
3249;1;2
3243;1;1
3153;1;1
1543;1;2
3090;1;1
2590;1;2
1466;1;2
1281;1;1
1474;1;1
2040;1;1
2039;1;2
1435;1;2462
2027;1;2
2705;1;2
2681;1;2
2753;1;1
3357;1;2
2154;1;1
7441;1;1
880;1;1
1848;1;2483
3258;1;2
3219;1;1
834;1;1
611;1;2476
2517;1;2
2505;1;2
2554;1;1
1441;1;2504
1008;1;2475
2843;1;2
2640;1;1
2645;1;1
2646;1;2
1469;1;2
5660;1;1
789;1;1
2088;1;2476
1710;1;2498
1769;1;2488
3151;1;1
2207;1;2
1747;1;1
2882;1;1
2913;1;1
2831;1;1
2341;1;2
3110;1;1
3207;1;2
3165;1;1
2343;1;1
3160;1;2
2425;1;1
3170;1;1
2423;1;1
2452;1;2
2722;1;1
2571;1;2
2533;1;1
820;1;1
2704;1;1
2100;1;2
2649;1;2
2534;1;1
3058;1;1
1677;1;2
2592;1;2
930;1;2
1686;1;2
2612;1;2
2050;1;1
2112;1;2537
2776;1;2
2719;1;1
2721;1;1
2715;1;2
1701;1;2489
948;1;2
3204;1;1
833;1;1
3480;1;1
1687;1;1
2495;1;1
2478;1;1
1661;1;2495
790;1;1
2615;1;1
1656;1;2474
4311;1;1
731;1;2
2765;1;2
2860;1;2
2877;1;2
3005;1;2
2912;1;1
3067;1;2
1823;1;1
1183;1;2
978;1;1
1897;1;2
3358;1;2
3288;1;2
3276;1;1
2475;1;2
7449;1;1
2494;1;1
1253;1;1
2011;1;1
928;1;2
1451;1;2
2072;1;1
7414;1;2
7396;1;2
7409;1;2
2724;1;2
2728;1;2
2641;1;1
7453;1;2
2836;1;1
795;1;1
1312;1;1
1503;1;1
2174;1;2
2186;1;2
1486;1;2
1741;1;2
2917;1;1
2884;1;2
2875;1;2
2871;1;1
2867;1;2
2849;1;1
2230;1;2
811;1;2
3238;1;1
2339;1;1
3323;1;1
3376;1;2
3240;1;2
3188;1;1
3268;1;2
2420;1;2
836;1;2
838;1;1
3021;1;1
2711;1;2
1960;1;2464
2543;1;1
2703;1;2
1124;1;2
2629;1;1
1467;1;2504
1585;1;2
873;1;1
7476;1;1
7230;1;1
3237;1;1
3419;1;1
3446;1;2
907;1;1
3097;1;1
2542;1;2
2573;1;1
2021;1;2
1126;1;1
2075;1;2
936;1;2
1275;1;1
2726;1;1
2948;1;1
1479;1;2
2161;1;1
1799;1;1
2218;1;1
3162;1;2
3055;1;1
2214;1;2
1563;1;2
2359;1;2
1954;1;2484
3291;1;1
2457;1;1
2458;1;1
1006;1;2476
3405;1;2
2115;1;2
2110;1;1
2730;1;1
2600;1;1
2158;1;1
1037;1;5
1329;1;2
7416;1;2494
7458;1;2
2982;1;2
3157;1;1
3263;1;1
2489;1;1
2689;1;2
2470;1;1
2081;1;5
2513;1;2
2516;1;2
1112;1;2
2020;1;2
2095;1;1
2063;1;1
3184;1;1
3008;1;2
3168;1;1
6166;1;1
3199;1;2
3255;1;2
3315;1;1
3311;1;1
1869;1;3
7163;1;1
2444;1;2
2608;1;2
2477;1;2
2504;1;1
1643;1;2
2691;1;1
2588;1;1
2563;1;1
1250;1;1
2587;1;2
2032;1;2484
2712;1;1
2674;1;2
2085;1;2
1745;1;1
3225;1;2
2888;1;2
1345;1;1
2349;1;2
2390;1;2
7346;1;1
1384;1;1
1902;1;2
7273;1;2
7198;1;1
7385;1;1
1389;1;1
3388;1;1
2635;1;1
2597;1;2
2528;1;1
2644;1;2
1452;1;1
2073;1;2
1462;1;2
2084;1;2
2676;1;2
2757;1;2
2131;1;2
1631;1;1
3278;1;2
3266;1;1
1572;1;1
2487;1;1
2540;1;1
2067;1;2
1629;1;1
1950;1;3
1949;1;2
2655;1;2
2964;1;2
1650;1;1
2627;1;1
2089;1;2
1663;1;1
1670;1;2
1672;1;1
1681;1;1
2662;1;2
2621;1;2
1698;1;1
2666;1;1
2671;1;1
2692;1;2
2716;1;1
2735;1;2
1723;1;2
2769;1;1
2897;1;2
2940;1;2
2203;1;1
3030;1;2
3140;1;1
3209;1;1
3242;1;2
3265;1;2
3195;1;2
3272;1;2
1870;1;1
3271;1;1
3214;1;2
3397;1;2
3401;1;2
3390;1;2
2751;1;1
1976;1;2
1987;1;2
2578;1;1
2613;1;1
2697;1;2
2049;1;1
2660;1;1
7450;1;2
6157;1;1
3363;1;2
7452;1;1
2737;1;2
7344;1;2
2885;1;2
2205;1;2
2221;1;2
2222;1;2
7462;1;2
2259;1;2
3287;1;2
2319;1;1
2322;1;1
2327;1;1
3391;1;2
3449;1;1
3377;1;2
3436;1;2
3435;1;1
3432;1;2
7364;1;1
2382;1;1
3299;1;2
3327;1;1
3183;1;1
2440;1;1
2493;1;2
2536;1;2
2607;1;1
2652;1;2
2748;1;2
2788;1;1
2789;1;1
2794;1;2
2811;1;1
2900;1;1
2975;1;1
3095;1;2
3136;1;1
3138;1;1
3217;1;1
3197;1;1
3227;1;2
3228;1;1
6336;1;1
3296;1;1
3314;1;2
3394;1;1
5029;1;1
7405;1;1
7407;1;1
7430;1;2540
7465;1;2
5837;1;1
7363;1;1
7376;1;1
7461;1;2
7466;1;2
446.83477663993835
