i;|Xi|;|F(Xi)|;profundidad5;dirección0;prob vecinos0.25
1;946;2768
7188;533;2693
430;933;2778
3134;947;2745
3026;944;2754
3010;944;2779
804;940;2768
160;945;2770
95;934;2775
377;944;2768
888;945;2794
89;944;2762
1901;944;2777
161;950;2795
256;924;2798
351;932;2792
3329;944;2797
3341;944;2769
649;957;2796
1583;944;2752
87;933;2774
37;941;2773
309;940;2783
821;941;2764
1496;946;2775
637;939;2775
964;955;2774
594;944;2763
2249;944;2787
554;954;2791
20;933;2797
2227;944;2778
1315;945;2768
519;945;2770
1316;944;2750
2149;940;2773
1724;938;2801
18;950;2780
57;950;2788
118;950;2758
3254;929;1858
1177;945;2788
112;935;2791
11;936;2798
586;948;2787
35;940;2793
15;937;2796
1445;948;2752
152;935;2807
2;933;2797
113;938;2765
44;935;2759
2401;937;2779
10;938;2762
2378;954;2781
126;956;2781
3245;944;2766
783;946;2749
493;932;2794
1358;940;2746
1180;941;2766
529;940;2761
333;942;2763
1538;933;2778
2282;944;2777
1519;948;2770
2966;944;2780
474;959;2773
330;946;2789
958;930;2762
17;932;2754
1295;940;2778
38;949;2771
1952;944;2772
223;931;2758
625;952;2792
1392;938;2785
3355;944;2749
1881;945;2805
58;960;2767
96;961;2768
1580;947;2800
196;928;2790
146;939;2793
416;963;2766
1198;951;2781
3319;944;2775
1867;944;2781
896;932;2782
617;957;2806
3300;944;2744
1877;946;2798
462;951;2798
3279;944;2771
454;939;2775
1860;936;2799
121;928;2765
151;947;2792
1570;953;2801
1573;945;1890
1063;944;2789
1353;947;2782
459;947;2756
2334;941;2754
1267;954;2742
1060;939;2796
1061;931;2773
7431;938;2775
1355;944;2782
71;959;2776
3070;944;2783
2113;944;2768
3001;933;2769
396;941;2765
2260;944;2797
142;933;2769
2238;946;2787
123;927;2803
2942;944;2785
1509;935;2773
7410;942;2786
1760;959;2764
2876;944;2770
259;932;2774
1493;947;2792
2845;944;2796
370;948;2795
2844;947;2777
2167;946;2740
156;954;2786
2808;944;1888
255;954;2773
736;950;2769
7603;946;2765
346;930;2786
9;921;2768
75;926;2781
175;935;2762
2754;944;2768
22;940;2781
155;934;2748
1261;943;2791
2552;944;2771
2586;944;2779
710;935;2746
578;945;2740
472;943;2780
2472;945;2763
1606;945;2751
4;928;2814
563;938;2750
744;943;2786
3422;944;2805
250;948;2789
249;942;2761
2427;944;2783
3414;944;2778
1590;936;2776
2305;935;2764
1900;946;2787
3392;950;2776
1065;943;2770
1147;940;2779
1072;936;2755
3375;944;2767
1024;939;2793
709;945;2766
1382;946;2784
3332;944;2773
1885;948;2789
3330;944;2783
1197;962;2786
3316;944;2790
1886;943;2766
154;940;2780
1522;950;2770
2391;946;2790
3298;944;2796
432;950;2766
3292;944;2818
3290;944;2789
7597;961;2798
3274;932;2795
1875;945;2776
291;925;2787
158;929;2833
1579;951;2777
1846;938;2801
1066;942;2781
290;948;2781
3233;944;2746
891;935;2795
247;919;2758
1856;935;2753
3211;944;2798
115;943;2797
1365;945;2786
483;946;2775
3210;944;2770
3189;944;2765
3193;944;2766
2352;934;2782
1847;943;2773
3173;944;2782
1051;943;2773
1843;932;2785
2342;940;2768
7341;952;2796
3139;944;2750
1186;946;2773
3167;944;2757
3149;944;2752
1842;949;2775
3156;950;2785
3141;944;2788
817;941;2760
1840;953;2776
1839;940;2780
2324;942;2788
3143;944;2773
3142;944;2775
174;940;2754
2315;941;2796
1356;942;2798
1835;935;2768
296;950;2748
3118;944;2785
1542;939;2763
3111;944;2769
753;940;2792
3088;944;2763
395;949;2798
3068;944;2749
3042;944;2759
1442;950;2771
1339;937;2769
596;947;2774
2281;947;2761
222;933;2776
194;947;2766
3064;944;2767
1812;931;2793
1796;969;2776
701;926;2775
124;935;2768
3057;944;2794
7427;949;2772
2276;938;2771
2271;945;2776
1525;933;2759
2235;941;2774
3027;944;2780
2090;945;2769
1342;947;2784
331;933;2794
3023;944;2759
2261;937;2747
68;937;2783
116;918;2765
1043;938;2761
3020;944;2802
491;947;2769
179;943;2774
2252;959;2786
214;940;2761
439;937;2777
2147;929;2751
1167;947;2772
697;928;2762
67;944;2768
1793;949;2814
258;935;2784
1340;939;2766
2996;944;2773
1520;946;2782
1336;941;2799
30;964;2792
178;959;2765
747;954;2772
2962;944;2782
2952;944;2766
455;953;2781
260;964;2779
623;940;2760
29;924;2771
1510;935;2763
2927;944;2803
301;951;2787
2907;944;2758
2909;944;2772
1148;948;2778
955;945;2786
1502;969;2771
2853;937;2767
1500;941;2810
2178;949;2770
1320;947;2761
874;953;2774
2177;938;2775
2892;947;2765
636;941;2794
1034;940;2766
1494;929;2780
276;947;2793
1318;944;2796
117;953;2770
1492;937;2776
1302;938;2781
1313;939;2780
1491;946;2772
2870;944;2786
2181;940;2777
1309;942;2772
1750;949;2772
2848;944;2735
1458;944;2778
951;934;2761
1029;920;2812
2176;945;2758
2846;944;2806
347;944;2777
2173;949;2766
2826;944;2780
1742;952;2763
2166;940;2762
2823;944;2766
2820;944;2773
2814;944;2748
1736;941;2756
1025;955;2759
1482;940;2768
1483;942;2814
2152;942;2777
2806;944;2776
1128;941;2783
2801;944;2783
2795;944;2763
1290;935;2782
1288;939;2770
1436;954;2772
2498;944;2752
2784;944;2752
587;925;2790
2780;944;2749
2779;944;2775
305;938;2766
944;932;2795
2129;942;2746
683;941;2762
42;939;2765
1136;941;1882
1283;946;2786
2127;943;2789
2093;949;2773
1284;936;2764
72;934;2773
264;935;2793
2756;944;2797
1285;941;2753
613;970;2769
304;958;2768
1282;946;2764
4721;951;2773
1475;925;2763
2746;944;2768
1715;944;2762
734;938;2770
2108;948;2768
1923;945;2767
1465;944;2769
2742;944;2773
2117;944;2752
1720;937;2731
90;917;2785
2731;944;2759
1457;946;2760
2725;944;2755
2109;948;2756
543;953;2750
2102;942;2778
712;938;2774
231;953;2766
2687;944;2775
1708;946;2804
1129;938;2745
76;960;2771
2065;943;2783
1251;945;2779
1248;939;2766
725;947;2769
2559;944;2783
507;947;2768
1942;942;2782
1232;932;2735
534;940;2782
994;951;2764
503;941;2777
2448;944;2754
846;953;2775
1028;482;2609
2367;483;2620
2296;482;2641
379;929;2776
3421;482;2599
3418;483;2607
3402;482;2633
3385;482;2599
3367;482;2585
3349;482;2617
545;942;2764
1589;953;2779
3339;483;2637
2402;935;2808
3335;482;2604
3317;482;2614
1862;896;2763
3313;482;2632
3295;482;2612
2383;939;2759
1195;962;2797
3283;482;2601
2375;921;2778
292;933;2774
3256;483;2625
3259;482;2607
3253;919;2760
3247;482;2648
2368;484;2619
1574;939;2776
3215;482;2602
3202;482;2600
2351;938;2774
3163;482;2596
2338;940;2765
1521;933;2794
3148;482;2605
3124;482;2611
3113;483;2606
3013;482;2615
1826;941;2793
3103;482;2630
1822;926;2755
3101;482;2622
3083;482;2612
3084;482;2654
3078;482;2611
3062;482;2607
3059;482;2594
2273;483;2618
3048;482;2605
523;952;2779
373;926;2770
1331;930;2799
3004;482;2637
3006;482;2625
810;940;2755
3000;483;2603
2999;482;2640
2989;482;2613
1337;929;2786
2941;482;2639
2947;482;2646
2945;482;2649
2926;482;2586
2217;933;2769
1505;938;2767
2920;482;2601
2782;482;2609
2904;482;2626
2898;482;2609
2198;916;2803
2881;483;2623
2185;916;2782
2858;482;2624
1749;920;2780
2837;482;2607
517;958;2777
2163;920;2767
2830;482;2607
2632;482;2578
796;941;2773
2810;482;2614
2144;914;2804
2136;914;2812
2793;482;2576
2786;482;2625
2783;482;2610
2775;482;2608
2772;482;2621
2771;482;2623
2767;483;2623
2764;482;2635
2763;482;2633
2752;482;2608
2750;482;2605
2747;482;2620
2119;928;2779
2744;482;2625
2743;482;2624
2707;482;2629
2713;482;2636
2700;482;2638
1413;934;2778
2695;482;2585
2619;482;2631
2605;482;2637
1117;931;2754
300;926;2782
7348;482;2607
7425;482;2599
7557;478;2599
7589;924;2733
1368;926;2756
164;928;2762
244;948;2802
62;934;2786
2244;942;2790
148;927;2769
7403;928;2775
52;924;2771
159;925;2763
66;917;2752
60;945;2777
585;939;2791
97;930;2783
2006;932;2757
1421;933;2788
353;931;2772
51;930;2798
185;942;2771
312;934;2791
168;940;2780
354;927;2795
108;943;2783
91;928;2793
40;917;2768
271;940;2804
119;937;2740
54;944;2766
375;955;2774
177;932;2773
31;922;2778
47;934;2798
23;944;2780
74;934;2760
165;922;2776
306;929;2785
8;925;2793
242;944;2786
412;924;2782
381;931;2779
561;921;2748
216;950;2785
107;941;2761
681;905;2782
79;924;2780
272;903;2762
39;917;2783
150;930;2781
181;928;2811
109;943;2780
2404;932;2744
24;924;2767
19;924;2766
7;949;2788
348;935;2773
473;938;2769
1921;950;2744
99;951;2765
1380;940;2761
73;915;2774
85;930;2778
189;933;2779
787;928;2756
133;925;2752
1709;919;2773
658;934;2804
293;953;2790
768;940;2769
45;916;2756
471;933;2791
1632;934;2782
281;942;2767
269;925;2749
2336;919;2769
206;923;2777
241;934;2798
190;930;2772
7577;935;2754
798;920;2767
211;910;2770
140;932;2769
217;942;2781
182;931;2803
236;928;2772
777;936;2783
1098;935;2795
106;933;2793
237;925;2766
1401;935;2757
1409;933;2782
769;938;2776
1209;925;2784
917;922;2801
114;931;2775
2698;932;2761
1127;930;2743
1009;931;2754
1386;921;2776
173;920;2800
43;925;2792
647;932;2775
5;932;2770
1156;934;2813
553;947;2763
170;926;2779
93;932;2772
145;933;2796
1523;925;2798
350;926;2775
77;909;2773
1785;930;2763
166;945;2767
489;917;2789
25;931;2781
83;919;2799
277;934;2796
70;924;2802
1487;918;2771
270;935;2762
871;927;2774
389;955;2797
544;935;2769
2631;931;2746
672;928;2782
137;944;2765
424;925;2768
65;928;2775
1693;927;2776
475;939;2769
449;934;2799
1998;933;2770
1977;933;2779
915;933;2767
63;916;2796
1957;928;2791
1635;936;2790
508;928;2754
2499;932;2765
2497;932;2793
299;936;2764
1225;929;2772
238;948;2805
2488;932;2759
1936;931;2784
382;938;2782
355;928;2788
1090;937;2791
1222;937;2778
21;927;2736
564;939;2792
2459;932;2769
774;923;2768
209;935;2775
1922;933;2796
504;933;2775
987;930;2775
2446;932;2759
986;936;2795
1603;937;2756
446;930;2779
436;935;2781
512;931;2779
767;483;2593
469;482;2581
188;931;2785
257;939;2777
7400;940;2756
263;939;2771
562;939;2775
1691;949;2780
14;924;2778
13;929;2762
139;931;2766
318;936;2788
862;928;2788
251;925;2780
111;934;2786
16;935;2766
5342;951;2792
3;932;2779
219;924;2786
268;473;2617
2839;479;2608
1929;479;2600
420;927;2769
532;932;2754
7401;476;2594
200;945;2760
402;934;2780
7508;865;2706
7552;962;2772
7500;901;2746
7482;921;2763
7583;919;2785
971;948;2752
92;924;2773
7336;945;2793
1545;930;2784
103;912;2778
207;926;2800
6;940;2780
7380;936;2787
287;948;2797
754;937;2767
26;950;2817
34;956;2811
525;935;2797
56;954;2765
1849;930;2836
557;942;2767
208;945;2786
1558;936;2753
2346;930;2760
974;944;2764
262;946;2791
2001;950;2768
815;925;2790
120;935;2768
492;920;2753
1175;936;2787
32;948;2786
172;946;2808
1347;931;2797
1338;930;2768
105;962;2770
818;929;2770
890;927;2756
1362;933;2809
1547;930;2752
1056;938;2755
2280;934;2757
879;932;2780
36;921;2762
590;927;2801
3260;930;2804
1174;930;2788
3198;930;2770
460;932;2802
3200;930;2777
589;925;2782
433;917;2807
81;951;2781
7509;937;2748
973;934;2753
1555;935;2778
3154;930;2793
7595;952;2769
1361;933;2780
2331;925;2768
509;937;2763
969;939;2774
197;931;2752
621;957;2792
1036;938;2748
1054;936;2804
1818;930;2776
358;950;2818
748;946;2791
88;939;2765
163;943;2776
1576;931;2798
2353;930;2790
3221;930;2786
136;960;2783
1367;929;2782
7512;950;2800
757;932;2792
49;938;2756
646;936;2778
2328;943;2774
1360;943;2808
7377;943;2805
2321;930;2803
125;930;2765
1548;930;2805
1837;925;2785
1834;932;2787
703;942;2772
1456;927;2770
7406;925;2773
1832;931;2789
3105;930;2758
641;954;2769
320;944;2768
885;939;2790
632;939;2737
2300;930;2778
702;933;2772
228;947;2795
752;923;2789
2291;930;2797
656;948;2779
877;935;2823
2293;931;2784
650;941;2779
3328;930;2779
720;942;2787
1379;943;2742
3275;930;2769
345;944;2781
336;954;2747
295;943;2783
1375;932;2772
435;943;2792
7390;931;2809
12;952;2783
1853;931;2770
1184;927;2771
1064;937;2803
1560;940;2791
988;936;2818
203;934;2797
976;930;2770
289;930;2732
7394;961;2790
3203;930;2762
1844;911;2745
2053;939;2802
1363;942;2765
3181;930;2793
288;926;2779
2263;931;2769
3132;930;2755
1059;942;2784
2332;933;2786
691;937;2810
1550;940;2777
286;943;2769
205;958;2753
1359;932;2757
1459;934;2768
135;942;2793
7432;939;2755
1815;937;2787
3127;930;2787
1836;934;2740
266;945;2751
2311;931;2807
2308;931;2775
27;943;2766
755;933;2774
2306;930;2777
5679;938;2807
1790;935;2798
937;924;2757
100;958;2785
53;935;2769
2298;930;2775
3087;930;2791
1274;929;2778
227;935;2736
1348;938;2784
2295;930;2779
394;941;2798
3043;939;2759
2285;930;2775
1536;946;1892
883;933;2757
199;939;2758
2290;935;2762
1816;937;2786
1524;932;2751
1169;921;2777
749;933;2785
876;950;2780
33;951;2774
1824;481;2599
7525;946;2789
638;930;2814
162;924;2785
886;951;2793
2903;481;2614
3049;481;2570
7604;953;2788
215;941;2784
479;929;2787
302;925;2757
131;939;2768
859;933;2785
437;942;2808
1398;928;2792
423;924;2755
510;940;2761
224;947;2769
7582;935;2778
311;931;2778
1230;928;2768
1239;931;2790
567;934;2766
466;939;2776
1085;930;2793
771;936;2758
1270;930;2790
1264;925;2775
3774;934;2744
1003;924;2759
367;940;2797
1107;931;2760
661;934;2794
274;913;2788
654;918;2759
910;923;2786
1091;937;2812
84;935;2789
531;941;2772
501;931;2786
583;928;2763
1702;940;2770
3356;925;2777
733;912;2799
356;947;2787
1678;925;2758
1010;938;2757
7596;953;2788
781;934;2754
2017;925;2774
2002;925;2737
572;935;2792
202;925;2759
664;947;2824
1636;940;2785
326;941;2764
341;947;2773
538;932;2797
1233;926;2791
2492;925;2784
536;938;2751
1621;925;2782
1415;938;2758
323;927;2782
1611;917;2768
609;934;2775
366;926;2776
848;928;2775
1602;925;2771
365;952;2788
419;945;2781
841;942;2767
468;941;2802
193;913;2759
2103;920;2770
2405;929;2756
411;925;2772
807;938;2800
1038;934;2772
265;961;2771
2201;925;2762
361;947;2814
1737;940;2791
1139;927;2799
386;950;2752
727;931;2770
1108;925;2753
1642;931;2767
1109;925;2787
918;941;2780
2511;925;2800
570;935;2742
716;924;2775
313;929;2747
718;935;2768
1615;925;2768
1218;935;2791
1086;925;2764
2485;925;2764
7569;924;2788
1088;929;2764
535;938;2773
2467;925;2789
2468;925;2787
2465;925;2796
401;944;2758
772;926;2775
2454;925;2791
773;927;2781
711;935;2760
7550;939;2833
842;940;2785
153;935;2769
2442;925;2757
840;936;2783
2439;925;2762
1908;925;2772
1087;927;2808
1909;927;2769
626;938;2760
7327;913;2779
2024;479;2618
1634;485;2598
380;926;2787
2997;479;2592
521;930;2746
1322;933;2791
2868;479;2616
2740;479;2622
2709;479;2605
603;938;2794
191;950;2766
248;943;2772
372;947;2774
982;927;2768
1372;934;2775
335;947;2773
1192;939;2761
893;929;2789
59;930;2766
904;921;2760
349;915;2772
61;952;2769
826;942;2789
122;932;2784
1872;926;2773
391;948;2774
1068;958;2770
7591;947;2759
82;941;2779
3307;926;2793
3206;926;2745
434;929;2783
597;944;2783
684;950;2787
801;945;2785
1373;927;2802
110;951;2783
7126;507;2675
1535;936;2773
528;921;2779
198;943;2791
3336;926;2795
602;948;2785
2395;932;2762
599;949;2784
245;936;2756
1819;931;2737
3309;926;2786
310;944;2768
695;949;2788
280;943;2767
3009;926;2766
2386;931;2770
484;930;2811
2354;933;2757
1194;926;2774
2333;942;2790
825;928;2772
1378;937;2780
1868;923;2780
1854;924;2793
1376;927;2745
692;936;2768
7444;942;2786
1859;931;2777
3236;926;2784
2363;922;2764
3231;926;2770
2320;915;2778
706;957;2766
2335;933;2799
141;940;2781
7531;940;2770
46;933;2758
2360;836;2724
979;923;2751
7568;935;2760
1551;938;2776
1176;485;2640
2397;953;2784
7559;490;2601
2408;936;2807
7578;939;2787
7503;932;2792
7480;486;2630
7479;930;2781
7510;919;2779
7532;904;2739
7522;905;2727
7523;904;2742
338;944;2794
7544;949;2746
7447;920;2757
7521;944;2765
7477;486;2612
384;959;2812
7575;955;2791
3516;946;2769
7423;868;2742
7485;494;2629
759;952;2810
946;947;2735
7585;956;2770
7563;946;2775
3133;916;2794
7433;930;2772
7516;955;2793
7457;940;2792
314;946;2755
7514;943;2796
3305;936;2779
524;943;2764
809;948;2758
1057;948;2756
1541;936;2765
1371;936;2769
1571;937;2793
1185;943;2757
1566;942;2744
1350;939;2774
549;955;2771
526;942;2769
431;954;2781
1546;936;2786
1461;938;2777
458;934;2756
1374;940;2726
7420;942;2776
2376;911;2775
3222;936;2769
3158;936;2767
2326;936;2780
728;951;2756
278;946;2803
1830;931;2749
7415;949;2773
104;937;2786
1157;937;2758
2384;938;2758
2371;937;2755
1578;927;2783
3176;936;2770
3155;936;2805
1254;938;2757
1179;940;2766
1055;949;2790
7554;954;2768
522;932;2778
1152;955;2775
3112;936;2760
3096;934;2787
3066;936;2790
3092;936;2766
750;942;2787
1346;951;2785
149;942;2788
2292;934;2775
1776;935;2745
7528;949;2786
1450;942;2797
408;954;2788
138;945;2790
1069;901;2773
1395;483;2607
41;500;2638
3365;483;2614
1865;933;2768
3229;901;2756
3192;483;2619
1178;941;2767
7551;918;2746
642;917;2807
7587;939;2763
7517;936;2777
7536;933;2762
1151;945;2803
429;957;2738
956;953;2747
640;937;2796
2211;945;2797
98;924;2760
696;946;2808
878;958;2775
1782;945;2789
1768;945;2792
1310;946;2800
417;949;2788
666;929;2799
980;951;2760
645;958;2751
371;966;2760
7562;941;2773
1171;944;2793
2981;945;2790
506;936;2749
1325;955;2770
2922;945;2784
686;927;2748
1287;935;2784
1495;944;2788
2192;947;2776
2866;945;2780
497;936;2792
2361;945;2805
3378;945;2780
2381;946;2777
614;916;2754
6369;948;2819
253;934;2797
6014;527;2675
3145;959;2778
1649;941;2780
3002;946;2780
2302;950;2771
2301;951;2785
882;948;2770
221;955;2769
7590;952;2763
699;943;2761
3019;942;2777
1046;945;2780
7501;948;2797
3011;945;2811
1162;946;2793
204;947;2780
1516;947;2755
743;946;2806
2987;945;2765
1153;949;2786
1033;944;2792
7588;945;2796
1784;938;2772
362;945;2775
1308;941;2769
7442;948;2775
319;931;2791
1757;945;2805
2210;939;2781
2923;945;2740
2209;951;2779
7565;947;2782
7600;948;2793
452;921;2798
2869;945;2787
2889;945;2789
687;932;2788
7566;946;2786
2142;941;2778
1731;942;2754
2358;917;2755
321;937;2781
7602;944;2778
7601;944;2776
7599;941;2779
7598;927;2788
7594;943;2808
1499;494;2592
2307;494;2618
3351;494;2620
3177;494;2620
3052;494;2608
407;491;2617
1317;951;2792
7540;931;2759
7567;484;2624
7504;943;2788
7398;958;2747
7507;919;2778
7558;928;2779
7574;498;2618
7586;945;2772
7484;495;2626
7513;933;2783
7506;495;2583
7417;494;2600
7505;492;2627
7483;911;2784
7535;911;2783
500;934;2789
1518;921;2774
600;923;2781
2330;929;2759
1343;927;2758
892;934;2789
3018;920;2782
487;932;2756
308;941;2776
7515;919;2794
3159;920;2764
3131;920;2755
3116;920;2756
451;939;2800
962;920;2817
2253;924;2770
2921;920;2776
1159;948;2761
201;921;2750
869;925;2780
157;957;2799
3028;920;2813
981;930;2778
694;949;2797
1556;925;2791
1788;927;2786
1041;935;2788
1298;936;2784
961;952;2773
2955;920;2782
2172;933;2773
284;946;2771
1896;464;2604
3400;471;2611
2344;914;2746
128;933;2771
2389;921;2766
983;945;2777
707;924;2763
225;933;2749
3369;465;2644
393;950;2796
591;940;2760
547;921;2782
739;963;2786
592;932;2754
457;907;2763
1794;910;2745
812;922;2781
317;926;2781
147;954;2775
360;951;2757
427;917;2788
7352;472;2591
7362;471;2578
7361;471;2648
7359;472;2629
7360;471;2619
7358;471;2614
7496;470;2602
7382;469;2612
7357;472;2632
7354;471;2630
7356;471;2605
7355;471;2611
7353;471;2604
7489;469;2603
7487;469;2635
7495;470;2624
7494;470;2595
7493;469;2582
7492;469;2575
7491;469;2634
7490;469;2630
7486;469;2661
7488;469;2669
7351;472;2612
7350;471;2660
1883;941;2762
2821;924;2763
3129;474;2646
4017;933;2820
593;955;2793
130;936;2775
78;960;2777
2031;911;2765
7328;954;2790
758;913;2755
229;949;2773
780;940;2755
1104;920;2799
5446;473;2629
4934;928;2792
665;855;2728
7345;471;2636
1584;471;2604
6792;471;2642
527;471;2628
7347;471;2609
7381;471;2594
7408;471;2612
7475;471;2593
7474;471;2629
7543;468;2589
7542;470;2610
7470;471;2631
7459;471;2648
7472;471;2604
7471;471;2614
7435;925;2771
7412;918;2777
176;936;2770
267;927;2775
1478;908;2742
1163;892;2766
2819;918;2803
1023;905;2781
2777;918;2782
546;922;2771
548;918;2772
2727;918;2809
1734;913;2793
315;917;2766
943;919;2768
854;907;2764
2124;919;2768
513;907;2752
1714;895;2766
2122;918;2751
1048;903;2779
329;916;2762
2992;918;2756
316;907;2777
1484;913;2795
2479;918;2754
2145;910;2772
409;899;2784
2781;918;2756
2770;918;2774
1476;936;2779
2128;915;2789
467;920;2763
7387;917;2747
622;941;2807
1721;918;2756
2760;918;2756
132;954;1908
824;940;2766
7518;922;2780
1743;924;2755
977;471;2613
518;934;2757
234;919;2741
1725;471;2634
443;925;2779
1470;907;2782
2139;959;2780
2141;470;2631
7388;928;2763
1286;476;2609
1726;913;2765
1292;914;2788
1472;915;2764
7334;943;2771
7537;472;2597
7534;473;2593
7564;928;2773
334;932;2772
187;921;2780
2179;927;1854
102;960;2773
975;937;2775
935;943;2787
1797;941;2764
2250;933;2789
1040;949;2780
1424;931;2793
1772;942;2768
2204;939;2790
1150;948;2763
1762;936;2750
2190;936;2797
1018;935;2775
482;928;2791
413;943;2768
1673;937;2798
1562;937;2785
3122;936;2810
1111;936;2793
1031;924;2794
3014;936;2772
2986;936;2773
456;940;2774
1137;939;2797
1327;945;2782
941;934;2798
2957;936;2766
741;932;2758
2215;950;2773
1324;928;2761
2908;936;2789
639;934;2794
1146;951;2773
2787;935;2795
2188;932;2754
69;924;2763
1307;940;2770
2778;936;2776
914;941;2768
48;939;2782
1078;940;2792
383;944;2791
2582;936;2782
1981;936;2805
2558;936;2776
226;941;2784
1992;932;2806
1430;941;2775
1988;938;2792
478;945;2780
1967;936;2779
2519;936;2772
719;927;2755
7438;945;2764
569;933;2769
970;476;2599
1044;927;2737
3135;476;2605
967;939;2769
327;933;2782
7399;474;2586
1513;947;2782
552;927;2783
1116;945;2784
398;945;2795
6878;936;2790
171;937;2803
1030;938;2773
799;941;2804
2802;932;2757
942;942;2771
762;938;2799
3345;936;2794
1887;934;2810
1190;951;2779
894;928;2772
494;934;2786
3269;935;2810
2356;936;2806
966;929;2770
7538;939;2752
2257;943;2780
488;942;2762
1512;938;2755
1775;942;2787
1508;936;2790
1767;914;2784
2915;936;2790
550;935;2807
7593;938;2819
949;936;2812
1755;948;2795
1145;936;2763
1754;935;2799
1311;936;2780
2865;936;2764
634;936;2781
2168;936;2819
735;930;2795
870;930;1860
1716;941;2800
1697;939;2785
732;935;2763
7446;487;2660
1871;937;2772
7434;938;2775
3224;481;2645
2918;481;2635
2180;922;2798
1748;481;2633
2791;481;2593
7445;954;2787
680;931;2773
183;938;2796
7499;949;2776
7573;927;2753
7592;922;2784
4910;481;2593
651;944;2770
1586;929;2755
751;949;2775
1577;944;2748
627;962;2787
898;930;2750
1210;930;2771
3354;942;2792
3366;942;2783
496;930;2772
530;948;2773
376;936;2799
2396;944;2768
1873;935;2771
7391;941;2748
397;941;2745
3297;942;2754
1553;934;2779
3293;942;2751
822;926;2806
3281;942;2771
1861;948;2794
3234;942;2800
1187;945;2789
3232;942;2777
3060;921;2783
7337;922;2793
1050;921;2758
1052;920;2752
3119;921;2775
5389;925;2784
2275;921;2783
1168;923;2784
1534;921;2777
1529;921;2781
965;919;2775
1817;921;2771
3075;921;2778
2277;921;2782
2284;921;2780
1172;921;2779
1528;922;2786
7397;934;2771
1813;924;2773
2283;921;2772
2270;922;2792
1533;918;2779
279;936;2755
1531;920;2770
3241;921;2788
1332;930;2764
3180;921;2746
1182;922;2778
1831;921;2741
3144;921;2777
1828;919;2803
1808;920;2755
884;920;2791
1351;925;2795
3089;921;2769
1537;923;2769
3045;921;2765
1807;920;2773
2278;922;2806
3076;921;2762
3073;921;2753
952;925;2769
3072;921;2772
1810;921;2752
3061;921;2777
3047;921;2772
3056;921;2784
2243;921;2791
3054;921;2792
1532;921;2767
3051;921;2765
3050;921;2784
1335;925;2789
3046;921;2792
2268;923;2749
881;929;2771
2267;921;2773
2266;929;2788
3041;921;2783
3039;921;2756
3037;921;2762
3036;921;2774
3038;921;2762
5533;929;2804
127;471;2599
659;931;2750
1394;465;2604
2288;465;2594
1049;863;2746
428;919;2772
7580;909;2775
1759;910;2775
3370;465;2625
2355;932;2786
2279;889;2775
1497;923;2789
7549;467;2597
7478;465;2610
7429;881;2721
392;957;2775
1027;923;2771
1289;921;2763
1481;919;2804
588;918;2798
693;943;2792
689;951;2773
1730;916;2781
1333;924;2801
1158;925;2747
2825;917;2786
50;944;2767
2818;917;2758
2157;920;2782
2148;938;2782
542;950;2776
1293;926;2778
1256;933;2805
2146;916;2795
2804;917;2769
945;939;2747
2138;915;2775
939;930;2792
2796;917;2775
2135;932;2783
4057;481;2615
2813;475;2590
2812;475;2609
2134;482;2624
7335;919;2778
352;937;2779
64;937;2806
246;935;2787
86;928;2778
233;947;2781
953;932;2785
605;932;2759
192;935;2781
3447;932;2776
766;933;2775
1074;936;2782
558;937;2769
1596;935;2776
1894;932;2802
498;947;2740
698;936;2778
2436;935;2770
1396;934;2783
3410;933;2762
7161;933;2764
378;924;2775
984;945;2761
180;932;2738
186;933;2778
499;942;2767
832;946;2758
900;935;2770
2289;936;2764
1134;942;2762
2434;931;2785
906;943;2773
1906;931;2776
905;930;2773
2426;932;2757
1895;947;2762
374;928;2774
2417;939;2753
7087;521;2673
3372;928;2783
7063;521;2627
94;943;2790
3120;931;2757
438;930;2774
1471;931;2768
853;937;2802
682;925;2745
7386;922;2760
337;916;2794
897;917;2754
1202;924;2781
230;944;2764
3451;917;2789
2437;468;2610
3443;468;2596
3448;468;2604
2287;925;2771
7325;468;2631
2433;468;2607
3442;468;2602
3382;468;2604
3439;468;2608
2432;468;2603
1075;468;2613
1390;468;2647
1599;467;2607
3438;468;2628
2422;472;2588
604;924;2782
2431;468;2645
902;928;2762
1905;471;2622
3437;468;2593
653;464;2638
3434;468;2613
7310;469;2633
3433;469;2621
3430;468;2602
3431;468;2625
1208;910;2744
1904;470;2605
3427;468;2595
2428;472;2599
1903;469;2635
6921;473;2645
3091;468;2608
3286;927;2780
7369;931;2766
764;471;2654
2312;472;2599
1393;918;2776
3407;468;2617
1205;472;2620
2633;469;2609
1070;475;2605
1387;932;2790
1385;477;2598
2828;936;2760
1891;468;2638
7330;468;2629
7321;468;2609
7312;469;2612
3428;929;2756
400;916;2773
7368;468;2611
7366;468;2617
7560;930;2802
7393;472;2614
55;942;2769
80;956;1912
1249;916;2781
369;939;2758
7379;468;2643
2445;930;2789
779;939;2779
442;953;2772
993;927;2762
655;926;2771
1664;930;2748
565;932;2795
470;935;2789
101;967;2799
2003;930;2768
1983;930;2746
1640;930;2752
1925;930;2792
3194;930;2766
2340;930;2794
2954;930;2764
2206;942;2789
2950;930;2796
2944;930;2787
2930;930;2790
1326;932;2802
926;951;2766
2565;930;2769
2556;930;2758
850;940;2733
537;937;2774
1093;942;2795
298;932;2780
1610;938;2785
1083;930;2805
1917;926;2780
1914;929;2763
1212;937;2788
1910;930;2758
134;951;2764
1407;471;2619
2077;860;2762
1427;944;2792
406;962;2764
607;929;2763
1300;929;2766
1746;933;2761
1735;929;2785
2125;929;2788
212;941;2764
1304;926;2768
344;937;2776
660;945;2785
934;922;2783
5140;925;2784
1305;940;2749
1490;930;2764
1489;927;2750
2143;922;2779
1732;940;2800
2738;929;2743
2105;938;2790
1989;923;2751
580;935;2778
516;939;2790
2797;477;2633
243;945;2769
872;947;2790
1170;950;2827
860;949;2809
1306;943;2766
220;947;2774
690;940;2740
868;943;2775
1130;955;2770
2199;958;2790
1800;943;2780
2228;943;2783
866;968;2773
1703;943;2758
1564;948;2768
1526;938;2759
1164;948;2772
2200;943;2790
2803;943;2777
7372;957;2760
630;959;2803
2091;945;2779
1271;963;2806
2693;943;2771
729;946;2797
2086;944;2767
3053;943;2782
954;938;2789
2961;943;2776
2690;943;2785
2118;958;2776
2758;943;2785
2097;948;2752
1477;944;2773
2106;947;2792
2710;943;2786
294;468;2604
2247;467;2633
708;918;2773
3364;919;2753
1370;917;2785
1199;918;2771
1882;925;2793
551;922;2793
1581;918;2785
2388;922;2782
3185;919;2763
3373;476;2621
332;926;2768
1042;929;2794
730;939;2755
1771;932;2773
7547;944;2776
1269;930;2807
1301;932;2804
738;924;2787
700;937;2769
2759;922;2784
254;933;2784
579;933;2757
1004;924;2781
669;925;2774
2520;922;2798
2486;922;2772
235;938;2773
916;917;2764
1297;788;2679
1986;485;2620
28;935;2753
210;922;2772
1638;954;2793
2317;935;2762
2239;936;2772
851;937;2790
1132;933;2806
2310;934;2735
7555;937;2795
2171;934;2790
1258;941;2790
685;925;2782
2159;947;2756
2817;936;2784
933;936;2810
2773;936;2788
1278;918;2768
2638;936;2792
2079;934;2777
539;940;2787
7579;923;2781
1113;945;2780
342;959;2802
802;930;2793
2651;480;2618
2255;949;2778
940;920;2760
1744;483;2619
2745;479;2608
1138;483;2640
1082;936;2792
440;959;2795
1416;926;2749
129;942;2798
844;939;2766
932;935;2790
1422;926;2780
770;927;2771
1220;922;2777
1613;932;2785
713;941;2793
167;949;2787
847;945;2792
1400;941;2753
845;921;2758
908;946;2769
1911;933;2767
1226;922;2748
2443;935;2778
2447;933;2792
1402;926;2763
1080;937;2762
1601;945;2760
2438;933;2764
1131;942;2769
843;483;2622
2441;480;2607
1919;919;2783
485;929;2755
3147;919;2772
143;923;2756
643;931;2747
7548;918;2767
1165;917;2775
1787;927;2737
663;941;2772
1792;926;2791
3082;926;2764
813;939;2813
7553;950;2763
2980;926;2784
1764;937;2794
2196;933;2796
1032;939;2760
3071;492;2631
1155;493;2605
6257;522;2675
1294;944;2766
3304;944;2790
1876;946;2779
2372;954;2778
2650;944;2759
1568;946;2786
7443;923;2773
1946;941;2783
505;939;2768
1711;944;1888
1021;949;2778
760;480;2621
1035;928;2788
1501;931;2770
816;471;2584
6736;524;2664
2387;923;2772
2418;926;2793
6667;524;2658
6317;524;2662
3074;935;2757
6290;524;2668
6131;524;2665
3166;945;2776
195;945;2767
726;933;2764
1455;932;2788
2602;917;2785
1674;919;2795
275;919;2746
2028;917;2774
2022;917;2782
7561;926;2768
1255;935;2775
671;925;2746
2064;919;2788
677;943;2765
322;945;2778
1120;919;2767
2620;895;2742
931;933;2758
857;955;2776
670;931;2807
1237;929;2805
2604;917;2777
1449;919;2818
2029;917;2793
675;946;2766
2585;917;2780
514;940;1880
1007;926;2761
2385;923;2810
1188;928;2802
3264;923;2805
7426;919;2783
960;932;2738
1149;921;2807
1517;960;2764
2256;957;2825
3191;957;2775
3164;957;2764
1552;955;2807
1540;948;2800
3100;957;2774
3080;957;2776
2970;957;2789
2972;957;2802
7421;945;2785
1103;885;2727
285;963;2747
1569;928;2768
2977;917;2814
566;922;2767
1506;948;2786
2365;942;2768
3312;942;2800
307;953;2771
1774;950;2787
7411;936;2795
2132;953;2777
2878;945;1890
1144;952;2798
629;956;2769
1280;953;2761
2968;945;2797
1191;928;2770
1833;938;2764
7428;940;2751
1166;947;2777
2932;942;2757
1314;951;2757
635;964;2798
2150;951;2773
2809;945;2784
2007;944;2787
2596;945;2787
540;960;2756
404;922;2763
3322;483;2639
1349;925;2767
1766;930;2787
2414;945;2783
2369;942;2754
1863;939;2786
1352;939;2781
3362;956;2774
490;956;2813
1381;942;2808
2350;943;2783
2807;929;2780
800;929;2786
232;942;1884
598;948;2778
2208;917;2746
1597;931;2764
6434;516;2697
2223;933;2770
486;938;2747
1689;930;2797
4888;516;2667
3999;517;2652
2561;948;2780
1658;940;2764
3441;476;2620
7384;475;2616
2379;912;2774
1067;911;2761
3368;912;2773
2374;912;2779
3187;912;2764
2377;928;2748
1173;934;2777
657;933;2733
297;948;2777
610;946;2786
990;946;2789
1076;931;2772
7371;938;2781
1399;932;2767
1926;934;2759
1019;479;2605
601;943;2788
7448;479;2600
1047;941;2778
947;942;2746
742;951;2813
2914;945;2755
2906;945;2768
2399;948;2795
3108;945;2776
2967;945;2758
2577;946;2765
1141;945;2759
793;947;2781
2841;945;2781
2840;945;2780
2162;945;2764
7456;945;2772
618;786;2706
7392;466;2585
2313;463;2656
2232;463;2615
3310;463;2613
3044;463;2590
1728;937;2733
7454;463;2592
2111;910;2780
2070;910;2784
7533;913;2769
784;918;2776
785;922;2774
515;921;2764
2016;910;2784
240;924;2777
1276;912;2766
1125;911;2749
2630;910;2785
1001;918;2789
924;491;2574
2873;483;2604
1243;917;2786
792;905;2755
2891;912;2798
3033;912;2755
2140;913;2805
2126;912;2779
1279;918;2784
1718;917;2769
1717;916;2757
1628;939;2761
2531;912;2761
717;923;2787
1077;925;2766
1600;914;2759
989;915;2772
1224;917;2752
1214;907;2767
2314;925;2762
2919;465;2632
606;900;2763
5415;1;1
2979;921;2774
7526;927;2791
863;928;2795
992;932;2789
2155;949;2785
2241;936;2774
2579;923;2777
912;929;2779
715;927;2794
1618;927;2764
1795;924;2788
1791;931;2744
1779;933;2782
1783;919;2798
1778;918;2753
2936;918;2790
1328;925;2771
1899;471;2629
2078;471;2615
5392;903;2772
7378;473;2608
7584;930;2776
608;918;2756
445;937;2798
1729;931;2774
803;935;2761
476;932;2762
1429;931;2753
662;946;2784
340;921;2795
2541;910;2774
865;922;2777
920;924;2766
1106;925;2759
2502;910;2782
1947;917;2779
533;910;2752
1404;903;2783
1928;912;2741
1623;914;2743
1943;474;2629
1933;485;2644
7395;477;2601
7520;792;2738
7571;867;2716
7576;931;2766
3015;893;2741
3035;900;2764
1801;893;2715
1827;893;2768
2258;917;2768
1530;913;2770
1805;915;2763
3178;893;2777
2718;893;2729
3102;894;2763
2303;893;2768
3063;893;2743
2272;905;2778
3032;893;2722
1803;906;2769
3308;475;2572
3303;474;2604
3174;474;2609
3065;474;2620
2116;930;2761
169;917;2774
2114;930;2764
1235;930;2749
2741;930;2785
1920;925;2751
2734;930;2783
1473;930;2771
2677;930;2780
568;917;2807
7402;930;2767
7511;943;2763
1094;938;2771
1420;917;2754
830;930;2799
3289;930;2765
1874;496;2621
7436;885;2732
1241;938;2792
633;919;2778
875;939;2791
721;940;2765
1428;961;2759
1948;936;2766
2883;936;2796
2880;936;2791
1140;943;2768
1667;932;2791
778;934;2775
576;939;2762
403;953;2785
1975;938;2763
1974;937;2763
1417;950;2774
1236;936;2756
1932;943;2760
1756;484;2603
2182;894;2729
1751;488;2626
1020;924;2771
1809;915;2785
2887;925;2738
2879;925;2755
2151;924;2776
2798;925;2750
2133;478;2619
7389;930;2747
2902;917;2783
2893;917;2779
2195;917;2783
2886;917;2777
2896;477;2601
464;942;2753
2380;940;2764
3417;482;2584
1959;910;2753
7545;488;2609
7463;482;2603
368;943;2758
2557;936;2747
328;917;2797
2995;949;2790
283;955;2786
673;932;2783
144;923;2790
688;935;1870
1189;903;2750
390;944;2749
1454;928;2768
2237;926;2760
2943;922;1844
2872;922;2765
2854;922;2765
1319;467;2619
1763;467;2597
385;972;2765
2220;467;2649
3107;943;2742
1567;943;2802
2337;943;2770
1539;945;2753
421;950;2746
1480;938;2769
2160;938;2759
1733;944;2792
2120;938;2776
1719;938;2781
2098;939;2793
252;942;2758
2656;938;2784
2137;938;2757
2107;938;2799
2576;938;2768
2508;938;2761
357;923;2756
2637;938;2759
2595;938;2758
1963;939;2758
1657;938;2764
1135;484;2633
2766;475;2610
704;966;2783
2403;951;2804
1383;947;2756
1582;950;2780
1893;947;2788
3352;951;2768
3361;951;2773
3348;951;2776
3344;951;2768
3226;951;2779
1544;949;2763
3218;951;2800
648;921;2774
3411;495;2617
2419;493;2646
7349;496;2593
7422;935;2768
3270;910;2765
2362;911;2789
2364;911;2761
740;947;2757
1773;929;2776
1504;944;2769
2184;929;2754
3093;922;2772
3081;922;2810
1614;914;2745
2398;921;2781
3196;922;2756
2366;922;2782
3161;922;2714
3150;922;2780
3126;922;2767
3123;922;2730
3130;922;2770
3104;922;2751
3098;922;2784
3085;922;2767
1814;936;2769
3077;922;2761
972;887;2738
1851;894;2731
705;924;2753
3186;478;2586
1781;929;2764
899;918;2762
2483;909;2779
1095;930;2760
2453;909;2791
3406;913;2757
2816;910;2798
2429;466;2604
2430;902;2756
3409;822;2703
2416;477;2596
520;923;2774
1554;936;2763
1200;461;2606
7365;463;2604
1939;921;2774
2682;921;2763
2071;926;2767
1460;929;2759
786;929;2778
7570;930;2760
1651;920;2772
1662;923;2775
2544;921;2761
1984;922;2766
2018;486;2593
7572;485;2611
2851;911;2774
2856;911;2766
2594;911;2779
1242;472;2627
1646;485;2590
615;946;2785
422;941;2771
746;937;2742
453;935;2790
2800;940;2761
814;923;2752
2262;923;2759
1364;926;2750
1866;923;2789
3121;923;2766
3099;923;2732
2297;927;2771
3029;923;2751
1804;927;2756
1105;930;2785
3024;474;2622
1780;919;2773
1758;928;2788
2874;915;2744
1752;927;2765
2863;915;2742
2861;915;2749
2850;915;2761
2847;915;2770
2169;914;2790
2153;919;2752
1485;922;2765
2183;915;2779
2121;936;2756
2175;927;2786
745;951;2781
968;942;2804
2969;942;2753
2234;939;2770
2768;927;2799
2761;927;2780
324;929;2788
3347;927;2787
1838;926;2763
2762;927;2770
447;941;2800
2449;461;2623
463;912;2783
3346;904;2775
3342;473;2575
7464;473;2603
1263;922;2780
1259;943;2791
1605;923;2756
1448;922;2788
1648;927;2791
1620;916;2795
2857;916;2779
1017;814;2703
775;935;2794
1100;932;2766
2685;949;2794
2696;949;2778
2626;949;2779
2046;952;2795
2037;951;2751
678;949;2793
303;975;2777
1011;944;2781
1684;957;2767
480;966;2771
911;945;2758
1941;966;2771
339;950;2797
619;941;2807
938;912;2780
1118;921;2762
2667;902;2768
1440;900;2756
1133;950;2789
511;941;2798
1511;959;1918
1022;955;2786
2739;952;2767
2083;951;2777
2051;952;2783
1705;923;2785
2723;911;2778
2099;909;2734
1704;911;2757
2688;911;2789
2683;911;2773
2654;911;2673
2678;911;2769
2672;911;2759
2675;912;2775
1700;910;2781
2670;911;2810
2749;911;2780
1660;918;2777
2104;923;2771
2068;922;2766
2706;911;2776
405;911;2764
2708;911;2767
2530;911;2752
2101;913;2768
1273;917;1834
1468;910;2797
2087;912;2779
2092;914;2664
2694;911;2764
624;919;2784
555;936;2786
2991;936;2786
2925;935;2768
184;929;2767
2357;938;2801
3331;948;2758
3250;934;2759
3244;934;2772
3416;925;2768
3360;925;2787
3343;925;2796
7419;903;2781
2960;910;2772
450;934;2726
909;921;2805
1423;939;2749
1616;927;2770
2481;930;2796
1619;936;2773
3415;925;2783
2373;926;2774
2951;925;2787
399;905;2761
3440;459;2575
3444;459;2624
1204;459;2617
3395;460;2559
3393;459;2577
1593;937;2747
3383;914;2751
1045;937;2773
1884;931;2757
3318;926;2768
3306;926;2774
1880;936;2772
2080;926;2791
7473;465;2624
461;930;2768
3235;929;2783
1405;932;2766
1201;891;2744
7404;470;2600
2043;943;2748
1193;890;2757
2269;941;2675
1690;935;2792
2628;939;2761
2625;939;2806
2623;939;2763
1453;948;2772
2033;931;2765
2096;927;2769
7439;481;2619
2038;916;2781
441;945;2785
1665;929;2776
1084;925;2764
7546;912;2766
7424;917;2786
1053;931;2744
1323;933;2786
2985;915;2760
1425;897;1794
3208;470;2611
1821;938;2764
7468;922;2791
3171;922;2753
3412;471;2613
3284;471;2613
7342;471;2634
7469;471;2601
3179;930;2787
2410;930;2798
3403;930;2768
1889;925;2782
3246;930;2774
2304;924;2775
1829;470;2598
2953;470;2626
3302;471;2635
7497;468;2598
7339;471;2624
7581;922;2780
3404;949;2761
3387;949;2800
3379;949;2758
2412;949;2771
3425;484;2621
2411;484;2608
273;923;2753
1706;923;2779
925;922;2740
1488;930;2756
996;919;2768
919;483;2645
7451;483;2616
1272;924;2793
2019;938;2814
444;929;2793
2473;943;2745
2624;484;2604
1993;484;2601
2455;484;2623
827;950;2752
1694;946;2761
2720;950;2770
2490;950;2788
2580;942;2772
1247;944;2791
1990;947;2781
1005;947;2760
1434;947;2783
1244;947;2772
481;936;2795
1013;946;2751
856;947;2743
7329;480;2624
6644;514;2657
2229;910;2754
6958;525;2654
3353;920;2761
1879;926;2769
3445;469;2595
1397;468;2635
1388;918;2763
1915;950;2803
2041;924;2764
1058;921;2760
1777;933;2762
2610;932;2792
1099;930;2769
2663;932;2777
2842;932;2763
1683;930;2800
2005;932;2783
1951;934;2747
1431;939;2801
668;936;2778
7524;948;2766
722;930;2771
922;939;2780
999;924;2748
1930;937;2774
959;942;2755
2309;938;2777
2274;939;2760
7418;950;2776
7539;464;2602
3031;923;2768
502;924;2770
1607;934;2801
1594;916;2782
2415;913;2789
3398;460;2613
3429;460;2572
3426;461;2578
3423;460;2605
2413;462;2604
3374;461;2593
7370;460;2604
3220;932;1864
3213;932;2782
3251;932;2773
3285;907;2776
3137;907;2773
957;894;2762
2933;947;2785
2931;947;2765
410;951;2763
2911;947;2770
2702;947;2789
2193;946;2762
2805;947;2758
765;925;2727
1592;934;2753
2521;925;2765
1071;915;2789
2170;917;2764
2165;917;2761
2066;924;2696
2684;917;2779
2864;917;2740
2862;917;2778
2855;917;2769
2838;917;2766
343;913;2772
325;920;2781
1738;921;2788
2774;488;2607
1811;927;2776
1671;813;2731
7556;446;2589
2299;923;1846
1820;944;2807
3079;945;2767
3408;919;2758
3396;919;2773
2394;916;2792
7502;924;2776
7367;474;2618
2225;925;2770
3381;946;2790
3371;472;2620
2673;472;2629
2421;854;2742
1559;900;2761
1591;433;2585
895;923;2763
3321;912;2767
3294;912;2764
3282;912;2782
1227;924;2755
1228;927;2772
1216;927;2801
1096;934;2761
1097;474;2583
1092;474;2591
1231;475;2597
1223;475;2618
998;926;2784
1217;474;2612
1215;474;2588
1211;474;2611
1213;475;2609
1079;908;2737
1081;918;2782
1418;474;2612
1414;474;2598
1408;474;2624
1412;475;2576
1411;474;2600
1410;474;2574
997;895;2776
991;928;2769
1403;474;2638
1406;474;2624
1219;918;2802
1089;912;2779
1609;474;2606
1608;474;2596
1437;937;2775
3182;924;2777
1439;927;2762
849;923;2772
2575;924;2778
2572;924;2757
1659;909;2774
2549;924;2770
2551;482;2606
3212;924;2769
791;932;2801
2701;941;2769
2653;486;2620
2216;918;2798
1850;921;2773
2993;921;2766
3267;931;2789
2895;931;2790
2242;953;2796
2406;950;2783
2526;934;2777
2527;934;2752
852;898;2788
2245;934;2758
2717;934;2733
2094;937;2755
477;928;2772
2509;916;2788
2510;925;2764
1641;916;2765
2507;916;2736
2522;916;2784
2518;916;2775
2514;916;2753
2515;916;2779
2568;923;2768
1644;924;2773
2318;909;2784
2584;923;2790
7498;948;2774
7481;911;2771
3389;911;2783
2325;908;2777
1039;923;2777
2236;929;2781
1770;927;1854
2905;900;2787
1026;903;2736
3094;900;2769
1357;918;2767
495;911;2760
1377;870;2709
1561;923;2745
3262;871;2713
1888;894;2775
2348;927;2788
3384;933;2789
1761;927;2758
737;936;2772
2469;927;2768
2456;927;2789
7440;925;2808
3152;483;2609
2251;918;2745
1852;932;2816
541;942;2813
763;937;2781
2226;932;2785
2197;931;2740
2219;936;2785
2939;932;2756
2934;932;2786
1507;941;2799
2894;932;2753
963;901;2710
3115;901;2732
1995;916;2788
1913;916;2768
1969;933;2756
2451;928;2795
2294;479;2608
581;939;2762
1463;919;2775
1685;933;2776
2822;922;2756
2545;922;2757
2564;922;2779
1999;921;2750
1647;942;2794
213;932;2751
808;923;2769
261;930;2744
218;923;2810
3277;923;2772
3338;923;2756
839;940;2780
2393;924;2748
2971;923;2748
7340;940;2749
2609;918;2787
864;934;2762
2248;917;2784
1692;917;2773
2639;918;2777
2574;918;2755
858;935;2763
425;932;2769
3169;924;2787
2714;924;2780
2824;947;1894
2156;947;2793
1277;469;2604
2815;945;2766
3386;913;2770
1234;913;2794
1845;921;2782
2213;933;2781
1765;933;2794
2990;907;2794
3025;907;2769
761;922;2757
837;476;2590
835;477;2610
2246;936;2787
2240;936;2816
1514;927;2780
1154;933;2801
2965;936;2781
995;947;2783
1786;872;2748
2659;926;2770
1655;944;2752
1964;917;2778
1245;893;2780
1668;893;2771
1682;466;2578
1527;912;2768
2264;910;2768
2224;906;2793
1961;472;2630
3248;910;2770
3337;905;2771
2392;907;2812
363;901;2779
1841;944;2786
1160;917;2762
7343;463;2631
1965;934;2764
1299;915;2762
2634;917;2785
2231;919;2741
2191;899;2744
1806;928;2781
3117;928;2778
2963;928;2789
2924;928;2791
3125;928;2764
2286;928;2788
2254;930;2774
3022;928;2760
3016;928;2750
3003;928;2726
2988;928;2794
2958;928;2735
2935;928;2775
1515;482;2615
1753;924;2784
595;940;2748
2946;482;2626
2679;482;2615
1696;922;2739
7530;928;2777
1557;944;2798
2323;947;1894
3333;947;2769
1565;936;2752
1354;947;2766
3017;929;2758
1604;470;2605
582;484;2640
7383;470;2613
7527;888;2765
364;900;2744
1073;917;2759
1207;892;2698
2611;910;2791
1966;910;2752
2618;910;2757
2012;924;2738
2000;913;1826
2566;910;2765
674;938;2764
574;949;2784
1982;915;2744
1014;920;2747
1447;478;2603
2550;478;2618
3239;853;2719
3034;853;2726
388;920;2765
573;930;2764
7460;483;2574
1330;920;2781
903;498;2652
889;498;2612
1391;499;2641
2424;498;2617
1918;896;2781
7332;462;2633
2978;928;2762
2265;923;2761
2983;928;2749
1955;927;2798
2069;923;2731
2606;875;2714
3114;913;2753
2187;931;2792
6786;523;2659
6123;523;2657
1587;476;2611
2450;858;2736
1968;901;2762
584;913;2744
620;938;2757
2598;901;2759
1433;933;2772
2004;902;2772
2636;466;2589
2976;948;2762
823;905;2744
1062;905;2776
1855;909;2768
3175;905;2767
2657;458;2624
1935;920;2768
2466;921;2787
2732;901;2763
1143;906;2754
631;470;2607
1712;921;2749
1722;921;2770
1617;921;2770
1268;918;2764
667;900;2717
756;939;2790
2074;942;2769
1994;932;2746
1973;917;2766
2525;930;2783
1892;828;2740
1443;858;2736
1257;902;2736
1789;932;2805
2686;461;2609
556;941;2758
887;943;2803
1344;911;2764
3109;911;2789
1890;918;2785
3380;921;2764
1997;922;2763
2462;919;2742
1653;919;2759
1996;919;2759
2570;919;2738
2471;919;2766
2464;919;2750
1334;919;2804
2503;919;2782
1101;933;2769
7413;689;2631
1252;935;2778
1654;928;2764
1432;936;2787
2553;927;2781
7373;935;2789
7519;913;2807
1695;945;2761
1727;927;2764
2532;914;2742
913;920;2776
714;940;2797
3261;933;2770
1624;933;2772
239;956;2782
1464;781;2697
1645;781;2681
2076;781;2710
1958;781;2666
1972;781;2714
2642;781;2688
2562;781;2679
2535;781;2694
448;896;2759
571;882;2725
1110;463;2650
2524;873;2727
2400;920;2755
1181;944;2763
2329;937;2779
418;907;2791
1858;468;2584
1575;910;2771
1864;921;2738
3230;903;2784
3280;918;2784
3273;918;2808
3420;931;2766
1588;941;2779
2523;943;2771
1713;910;2738
2482;898;2778
1229;911;2777
1676;919;2757
2733;911;2770
723;912;2722
2736;917;2779
2729;917;2769
1122;928;2729
2009;898;2733
1740;940;2786
7375;953;2800
1739;912;2754
1970;909;2753
2792;912;2749
2790;912;2712
2916;920;2781
1498;936;2786
1802;932;2783
1369;955;2771
2959;955;2744
2010;916;2802
2194;934;2764
805;476;2623
1916;917;2775
7455;475;2620
2476;897;2786
426;909;2801
2647;475;2628
282;892;2755
575;890;2752
1612;903;2743
1669;877;2749
1931;908;2774
2928;895;2755
1119;926;2768
1688;934;2781
2669;756;2693
679;947;2789
1121;763;2673
1262;880;2745
1142;908;2749
1206;465;2604
1203;465;2582
1595;465;2601
1598;463;2597
2435;455;2628
3450;455;2602
387;870;2728
2583;864;2758
1266;530;2598
724;474;2603
2052;854;2712
2025;854;2748
2589;854;2723
806;920;2777
2984;920;2769
3350;913;2743
2347;913;2778
7467;474;2636
2829;440;2615
2827;440;2610
1938;934;2753
1221;934;2769
7437;484;2603
1123;909;2740
2047;474;2620
3106;924;2731
3223;902;2782
1446;885;2741
2680;886;2727
612;956;2752
2045;916;2726
2799;944;2788
2785;927;2781
3190;896;2722
3334;927;2742
3172;928;2780
1426;894;2753
2202;912;2786
1444;932;2744
929;911;2753
2664;924;2777
1303;886;2786
2834;886;2811
1296;459;2609
2833;934;2778
2013;891;2767
1015;899;2755
2581;898;2734
1953;863;2747
616;906;2730
1102;917;2760
1940;863;2724
2035;443;2590
2023;443;2562
1934;443;2598
828;843;2748
414;404;2606
1002;931;1862
1240;913;2754
2661;894;2782
2601;894;2792
2054;921;2772
7529;929;2751
3325;905;2748
3040;905;2752
3086;468;2628
1016;901;2752
1626;870;2739
2484;870;2723
921;901;2748
1944;879;2810
1937;879;2740
1625;906;2777
2463;879;2754
1945;440;2596
2461;918;2742
1680;879;2732
2044;877;2705
3205;877;2745
855;830;2728
1991;830;2770
1012;855;2733
788;896;2753
2407;933;2782
1707;479;2598
3007;917;2777
1321;484;2611
1924;900;2765
2512;914;2781
782;891;2766
1438;932;2801
2015;486;2626
359;910;2769
2062;552;2601
2060;552;2620
2617;552;2642
2061;552;2619
2616;552;2626
2059;552;2606
2058;552;2632
2057;552;2584
2056;552;2604
2055;552;2630
2189;934;2744
3012;925;2761
2852;931;2783
465;739;2716
559;897;2743
2668;865;2728
2042;913;2755
2034;913;2747
3257;918;2753
3146;905;2746
3069;479;2583
7338;480;2607
560;465;2611
3424;487;2618
3399;487;2584
2409;912;2764
3128;458;2599
3413;905;2752
676;913;2768
2547;927;2816
1114;942;2774
2008;927;2762
2599;743;2685
2998;935;2785
2123;939;2777
1161;922;2788
7333;923;2772
2890;923;2763
2949;923;2791
2212;929;2767
2929;923;2755
1196;927;2752
3359;922;2766
2974;929;2768
1666;928;2783
1115;924;2774
2699;476;2600
2648;901;2781
2506;902;2754
1956;903;2744
2622;940;2764
2036;492;2626
2832;876;2753
2164;876;2765
2130;876;2788
797;448;2606
2835;448;2621
2938;867;2730
2956;912;2747
1857;920;2760
415;934;2762
829;750;2676
3324;750;2667
901;490;2596
1927;913;2732
1419;926;2756
2555;765;2692
7374;912;2767
831;882;2739
861;935;2763
1549;931;2753
3201;935;2760
3301;918;2749
2370;886;2733
7541;880;2741
1825;927;2789
2014;929;2802
1979;479;2598
1238;890;2744
2501;890;2737
2500;922;2743
1630;930;2756
1637;463;2594
2491;898;2753
2496;466;2593
927;919;2771
2048;896;2738
1971;917;2744
1265;403;2543
923;582;2638
1962;731;2714
1246;911;2782
950;905;2778
1366;903;2751
3326;931;2772
1878;933;2782
985;880;2763
1898;438;2581
652;596;2602
2538;904;2768
2537;904;2781
2546;866;2736
1652;928;2776
2480;918;2768
2901;937;2784
1912;937;2754
2937;937;2779
1627;921;2747
1980;913;2772
2082;881;2745
2569;881;2748
2567;881;2746
867;685;2644
577;908;2772
2603;928;2739
1675;928;2782
2560;928;2768
1699;903;2731
628;900;2769
2994;926;2774
7331;477;2604
2233;936;2778
1622;859;2733
3340;888;2754
3320;888;2757
1907;847;2715
794;459;2594
2593;917;2786
1985;925;2778
2345;917;2778
1000;915;2760
2548;917;2788
1679;468;2585
2539;865;2760
1978;880;2762
2030;884;2736
2658;884;2711
1291;918;2747
2899;934;2747
2973;858;2778
1341;466;2619
819;882;2734
644;930;2778
3216;465;2604
2316;912;2728
2529;912;2761
1798;942;2779
1633;932;2737
2665;471;2606
776;808;2705
2474;924;2795
2460;924;2772
2859;478;2599
2643;909;2763
2614;474;2580
1639;888;2742
2591;931;2779
1260;914;2760
2026;884;2714
2755;925;2770
2910;912;2785
3252;931;2746
3249;931;2768
3243;931;2754
3153;931;2775
1543;931;2747
3090;931;2762
2590;905;2772
1466;923;2769
1281;484;2596
1474;608;2629
2040;493;2540
2039;493;2548
1435;565;2573
2027;920;2759
2705;914;2772
2681;914;2778
2753;927;2774
3357;916;2800
2154;901;2766
7441;490;2629
880;818;2705
1848;893;2761
3258;886;2730
3219;435;2595
834;810;2680
611;906;2768
2517;662;2657
2505;662;2674
2554;910;2764
1441;925;2775
1008;918;2793
2843;492;2626
2640;916;2780
2645;916;2753
2646;812;2714
1469;919;2756
5660;530;2667
789;575;2619
2088;488;2614
1710;933;2774
1769;913;2752
3151;926;2767
2207;924;2800
1747;465;2625
2882;929;2767
2913;908;2767
2831;912;2772
2341;942;2795
3110;904;2750
3207;745;2654
3165;935;2795
2343;935;2777
3160;935;2767
2425;479;2599
3170;836;2740
2423;464;2624
2452;872;2724
2722;891;2770
2571;458;2616
2533;908;2739
820;478;2628
2704;927;2786
2100;917;2773
2649;551;2625
2534;892;2753
3058;802;2705
1677;658;2650
2592;658;2650
930;789;2685
1686;826;2703
2612;789;2663
2050;845;2722
2112;926;2767
2776;895;2792
2719;895;2792
2721;878;2748
2715;878;2738
1701;897;2751
948;892;2771
3204;774;2704
833;910;2765
3480;520;2629
1687;891;2763
2495;891;2748
2478;883;2741
1661;933;2755
790;784;2716
2615;928;2769
1656;920;2773
4311;479;2627
731;940;2785
2765;907;2783
2860;880;2741
2877;942;2790
3005;859;2715
2912;903;2739
3067;934;2787
1823;911;2787
1183;780;2669
978;451;2556
1897;786;2726
3358;905;2782
3288;905;2767
3276;433;2561
2475;908;2792
7449;902;2759
2494;902;2789
1253;837;2715
2011;867;2751
928;466;2610
1451;875;2756
2072;890;2782
7414;443;2564
7396;443;2611
7409;455;2587
2724;875;2770
2728;875;2775
2641;875;2751
7453;443;2578
2836;866;2711
795;285;2586
1312;912;2770
1503;912;2774
2174;917;2747
2186;912;2750
1486;912;2763
1741;920;2785
2917;912;2797
2884;912;2751
2875;912;2773
2871;912;2809
2867;912;2755
2849;912;2778
2230;928;2786
811;892;2785
3238;905;2768
2339;910;2773
3323;910;2748
3376;455;2621
3240;455;2585
3188;872;2713
3268;872;2726
2420;448;2601
836;431;2614
838;877;2755
3021;877;2734
2711;860;2757
1960;907;2754
2543;763;2674
2703;890;2748
1124;901;2751
2629;903;2753
1467;911;2740
1585;841;2719
873;452;2595
7476;932;2741
7230;475;2627
3237;771;2705
3419;876;2734
3446;897;2742
907;459;2596
3097;905;2777
2542;843;2702
2573;239;2556
2021;435;2565
1126;240;2564
2075;451;2596
936;716;2670
1275;123;2513
2726;785;2679
2948;921;2754
1479;941;2788
2161;865;2731
1799;834;2758
2218;926;2765
3162;910;2783
3055;904;2798
2214;475;2605
1563;915;2755
2359;807;2695
1954;787;2705
3291;863;2752
2457;887;2707
2458;887;2711
1006;914;2750
3405;908;2775
2115;897;2745
2110;897;2681
2730;392;2604
2600;392;2592
2158;661;2675
1037;642;2642
1329;358;2566
7416;906;2794
7458;469;2617
2982;924;2785
3157;897;2789
3263;904;2768
2489;776;2712
2689;873;2745
2470;919;1838
2081;571;2669
2513;749;2685
2516;749;2681
1112;938;2802
2020;776;2696
2095;651;2631
2063;651;2635
3184;431;2596
3008;863;2726
3168;909;2756
6166;1;1
3199;881;2732
3255;327;2567
3315;643;2682
3311;831;2719
1869;829;2727
7163;1;1
2444;438;2590
2608;468;2588
2477;877;2762
2504;919;2806
1643;469;2639
2691;870;2734
2588;870;2736
2563;452;2630
1250;924;2773
2587;566;2626
2032;730;2697
2712;904;2758
2674;893;2762
2085;893;2760
1745;884;2770
3225;902;2756
2888;921;2762
1345;409;2595
2349;872;2733
2390;873;2736
7346;474;2594
1384;479;2619
1902;796;2721
7273;826;2719
7198;431;2634
7385;455;2590
1389;2;2
3388;2;2
2635;436;2590
2597;469;2644
2528;884;2729
2644;476;2574
1452;865;2708
2073;875;2723
1462;949;2752
2084;821;2693
2676;212;2531
2757;876;2747
2131;863;2723
1631;792;2706
3278;890;2760
3266;705;2667
1572;923;2759
2487;875;2746
2540;512;2576
2067;658;2668
1629;804;2685
1950;585;2602
1949;585;2610
2655;902;2776
2964;479;2609
1650;914;2759
2627;641;2647
2089;829;2717
1663;914;2793
1670;914;2763
1672;914;2783
1681;914;2764
2662;624;2700
2621;283;2577
1698;449;2571
2666;30;2499
2671;790;2687
2692;773;2690
2716;576;2603
2735;906;2759
1723;469;2610
2769;748;2638
2897;847;2699
2940;890;2731
2203;421;2612
3030;751;2728
3140;807;2717
3209;832;2744
3242;646;2632
3265;755;2717
3195;429;2590
3272;429;2568
1870;1;1
3271;1;1
3214;894;2740
3397;345;2557
3401;449;2564
3390;449;2581
2751;260;2526
1976;465;2621
1987;449;2579
2578;301;2539
2613;811;2714
2697;378;2552
2049;914;2785
2660;464;2631
7450;39;2475
6157;1;1
3363;460;2579
7452;396;2596
2737;905;2770
7344;452;2602
2885;763;2679
2205;937;2782
2221;328;2526
2222;926;2780
7462;443;2605
2259;918;2739
3287;864;2719
2319;942;2798
2322;942;2777
2327;485;2608
3391;905;2782
3449;459;2621
3377;459;2632
3436;460;2585
3435;459;2593
3432;460;2590
7364;459;2585
2382;909;2794
3299;530;2585
3327;831;2705
3183;328;2550
2440;942;2780
2493;936;2760
2536;818;2714
2607;914;2764
2652;891;2735
2748;940;2754
2788;412;2599
2789;940;2800
2794;460;2591
2811;903;2774
2900;866;2750
2975;285;2571
3095;466;2628
3136;485;2617
3138;942;2771
3217;330;2547
3197;903;2772
3227;468;2578
3228;1;1
6336;1;1
3296;29;2478
3314;865;2758
3394;904;2766
5029;515;2699
7405;484;2624
7407;485;2633
7430;780;2699
7465;1;2
5837;1;1
7363;834;2692
7376;446;2569
7461;942;2761
7466;780;2734
4057.933633327484
