i;|Xi|;|F(Xi)|;profundidad5;dirección0;prob vecinos0.5
1;1586;3214
7188;1;1
430;1491;3176
3134;1465;3173
3026;1441;3164
3010;1441;3164
804;1464;3179
160;1445;3177
95;1497;3196
377;1443;3164
888;1443;3164
89;1455;3186
1901;1441;3164
161;1502;3189
256;1480;3182
351;1456;3182
3329;1441;3164
3341;1441;3164
649;1440;3181
1583;1441;3164
87;1495;3188
37;1514;3183
309;1479;3184
821;1436;3164
1496;1443;3164
637;1450;3166
964;1451;3168
594;1455;3175
2249;1442;3164
554;1445;3164
20;1489;3185
2227;1441;3164
1315;1441;3164
519;1439;3184
1316;1441;3164
2149;1441;3164
1724;1454;3182
18;1469;3187
57;1476;3185
118;1463;3190
3254;1454;3185
1177;1443;3164
112;1470;3186
11;1521;3198
586;1464;3182
35;1470;3189
15;1539;3213
1445;1448;3180
152;1492;3180
2;1550;3191
113;1473;3192
44;1485;3190
2401;1440;3177
10;1513;3188
2378;1442;3164
126;1492;3193
3245;1441;3164
783;1448;3179
493;1445;3182
1358;1449;3182
1180;1459;3177
529;1466;3177
333;1461;3184
1538;1456;3177
2282;1441;3164
1519;1452;3164
2966;1442;3164
474;1456;3177
330;1473;3180
958;1436;3162
17;1527;3189
1295;1470;3180
38;1507;3187
1952;1441;3164
223;1475;3190
625;1457;3166
1392;1448;3180
3355;1441;3164
1881;1443;3164
58;1524;3191
96;1484;3183
1580;1450;3177
196;1461;3182
146;1472;3192
416;1458;3179
1198;1450;3164
3319;1441;3164
1867;1444;3164
896;1467;3177
617;1448;3179
3300;1442;3164
1877;1448;3164
462;1452;3177
3279;1442;3164
454;1464;3190
1860;1455;3164
121;1489;3195
151;1454;3165
1570;1443;3177
1573;1448;3183
1063;1455;3182
1353;1442;3164
459;1453;3181
2334;1449;3182
1267;1444;3179
1060;1455;3182
1061;1452;3182
7431;1451;3182
1355;1441;3164
71;1481;3183
3070;1442;3164
2113;1441;3164
3001;1425;3125
396;1462;3187
2260;1441;3164
142;1478;3195
2238;1439;3164
123;1480;3185
2942;1442;3164
1509;1448;3166
7410;1501;3175
1760;1454;3181
2876;1441;3164
259;1472;3193
1493;1450;3166
2845;1442;3164
370;1469;3184
2844;1443;3164
2167;1450;3166
156;1505;3188
2808;1442;3164
255;1477;3189
736;1443;3164
7603;1491;3188
346;1488;3182
9;1531;3196
75;1522;3190
175;1483;3190
2754;1441;3164
22;1526;3193
155;1447;3180
1261;1438;3164
2552;1441;3155
2586;1441;3164
710;1466;3190
578;1445;3180
472;1452;3174
2472;1412;3129
1606;1444;3164
4;1514;3185
563;1449;3182
744;1464;3180
3422;1441;3164
250;1477;3190
249;1467;3186
2427;1440;3164
3414;1442;3164
1590;1444;3164
2305;1463;3177
1900;1448;3164
3392;1469;3147
1065;1517;3187
1147;1447;3185
1072;1438;3180
3375;1441;3164
1024;1462;3169
709;1450;3164
1382;1444;3164
3332;1441;3164
1885;1441;3164
3330;1441;3164
1197;1455;3177
3316;1441;3164
1886;1449;3164
154;1511;3191
1522;1449;3165
2391;1443;3164
3298;1441;3164
432;1456;3164
3292;1441;3164
3290;1441;3164
7597;1478;3185
3274;1445;3161
1875;1441;3177
291;1460;3185
158;1464;3185
1579;1448;3177
1846;1442;3177
1066;1447;3164
290;1472;3186
3233;1441;3164
891;1450;3182
247;1468;3184
1856;1452;3169
3211;1442;3164
115;1472;3186
1365;1439;3164
483;1461;3187
3210;1442;3164
3189;1441;3164
3193;1442;3164
2352;1446;3169
1847;1442;3164
3173;1441;3164
1051;1459;3182
1843;1444;3182
2342;1451;3164
7341;1458;3186
3139;1442;3164
1186;1451;3171
3167;1441;3164
3149;1441;3164
1842;1462;3164
3156;1442;3164
3141;1442;3164
817;1439;3164
1840;1448;3164
1839;1449;3182
2324;1433;3164
3143;1442;3164
3142;1442;3164
174;1490;3192
2315;1449;3182
1356;1452;3182
1835;1463;3182
296;1460;3190
3118;1441;3164
1542;1449;3169
3111;1441;3164
753;1452;3182
3088;1443;3166
395;1462;3182
3068;1441;3164
3042;1441;3164
1442;1446;3177
1339;1446;3182
596;1472;3177
2281;1443;3164
222;1463;3183
194;1435;3167
3064;1442;3164
1812;1489;3167
1796;1456;3168
701;1456;3182
124;1473;3187
3057;1442;3164
7427;1444;3164
2276;1449;3164
2271;1447;3164
1525;1463;3177
2235;1442;3167
3027;1441;3164
2090;1443;3165
1342;1456;3179
331;1450;3182
3023;1441;3164
2261;1440;3166
68;1463;3185
116;1476;3187
1043;1454;3182
3020;1441;3164
491;1480;3191
179;1477;3180
2252;1461;3168
214;1451;3184
439;1447;3180
2147;1458;3169
1167;1447;3183
697;1465;3184
67;1496;3196
1793;1449;3164
258;1471;3186
1340;1458;3177
2996;1441;3164
1520;1441;3164
1336;1464;3182
30;1537;3189
178;1466;3182
747;1439;3177
2962;1441;3164
2952;1441;3164
455;1467;3164
260;1466;3170
623;1462;3185
29;1482;3195
1510;1444;3164
2927;1442;3164
301;1455;3164
2907;1441;3164
2909;1441;3164
1148;1452;3167
955;1435;3184
1502;1450;3168
2853;1471;3161
1500;1441;3164
2178;1453;3167
1320;1454;3166
874;1459;3179
2177;1445;3177
2892;1442;3164
636;1439;3152
1034;1466;3181
1494;1466;3184
276;1452;3166
1318;1453;3180
117;1480;3198
1492;1461;3177
1302;1446;3177
1313;1447;3164
1491;1448;3177
2870;1441;3164
2181;1443;3164
1309;1460;3166
1750;1450;3164
2848;1441;3164
1458;1463;3179
951;1468;3184
1029;1460;3182
2176;1451;3179
2846;1441;3164
347;1465;3190
2173;1443;3164
2826;1441;3164
1742;1457;3182
2166;1445;3177
2823;1442;3164
2820;1441;3164
2814;1441;3164
1736;1463;3173
1025;1463;3180
1482;1457;3182
1483;1455;3182
2152;1439;3164
2806;1441;3164
1128;1470;3182
2801;1442;3164
2795;1441;3164
1290;1515;3194
1288;1447;3186
1436;1443;3176
2498;1441;3164
2784;1441;3164
587;1466;3186
2780;1441;3164
2779;1441;3164
305;1461;3186
944;1461;3182
2129;1454;3183
683;1466;3180
42;1517;3196
1136;1476;3181
1283;1468;3181
2127;1444;3164
2093;1446;3179
1284;1469;3182
72;1491;3191
264;1465;3185
2756;1442;3164
1285;1463;3184
613;1469;3185
304;1467;3179
1282;1466;3184
4721;1444;3164
1475;1463;3184
2746;1441;3164
1715;1440;3164
734;1453;3171
2108;1438;3164
1923;1443;3164
1465;1440;3185
2742;1441;3164
2117;1441;3164
1720;1438;3177
90;1479;3195
2731;1441;3164
1457;1439;3164
2725;1441;3164
2109;1438;3164
543;1440;3177
2102;1442;3166
712;1412;3136
231;1462;3183
2687;1441;3164
1708;1444;3179
1129;1443;3182
76;1457;3186
2065;1443;3179
1251;1441;3162
1248;1445;3177
725;1464;3183
2559;1441;3164
507;1470;3185
1942;1438;3164
1232;1467;3185
534;1456;3184
994;1447;3179
503;1482;3189
2448;1441;3164
846;1442;3164
1028;1442;3165
2367;1441;3165
2296;1441;3165
379;1459;3190
3421;1441;3165
3418;1441;3165
3402;1441;3165
3385;1442;3165
3367;1442;3165
3349;1441;3165
545;1462;3193
1589;1453;3164
3339;1441;3165
2402;1442;3164
3335;1441;3165
3317;1442;3165
1862;1445;3164
3313;1441;3165
3295;1442;3165
2383;1441;3164
1195;1454;3164
3283;1442;3165
2375;1443;3164
292;1446;3180
3256;1441;3165
3259;1441;3165
3253;1441;3164
3247;1441;3165
2368;1447;3165
1574;1452;3180
3215;1441;3165
3202;1441;3165
2351;1439;3164
3163;1441;3165
2338;1449;3164
1521;1443;3164
3148;1441;3165
3124;1442;3165
3113;1441;3165
3013;1442;3165
1826;1448;3164
3103;1442;3165
1822;1449;3164
3101;1441;3165
3083;1441;3165
3084;1441;3165
3078;1442;3165
3062;1441;3165
3059;1441;3165
2273;1440;3165
3048;1441;3165
523;1474;3181
373;1470;3181
1331;1446;3179
3004;1441;3165
3006;1441;3165
810;1449;3182
3000;1442;3165
2999;1441;3165
2989;1441;3165
1337;1456;3169
2941;1441;3165
2947;1441;3165
2945;1442;3165
2926;1442;3165
2217;1450;3166
1505;1451;3164
2920;1441;3165
2782;1441;3165
2904;1441;3165
2898;1442;3165
2198;1449;3164
2881;1442;3165
2185;1450;3164
2858;1442;3165
1749;1451;3177
2837;1441;3165
517;1460;3184
2163;1446;3177
2830;1442;3165
2632;1442;3165
796;1461;3182
2810;1442;3165
2144;1455;3182
2136;1455;3182
2793;1442;3165
2786;1441;3165
2783;1442;3165
2775;1442;3165
2772;1442;3165
2771;1442;3165
2767;1441;3165
2764;1441;3165
2763;1442;3165
2752;1442;3165
2750;1441;3165
2747;1441;3165
2119;1463;3173
2744;1441;3165
2743;1441;3165
2707;1442;3165
2713;1442;3165
2700;1441;3165
1413;1445;3179
2695;1442;3165
2619;1441;3165
2605;1442;3165
1117;1433;3183
300;1464;3174
7348;1441;3165
7425;1449;3168
7557;1438;3180
7589;1448;3183
1368;1498;3182
164;1499;3189
244;1503;3187
62;1497;3185
2244;1505;3180
148;1502;3189
7403;1501;3171
52;1521;3191
159;1472;3182
66;1510;3195
60;1521;3190
585;1492;3182
97;1530;3199
2006;1487;3184
1421;1495;3184
353;1488;3191
51;1517;3187
185;1509;3189
312;1494;3189
168;1479;3187
354;1492;3170
108;1516;3189
91;1496;3187
40;1526;3191
271;1480;3189
119;1498;3189
54;1496;3190
375;1501;3191
177;1521;3188
31;1514;3189
47;1517;3193
23;1507;3189
74;1494;3189
165;1507;3188
306;1522;3186
8;1568;3213
242;1514;3189
412;1487;3189
381;1501;3187
561;1493;3189
216;1513;3187
107;1516;3189
681;1518;3186
79;1506;3190
272;1523;3190
39;1503;3191
150;1503;3189
181;1483;3174
109;1500;3194
2404;1488;3184
24;1551;3187
19;1529;3192
7;1542;3195
348;1495;3180
473;1501;3186
1921;1499;3187
99;1503;3186
1380;1486;3185
73;1520;3189
85;1536;3189
189;1495;3183
787;1496;3189
133;1532;3192
1709;1507;3186
658;1493;3184
293;1494;3186
768;1460;3171
45;1513;3192
471;1483;3184
1632;1488;3184
281;1472;3171
269;1475;3187
2336;1539;3202
206;1497;3186
241;1499;3189
190;1483;3189
7577;1480;3189
798;1493;3189
211;1523;3189
140;1519;3191
217;1491;3189
182;1496;3186
236;1486;3186
777;1484;3189
1098;1502;3189
106;1517;3193
237;1490;3189
1401;1523;3187
1409;1496;3189
769;1485;3186
1209;1484;3187
917;1480;3192
114;1508;3178
2698;1488;3184
1127;1494;3186
1009;1456;3172
1386;1470;3169
173;1497;3194
43;1521;3187
647;1489;3191
5;1543;3194
1156;1498;3186
553;1516;3153
170;1509;3184
93;1530;3187
145;1530;3192
1523;1493;3180
350;1507;3191
77;1493;3194
1785;1493;3184
166;1489;3189
489;1484;3183
25;1529;3190
83;1520;3189
277;1481;3190
70;1545;3192
1487;1500;3186
270;1490;3193
871;1493;3184
389;1517;3187
544;1505;3188
2631;1439;3162
672;1484;3186
137;1519;3195
424;1517;3183
65;1508;3191
1693;1491;3184
475;1520;3188
449;1509;3186
1998;1486;3184
1977;1487;3184
915;1482;3184
63;1507;3192
1957;1491;3184
1635;1485;3186
508;1483;3189
2499;1487;3184
2497;1487;3184
299;1497;3186
1225;1484;3184
238;1506;3186
2488;1488;3184
1936;1486;3184
382;1516;3186
355;1488;3190
1090;1491;3189
1222;1490;3189
21;1518;3192
564;1490;3186
2459;1487;3184
774;1505;3186
209;1503;3183
1922;1493;3189
504;1491;3184
987;1482;3184
2446;1488;3184
986;1494;3183
1603;1474;3184
446;1484;3187
436;1489;3186
512;1490;3187
767;1495;3185
469;1503;3187
188;1489;3186
257;1490;3189
7400;1497;3184
263;1500;3186
562;1477;3189
1691;1505;3191
14;1537;3201
13;1541;3200
139;1482;3189
318;1509;3189
862;1486;3185
251;1478;3189
111;1514;3190
16;1533;3192
5342;1525;3197
3;1561;3191
219;1520;3188
268;1505;3189
2839;1487;3185
1929;1489;3187
420;1479;3187
532;1485;3185
7401;1482;3188
200;1494;3186
402;1494;3186
7508;1489;3184
7552;1501;3189
7500;1491;3186
7482;1498;3186
7583;1479;3186
971;1504;3185
92;1522;3191
7336;1491;3182
1545;1494;3182
103;1523;3187
207;1513;3187
6;1564;3191
7380;1509;3182
287;1510;3187
754;1520;3182
26;1535;3187
34;1529;3193
525;1503;3182
56;1518;3190
1849;1495;3182
557;1505;3182
208;1528;3185
1558;1496;3182
2346;1495;3182
974;1502;3185
262;1515;3190
2001;1454;3172
815;1495;3182
120;1521;3184
492;1503;3187
1175;1495;3184
32;1544;3190
172;1506;3187
1347;1501;3182
1338;1494;3182
105;1496;3185
818;1514;3185
890;1497;3180
1362;1489;3182
1547;1494;3182
1056;1514;3182
2280;1496;3187
879;1488;3182
36;1517;3193
590;1494;3182
3260;1494;3182
1174;1509;3185
3198;1494;3182
460;1502;3182
3200;1494;3182
589;1489;3189
433;1499;3182
81;1520;3185
7509;1492;3184
973;1492;3182
1555;1515;3182
3154;1494;3182
7595;1495;3193
1361;1508;3182
2331;1498;3182
509;1515;3185
969;1495;3184
197;1529;3188
621;1489;3189
1036;1485;3182
1054;1487;3190
1818;1495;3182
358;1502;3187
748;1496;3185
88;1521;3188
163;1525;3188
1576;1493;3182
2353;1495;3182
3221;1495;3182
136;1501;3188
1367;1499;3182
7512;1502;3190
757;1501;3185
49;1535;3191
646;1495;3182
2328;1491;3182
1360;1491;3182
7377;1498;3187
2321;1494;3182
125;1526;3189
1548;1501;3182
1837;1496;3182
1834;1501;3182
703;1524;3188
1456;1501;3187
7406;1504;3188
1832;1497;3182
3105;1494;3182
641;1523;3188
320;1496;3185
885;1490;3187
632;1507;3190
2300;1494;3182
702;1484;3182
228;1502;3185
752;1486;3182
2291;1494;3182
656;1502;3186
877;1493;3182
2293;1473;3169
650;1487;3188
3328;1494;3182
720;1494;3184
1379;1505;3184
3275;1494;3182
345;1486;3190
336;1523;3184
295;1493;3188
1375;1502;3182
435;1509;3184
7390;1516;3185
12;1538;3188
1853;1491;3182
1184;1511;3185
1064;1509;3178
1560;1514;3182
988;1493;3186
203;1519;3192
976;1488;3184
289;1503;3184
7394;1479;3174
3203;1494;3182
1844;1423;3143
2053;1494;3182
1363;1485;3184
3181;1494;3182
288;1500;3190
2263;1497;3182
3132;1494;3182
1059;1493;3184
2332;1492;3182
691;1492;3182
1550;1508;3187
286;1493;3188
205;1500;3185
1359;1510;3185
1459;1502;3185
135;1518;3190
7432;1510;3182
1815;1492;3182
3127;1494;3182
1836;1488;3182
266;1495;3192
2311;1501;3182
2308;1497;3185
27;1517;3190
755;1493;3182
2306;1495;3182
5679;1503;3182
1790;1505;3182
937;1502;3184
100;1516;3185
53;1504;3194
2298;1492;3182
3087;1494;3182
1274;1484;3182
227;1483;3190
1348;1485;3182
2295;1495;3182
394;1515;3186
3043;1487;3173
2285;1495;3182
1536;1505;3187
883;1490;3187
199;1503;3182
2290;1494;3180
1816;1492;3190
1524;1505;3182
1169;1437;3171
749;1494;3182
876;1490;3185
33;1527;3189
1824;1494;3183
7525;1505;3184
638;1503;3184
162;1492;3184
886;1491;3182
2903;1495;3183
3049;1494;3183
7604;1513;3190
215;1466;3185
479;1460;3171
302;1464;3171
131;1482;3187
859;1458;3172
437;1458;3183
1398;1454;3170
423;1453;3171
510;1453;3171
224;1461;3182
7582;1462;3185
311;1454;3182
1230;1455;3170
1239;1455;3172
567;1456;3172
466;1456;3171
1085;1450;3170
771;1452;3172
1270;1456;3170
1264;1472;3171
3774;1435;3169
1003;1465;3172
367;1440;3169
1107;1453;3171
661;1461;3187
274;1482;3185
654;1446;3172
910;1449;3170
1091;1453;3172
84;1492;3185
531;1442;3174
501;1457;3171
583;1455;3169
1702;1454;3171
3356;1451;3170
733;1470;3185
356;1490;3185
1678;1450;3170
1010;1454;3172
7596;1458;3173
781;1456;3173
2017;1451;3170
2002;1450;3170
572;1455;3174
202;1502;3174
664;1454;3171
1636;1454;3171
326;1484;3185
341;1461;3176
538;1451;3170
1233;1460;3174
2492;1450;3170
536;1476;3182
1621;1450;3170
1415;1469;3174
323;1463;3169
1611;1472;3174
609;1465;3172
366;1463;3169
848;1445;3170
1602;1451;3170
365;1474;3171
419;1456;3171
841;1472;3171
468;1458;3171
193;1500;3182
2103;1455;3170
2405;1451;3170
411;1493;3185
807;1470;3183
1038;1485;3185
265;1495;3182
2201;1451;3170
361;1484;3182
1737;1459;3172
1139;1479;3174
386;1477;3182
727;1452;3170
1108;1445;3170
1642;1454;3167
1109;1451;3182
918;1464;3171
2511;1451;3170
570;1450;3171
716;1472;3172
313;1465;3171
718;1451;3174
1615;1450;3170
1218;1478;3170
1086;1449;3172
2485;1451;3170
7569;1451;3170
1088;1450;3170
535;1468;3170
2467;1450;3170
2468;1451;3170
2465;1451;3170
401;1473;3174
772;1450;3170
2454;1450;3170
773;1454;3170
711;1463;3172
7550;1481;3174
842;1458;3172
153;1483;3190
2442;1450;3170
840;1457;3171
2439;1450;3170
1908;1450;3170
1087;1460;3170
1909;1472;3174
626;1477;3170
7327;1465;3172
2024;1450;3171
1634;1452;3172
380;1451;3172
2997;1450;3171
521;1488;3185
1322;1476;3185
2868;1451;3171
2740;1450;3171
2709;1451;3171
603;1445;3176
191;1519;3188
248;1502;3188
372;1486;3186
982;1488;3178
1372;1495;3181
335;1514;3185
1192;1501;3177
893;1492;3184
59;1525;3190
904;1497;3187
349;1515;3183
61;1499;3186
826;1517;3180
122;1529;3194
1872;1492;3178
391;1505;3182
1068;1503;3186
7591;1498;3180
82;1510;3189
3307;1493;3178
3206;1492;3178
434;1492;3178
597;1523;3180
684;1492;3180
801;1508;3182
1373;1512;3182
110;1507;3192
7126;2;9
1535;1499;3184
528;1476;3181
198;1530;3189
3336;1492;3178
602;1508;3180
2395;1498;3180
599;1507;3184
245;1499;3185
1819;1501;3184
3309;1492;3178
310;1518;3186
695;1491;3187
280;1517;3191
3009;1492;3178
2386;1501;3184
484;1489;3189
2354;1505;3184
1194;1496;3181
2333;1504;3184
825;1489;3181
1378;1512;3186
1868;1495;3181
1854;1494;3178
1376;1505;3181
692;1501;3181
7444;1523;3185
1859;1493;3177
3236;1492;3178
2363;1494;3178
3231;1492;3178
2320;1495;3174
706;1507;3180
2335;1496;3183
141;1501;3185
7531;1479;3171
46;1512;3187
2360;1492;3178
979;1485;3178
7568;1501;3188
1551;1497;3184
1176;1488;3181
2397;1486;3179
7559;1488;3179
2408;1496;3181
7578;1517;3182
7503;1492;3174
7480;1492;3179
7479;1493;3178
7510;1509;3181
7532;1507;3181
7522;1509;3181
7523;1507;3181
338;1508;3181
7544;1505;3177
7447;1492;3178
7521;1502;3177
7477;1492;3179
384;1511;3180
7575;1500;3180
3516;1525;3189
7423;1507;3184
7485;1504;3185
759;1505;3181
946;1512;3185
7585;1501;3183
7563;1503;3189
3133;1486;3183
7433;1491;3178
7516;1513;3182
7457;1492;3178
314;1493;3172
7514;1516;3186
3305;1503;3170
524;1505;3182
809;1502;3172
1057;1502;3172
1541;1504;3170
1371;1504;3170
1571;1505;3165
1185;1511;3178
1566;1505;3165
1350;1510;3178
549;1522;3186
526;1512;3182
431;1519;3182
1546;1503;3170
1461;1503;3172
458;1497;3178
1374;1512;3178
7420;1508;3170
2376;1438;3164
3222;1503;3170
3158;1503;3170
2326;1503;3170
728;1514;3181
278;1538;3189
1830;1507;3179
7415;1506;3171
104;1518;3193
1157;1504;3170
2384;1505;3165
2371;1504;3170
1578;1490;3180
3176;1503;3170
3155;1504;3170
1254;1502;3183
1179;1512;3178
1055;1510;3170
7554;1502;3178
522;1505;3183
1152;1504;3183
3112;1503;3170
3096;1504;3170
3066;1504;3170
3092;1503;3170
750;1486;3178
1346;1509;3165
149;1523;3184
2292;1503;3170
1776;1505;3181
7528;1499;3172
1450;1495;3186
408;1517;3191
138;1555;3188
1069;1502;3170
1395;1503;3171
41;1485;3192
3365;1504;3171
1865;1499;3165
3229;1503;3170
3192;1503;3171
1178;1505;3165
7551;1508;3181
642;1509;3185
7587;1527;3183
7517;1516;3188
7536;1515;3188
1151;1474;3172
429;1478;3183
956;1482;3183
640;1505;3181
2211;1473;3172
98;1520;3186
696;1487;3181
878;1482;3183
1782;1474;3172
1768;1473;3172
1310;1475;3180
417;1486;3168
666;1502;3187
980;1488;3167
645;1500;3180
371;1499;3182
7562;1467;3170
1171;1488;3178
2981;1473;3172
506;1506;3183
1325;1476;3178
2922;1473;3172
686;1501;3191
1287;1477;3183
1495;1489;3178
2192;1474;3172
2866;1473;3172
497;1473;3181
2361;1472;3172
3378;1473;3172
2381;1478;3172
614;1475;3187
6369;1499;3183
253;1487;3181
6014;3;5
3145;1473;3172
1649;1485;3182
3002;1474;3172
2302;1480;3178
2301;1470;3165
882;1495;3178
221;1482;3168
7590;1487;3181
699;1475;3164
3019;1473;3172
1046;1478;3178
7501;1474;3176
3011;1473;3172
1162;1496;3185
204;1517;3185
1516;1484;3178
743;1476;3167
2987;1474;3172
1153;1483;3178
1033;1473;3180
7588;1483;3188
1784;1480;3178
362;1498;3187
1308;1480;3174
7442;1492;3178
319;1486;3185
1757;1478;3178
2210;1474;3168
2923;1474;3172
2209;1475;3172
7565;1507;3191
7600;1497;3191
452;1505;3182
2869;1473;3172
2889;1473;3172
687;1480;3183
7566;1472;3177
2142;1478;3186
1731;1490;3189
2358;1452;3166
321;1490;3183
7602;1474;3182
7601;1479;3186
7599;1479;3182
7598;1477;3182
7594;1484;3164
1499;1474;3173
2307;1474;3173
3351;1474;3173
3177;1473;3173
3052;1473;3173
407;1485;3168
1317;1484;3181
7540;1478;3182
7567;1469;3166
7504;1480;3172
7398;1488;3186
7507;1478;3165
7558;1480;3165
7574;1482;3179
7586;1469;3172
7484;1463;3170
7513;1500;3181
7506;1462;3169
7417;1464;3170
7505;1461;3168
7483;1486;3176
7535;1485;3176
500;1504;3187
1518;1482;3164
600;1482;3168
2330;1484;3168
1343;1486;3181
892;1467;3172
3018;1482;3168
487;1472;3189
308;1500;3171
7515;1485;3153
3159;1483;3168
3131;1482;3168
3116;1483;3168
451;1494;3191
962;1479;3184
2253;1482;3168
2921;1483;3168
1159;1494;3183
201;1493;3173
869;1496;3189
157;1472;3184
3028;1482;3168
981;1495;3184
694;1490;3170
1556;1486;3168
1788;1504;3186
1041;1500;3188
1298;1495;3182
961;1503;3184
2955;1482;3168
2172;1481;3173
284;1492;3186
1896;1481;3169
3400;1483;3169
2344;1483;3168
128;1494;3191
2389;1485;3166
983;1495;3183
707;1494;3180
225;1494;3173
3369;1493;3173
393;1513;3182
591;1477;3171
547;1479;3186
739;1498;3189
592;1482;3189
457;1482;3170
1794;1502;3184
812;1488;3168
317;1488;3186
147;1494;3186
360;1500;3188
427;1509;3173
7352;1482;3169
7362;1483;3169
7361;1483;3169
7359;1482;3169
7360;1482;3169
7358;1482;3169
7496;1478;3169
7382;1477;3169
7357;1482;3169
7354;1483;3169
7356;1483;3169
7355;1482;3169
7353;1482;3169
7489;1478;3169
7487;1479;3169
7495;1479;3169
7494;1477;3169
7493;1477;3169
7492;1478;3169
7491;1478;3169
7490;1478;3169
7486;1478;3169
7488;1478;3169
7351;1483;3169
7350;1483;3169
1883;1483;3172
2821;1497;3188
3129;1493;3169
4017;1488;3168
593;1497;3191
130;1488;3180
78;1495;3192
2031;1469;3173
7328;1478;3188
758;1486;3168
229;1481;3182
780;1490;3174
1104;1486;3168
5446;1480;3169
4934;1495;3189
665;1481;3168
7345;1482;3169
1584;1484;3171
6792;1483;3171
527;1484;3171
7347;1482;3169
7381;1482;3169
7408;1483;3169
7475;1483;3169
7474;1482;3169
7543;1482;3165
7542;1481;3169
7470;1482;3169
7459;1482;3169
7472;1482;3169
7471;1483;3169
7435;1480;3168
7412;1483;3181
176;1498;3187
267;1478;3189
1478;1486;3189
1163;1473;3189
2819;1479;3184
1023;1491;3189
2777;1479;3184
546;1487;3189
548;1495;3192
2727;1479;3184
1734;1494;3192
315;1497;3187
943;1484;3186
854;1492;3189
2124;1482;3190
513;1495;3189
1714;1472;3187
2122;1494;3186
1048;1477;3189
329;1480;3189
2992;1479;3184
316;1489;3196
1484;1477;3186
2479;1479;3184
2145;1496;3184
409;1487;3190
2781;1479;3184
2770;1479;3184
1476;1496;3170
2128;1484;3186
467;1497;3173
7387;1483;3186
622;1492;3187
1721;1480;3184
2760;1479;3184
132;1472;3186
824;1484;3170
7518;1488;3189
1743;1491;3182
977;1480;3185
518;1491;3194
234;1485;3189
1725;1480;3185
443;1470;3176
1470;1474;3189
2139;1481;3186
2141;1477;3185
7388;1491;3187
1286;1495;3188
1726;1481;3184
1292;1494;3189
1472;1478;3169
7334;1470;3187
7537;1479;3185
7534;1479;3182
7564;1491;3187
334;1478;3187
187;1495;3186
2179;1469;3187
102;1491;3187
975;1490;3187
935;1484;3187
1797;1472;3187
2250;1467;3187
1040;1476;3187
1424;1468;3187
1772;1466;3183
2204;1468;3187
1150;1466;3187
1762;1475;3187
2190;1467;3187
1018;1476;3187
482;1490;3190
413;1483;3187
1673;1472;3187
1562;1475;3187
3122;1468;3187
1111;1475;3171
1031;1475;3190
3014;1467;3187
2986;1467;3187
456;1472;3188
1137;1498;3190
1327;1479;3187
941;1486;3191
2957;1467;3187
741;1477;3187
2215;1476;3187
1324;1500;3190
2908;1456;3169
639;1479;3187
1146;1479;3187
2787;1469;3187
2188;1467;3187
69;1499;3190
1307;1473;3187
2778;1468;3187
914;1472;3187
48;1528;3190
1078;1477;3187
383;1479;3182
2582;1467;3187
1981;1468;3187
2558;1467;3187
226;1513;3176
1992;1469;3187
1430;1475;3171
1988;1468;3187
478;1477;3171
1967;1467;3187
2519;1467;3187
719;1474;3187
7438;1477;3187
569;1463;3187
970;1467;3188
1044;1467;3187
3135;1468;3188
967;1477;3190
327;1474;3187
7399;1465;3188
1513;1503;3184
552;1485;3189
1116;1478;3181
398;1473;3190
6878;1471;3173
171;1480;3189
1030;1492;3173
799;1491;3192
2802;1483;3161
942;1495;3189
762;1473;3155
3345;1471;3173
1887;1470;3169
1190;1489;3172
894;1504;3185
494;1509;3184
3269;1471;3173
2356;1472;3173
966;1481;3173
7538;1476;3173
2257;1503;3180
488;1470;3173
1512;1467;3173
1775;1479;3173
1508;1466;3186
1767;1504;3176
2915;1471;3173
550;1483;3189
7593;1490;3186
949;1497;3192
1755;1477;3181
1145;1494;3189
1754;1481;3176
1311;1476;3173
2865;1471;3173
634;1490;3176
2168;1472;3173
735;1495;3186
870;1497;3189
1716;1488;3189
1697;1473;3186
732;1484;3189
7446;1466;3190
1871;1476;3173
7434;1465;3186
3224;1472;3174
2918;1471;3174
2180;1472;3173
1748;1475;3187
2791;1471;3174
7445;1469;3186
680;1496;3184
183;1483;3182
7499;1478;3184
7573;1476;3173
7592;1480;3186
4910;1473;3175
651;1510;3192
1586;1493;3187
751;1502;3183
1577;1488;3183
627;1495;3185
898;1494;3190
1210;1489;3178
3354;1486;3183
3366;1487;3183
496;1461;3183
530;1505;3176
376;1512;3188
2396;1488;3183
1873;1505;3190
7391;1518;3185
397;1501;3191
3297;1486;3183
1553;1492;3183
3293;1486;3183
822;1501;3190
3281;1486;3183
1861;1490;3185
3234;1486;3183
1187;1481;3183
3232;1486;3183
3060;1491;3174
7337;1449;3128
1050;1492;3177
1052;1496;3174
3119;1490;3174
5389;1501;3171
2275;1490;3174
1168;1492;3176
1534;1490;3174
1529;1490;3174
965;1493;3174
1817;1490;3174
3075;1490;3174
2277;1490;3174
2284;1490;3174
1172;1488;3174
1528;1489;3174
7397;1494;3187
1813;1497;3167
2283;1491;3174
2270;1489;3174
1533;1489;3174
279;1505;3189
1531;1487;3176
3241;1490;3174
1332;1492;3175
3180;1490;3174
1182;1493;3174
1831;1489;3174
3144;1490;3174
1828;1496;3176
1808;1489;3176
884;1494;3176
1351;1504;3179
3089;1490;3174
1537;1497;3176
3045;1490;3174
1807;1489;3176
2278;1489;3174
3076;1490;3174
3073;1490;3174
952;1490;3174
3072;1491;3174
1810;1490;3174
3061;1491;3174
3047;1490;3174
3056;1490;3174
2243;1490;3174
3054;1490;3174
1532;1490;3176
3051;1490;3174
3050;1491;3174
1335;1481;3176
3046;1490;3174
2268;1494;3174
881;1488;3171
2267;1489;3174
2266;1491;3172
3041;1491;3175
3039;1490;3174
3037;1490;3174
3036;1490;3174
3038;1490;3174
5533;1513;3188
127;1492;3172
659;1481;3168
1394;1491;3175
2288;1491;3175
1049;1489;3174
428;1487;3169
7580;1511;3184
1759;1488;3182
3370;1491;3175
2355;1493;3167
2279;1488;3174
1497;1504;3189
7549;1488;3177
7478;1491;3175
7429;1491;3174
392;1513;3190
1027;1510;3192
1289;1496;3192
1481;1503;3190
588;1517;3193
693;1491;3185
689;1492;3172
1730;1496;3192
1333;1497;3190
1158;1502;3190
2825;1501;3190
50;1506;3193
2818;1501;3190
2157;1504;3190
2148;1505;3192
542;1517;3192
1293;1498;3194
1256;1500;3176
2146;1502;3190
2804;1502;3190
945;1492;3184
2138;1502;3190
939;1506;3194
2796;1502;3190
2135;1518;3192
4057;1501;3191
2813;1502;3191
2812;1502;3191
2134;1519;3191
7335;1478;3169
352;1469;3169
64;1495;3181
246;1488;3177
86;1484;3193
233;1481;3168
953;1469;3172
605;1477;3170
192;1480;3170
3447;1467;3169
766;1478;3170
1074;1471;3173
558;1473;3160
1596;1478;3169
1894;1469;3169
498;1475;3169
698;1477;3169
2436;1469;3169
1396;1473;3169
3410;1468;3169
7161;1469;3169
378;1449;3118
984;1473;3169
180;1399;3120
186;1468;3169
499;1440;3141
832;1473;3170
900;1467;3169
2289;1473;3168
1134;1490;3182
2434;1468;3169
906;1471;3170
1906;1469;3169
905;1468;3169
2426;1467;3169
1895;1471;3170
374;1477;3180
2417;1469;3169
7087;5;15
3372;1466;3169
7063;1;1
94;1476;3176
3120;1467;3169
438;1490;3185
1471;1499;3185
853;1482;3171
682;1460;3174
7386;1408;3124
337;1469;3169
897;1473;3172
1202;1468;3169
230;1475;3169
3451;1468;3169
2437;1475;3170
3443;1473;3170
3448;1467;3170
2287;1468;3169
7325;1469;3170
2433;1467;3170
3442;1467;3170
3382;1468;3170
3439;1468;3170
2432;1475;3170
1075;1468;3170
1390;1473;3170
1599;1466;3170
3438;1468;3170
2422;1466;3170
604;1473;3165
2431;1468;3170
902;1466;3169
1905;1466;3170
3437;1467;3170
653;1467;3170
3434;1467;3170
7310;1470;3170
3433;1468;3170
3430;1467;3170
3431;1467;3170
1208;1467;3169
1904;1482;3173
3427;1467;3170
2428;1466;3170
1903;1469;3170
6921;1465;3170
3091;1467;3170
3286;1472;3169
7369;1469;3169
764;1471;3170
2312;1467;3170
1393;1480;3172
3407;1467;3170
1205;1476;3171
2633;1467;3170
1070;1473;3172
1387;1462;3169
1385;1476;3169
2828;1485;3171
1891;1467;3170
7330;1468;3170
7321;1475;3170
7312;1469;3170
3428;1462;3170
400;1467;3169
7368;1467;3170
7366;1467;3170
7560;1480;3171
7393;1466;3170
55;1501;3188
80;1500;3191
1249;1475;3183
369;1492;3170
7379;1468;3170
2445;1494;3171
779;1512;3188
442;1515;3183
993;1501;3186
655;1496;3186
1664;1495;3171
565;1492;3178
470;1500;3171
101;1509;3192
2003;1495;3171
1983;1494;3171
1640;1495;3171
1925;1494;3171
3194;1495;3171
2340;1494;3171
2954;1494;3171
2206;1526;3186
2950;1494;3171
2944;1494;3171
2930;1494;3171
1326;1506;3186
926;1513;3175
2565;1494;3171
2556;1494;3171
850;1505;3188
537;1500;3188
1093;1504;3171
298;1526;3191
1610;1500;3171
1083;1499;3188
1917;1497;3171
1914;1496;3174
1212;1496;3172
1910;1500;3174
134;1519;3185
1407;1499;3172
2077;1498;3173
1427;1517;3172
406;1508;3187
607;1523;3184
1300;1483;3175
1746;1490;3175
1735;1498;3175
2125;1497;3175
212;1504;3187
1304;1474;3186
344;1505;3189
660;1489;3189
934;1493;3180
5140;1499;3178
1305;1502;3186
1490;1506;3175
1489;1507;3184
2143;1483;3171
1732;1474;3171
2738;1497;3175
2105;1504;3164
1989;1473;3134
580;1472;3187
516;1496;3190
2797;1497;3176
243;1456;3172
872;1450;3178
1170;1438;3170
860;1436;3170
1306;1439;3170
220;1453;3175
690;1444;3172
868;1439;3170
1130;1471;3184
2199;1446;3175
1800;1439;3170
2228;1439;3170
866;1468;3187
1703;1445;3170
1564;1448;3172
1526;1434;3172
1164;1450;3175
2200;1439;3170
2803;1439;3170
7372;1476;3174
630;1453;3181
2091;1456;3179
1271;1477;3179
2693;1440;3170
729;1472;3175
2086;1457;3179
3053;1439;3170
954;1497;3174
2961;1439;3170
2690;1439;3170
2118;1450;3176
2758;1439;3170
2097;1432;3176
1477;1460;3176
2106;1449;3178
2710;1440;3170
294;1459;3181
2247;1450;3179
708;1509;3193
3364;1491;3179
1370;1491;3182
1199;1497;3179
1882;1508;3185
551;1498;3179
1581;1495;3179
2388;1492;3179
3185;1491;3179
3373;1492;3180
332;1504;3189
1042;1460;3163
730;1478;3183
1771;1463;3163
7547;1455;3166
1269;1490;3179
1301;1478;3177
738;1482;3185
700;1500;3185
2759;1485;3181
254;1438;3162
579;1491;3171
1004;1493;3183
669;1492;3184
2520;1486;3181
2486;1485;3181
235;1497;3185
916;1492;3181
1297;1489;3183
1986;1483;3184
28;1489;3184
210;1527;3189
1638;1504;3184
2317;1480;3176
2239;1479;3176
851;1489;3187
1132;1498;3182
2310;1483;3176
7555;1492;3180
2171;1483;3184
1258;1492;3175
685;1488;3185
2159;1490;3189
2817;1480;3176
933;1485;3184
2773;1479;3176
1278;1494;3184
2638;1480;3176
2079;1481;3178
539;1480;3182
7579;1503;3186
1113;1478;3182
342;1480;3168
802;1490;3186
2651;1480;3177
2255;1490;3178
940;1480;3168
1744;1486;3183
2745;1479;3177
1138;1486;3179
1082;1477;3177
440;1486;3167
1416;1464;3125
129;1543;3194
844;1505;3175
932;1492;3173
1422;1464;3125
770;1513;3166
1220;1469;3130
1613;1478;3178
713;1507;3186
167;1532;3181
847;1485;3177
1400;1498;3182
845;1492;3180
908;1490;3180
1911;1477;3176
1226;1509;3173
2443;1476;3176
2447;1476;3176
1402;1501;3180
1080;1477;3177
1601;1494;3179
2438;1476;3176
1131;1478;3179
843;1477;3178
2441;1476;3177
1919;1512;3173
485;1484;3175
3147;1508;3171
143;1519;3187
643;1506;3171
7548;1517;3187
1165;1485;3184
1787;1484;3182
663;1480;3181
1792;1485;3173
3082;1488;3173
813;1495;3184
7553;1485;3184
2980;1487;3173
1764;1488;3159
2196;1488;3173
1032;1498;3180
3071;1488;3174
1155;1498;3174
6257;2;4
1294;1489;3149
3304;1487;3149
1876;1484;3149
2372;1500;3149
2650;1487;3149
1568;1488;3151
7443;1467;3177
1946;1485;3156
505;1501;3180
1711;1491;3152
1021;1486;3170
760;1488;3151
1035;1497;3152
1501;1482;3158
816;1497;3177
6736;2;7
2387;1435;3164
2418;1480;3180
6667;2;7
6317;2;7
3074;1443;3164
6290;1;1
6131;2;7
3166;1473;3164
195;1472;3163
726;1453;3166
1455;1460;3166
2602;1451;3166
1674;1451;3166
275;1457;3166
2028;1451;3166
2022;1451;3166
7561;1441;3167
1255;1451;3162
671;1511;3182
2064;1452;3166
677;1439;3170
322;1504;3186
1120;1489;3186
2620;1325;3121
931;1468;3179
857;1479;3165
670;1490;3172
1237;1483;3163
2604;1452;3166
1449;1458;3175
2029;1460;3166
675;1461;3168
2585;1451;3166
514;1485;3173
1007;1460;3181
2385;1457;3187
1188;1465;3187
3264;1457;3187
7426;1466;3187
960;1503;3192
1149;1475;3190
1517;1493;3169
2256;1481;3175
3191;1482;3175
3164;1481;3175
1552;1487;3175
1540;1478;3175
3100;1481;3175
3080;1481;3175
2970;1482;3175
2972;1482;3176
7421;1472;3175
1103;1484;3175
285;1505;3170
1569;1493;3184
2977;1490;3184
566;1497;3186
1506;1510;3177
2365;1508;3177
3312;1509;3177
307;1518;3182
1774;1511;3184
7411;1527;3182
2132;1511;3177
2878;1488;3150
1144;1496;3160
629;1505;3188
1280;1503;3173
2968;1487;3150
1191;1497;3172
1833;1487;3150
7428;1502;3156
1166;1484;3159
2932;1488;3150
1314;1501;3166
635;1509;3183
2150;1491;3150
2809;1487;3150
2007;1486;3165
2596;1487;3150
540;1524;3194
404;1492;3171
3322;1487;3151
1349;1507;3150
1766;1500;3168
2414;1481;3171
2369;1519;3182
1863;1484;3183
1352;1514;3182
3362;1484;3171
490;1518;3192
1381;1493;3189
2350;1484;3171
2807;1471;3161
800;1478;3182
232;1515;3179
598;1495;3174
2208;1451;3161
1597;1467;3148
6434;1;1
2223;1441;3138
486;1461;3171
1689;1443;3155
4888;1;1
3999;1;1
2561;1461;3169
1658;1481;3168
3441;1447;3165
7384;1449;3165
2379;1477;3180
1067;1479;3184
3368;1477;3180
2374;1483;3180
3187;1478;3180
2377;1482;3184
1173;1478;3187
657;1475;3157
297;1502;3177
610;1485;3173
990;1488;3157
1076;1481;3168
7371;1498;3166
1399;1493;3157
1926;1487;3157
1019;1488;3158
601;1499;3171
7448;1487;3158
1047;1481;3162
947;1484;3177
742;1484;3165
2914;1470;3161
2906;1470;3161
2399;1470;3161
3108;1470;3161
2967;1470;3161
2577;1471;3161
1141;1468;3163
793;1486;3181
2841;1471;3161
2840;1470;3161
2162;1470;3161
7456;1470;3161
618;1466;3161
7392;1482;3167
2313;1470;3162
2232;1470;3162
3310;1471;3162
3044;1470;3162
1728;1485;3181
7454;1471;3162
2111;1474;3176
2070;1476;3176
7533;1475;3178
784;1472;3162
785;1497;3181
515;1489;3184
2016;1477;3176
240;1466;3171
1276;1471;3176
1125;1472;3160
2630;1476;3176
1001;1475;3164
924;1500;3186
2873;1477;3177
1243;1501;3182
792;1497;3176
2891;1498;3184
3033;1498;3184
2140;1491;3184
2126;1504;3184
1279;1513;3186
1718;1498;3184
1717;1505;3186
1628;1495;3163
2531;1498;3184
717;1501;3186
1077;1490;3182
1600;1501;3184
989;1499;3184
1224;1496;3168
1214;1495;3184
2314;1497;3184
2919;1498;3185
606;1494;3184
5415;2;2
2979;1417;3132
7526;1508;3189
863;1515;3172
992;1496;3185
2155;1491;3174
2241;1493;3185
2579;1419;3144
912;1491;3173
715;1507;3189
1618;1495;3172
1795;1476;3161
1791;1436;3135
1779;1479;3166
1783;1476;3167
1778;1478;3161
2936;1478;3161
1328;1487;3187
1899;1479;3162
2078;1479;3163
5392;1478;3161
7378;1478;3162
7584;1486;3180
608;1495;3166
445;1468;3167
1729;1455;3167
803;1446;3169
476;1490;3168
1429;1455;3167
662;1470;3158
340;1500;3181
2541;1487;3184
865;1491;3170
920;1507;3186
1106;1492;3186
2502;1487;3184
1947;1485;3184
533;1487;3184
1404;1491;3186
1928;1487;3184
1623;1497;3184
1943;1493;3185
1933;1493;3187
7395;1486;3182
7520;1486;3174
7571;1488;3167
7576;1495;3172
3015;1409;3142
3035;1348;3097
1801;1409;3142
1827;1409;3142
2258;1448;3167
1530;1449;3160
1805;1467;3151
3178;1409;3142
2718;1409;3142
3102;1410;3143
2303;1409;3142
3063;1410;3142
2272;1442;3166
3032;1409;3142
1803;1442;3166
3308;1410;3143
3303;1409;3143
3174;1410;3143
3065;1409;3143
2116;1499;3176
169;1522;3183
2114;1499;3176
1235;1517;3182
2741;1499;3176
1920;1495;3176
2734;1499;3176
1473;1507;3190
2677;1500;3176
568;1515;3190
7402;1497;3176
7511;1500;3176
1094;1515;3176
1420;1522;3176
830;1515;3183
3289;1489;3159
1874;1498;3167
7436;1489;3159
1241;1486;3171
633;1459;3162
875;1506;3170
721;1478;3188
1428;1481;3183
1948;1479;3170
2883;1480;3170
2880;1480;3170
1140;1455;3166
1667;1472;3167
778;1488;3175
576;1486;3172
403;1490;3190
1975;1494;3173
1974;1483;3170
1417;1516;3177
1236;1493;3170
1932;1489;3173
1756;1479;3171
2182;1487;3170
1751;1477;3169
1020;1480;3173
1809;1482;3181
2887;1481;3161
2879;1482;3161
2151;1480;3161
2798;1481;3161
2133;1481;3162
7389;1490;3184
2902;1484;3163
2893;1484;3163
2195;1485;3163
2886;1484;3163
2896;1485;3164
464;1453;3167
2380;1434;3131
3417;1462;3168
1959;1472;3167
7545;1472;3172
7463;1461;3168
368;1489;3186
2557;1474;3177
328;1524;3189
2995;1446;3161
283;1482;3172
673;1477;3154
144;1489;3183
688;1498;3180
1189;1450;3140
390;1471;3174
1454;1463;3164
2237;1453;3155
2943;1455;3155
2872;1455;3155
2854;1455;3155
1319;1456;3156
1763;1455;3156
385;1482;3179
2220;1456;3156
3107;1473;3164
1567;1474;3164
2337;1473;3164
1539;1480;3164
421;1475;3182
1480;1441;3155
2160;1442;3155
1733;1445;3155
2120;1441;3155
1719;1442;3155
2098;1443;3155
252;1491;3182
2656;1441;3155
2137;1441;3155
2107;1441;3155
2576;1441;3155
2508;1441;3155
357;1504;3174
2637;1442;3155
2595;1441;3155
1963;1442;3155
1657;1443;3155
1135;1464;3164
2766;1442;3156
704;1489;3177
2403;1469;3147
1383;1475;3147
1582;1481;3152
1893;1471;3169
3352;1469;3147
3361;1469;3147
3348;1469;3147
3344;1470;3147
3226;1470;3147
1544;1475;3177
3218;1470;3147
648;1487;3175
3411;1469;3148
2419;1469;3152
7349;1469;3148
7422;1473;3149
3270;1460;3152
2362;1497;3178
2364;1481;3184
740;1474;3158
1773;1475;3154
1504;1492;3167
2184;1475;3154
3093;1424;3143
3081;1423;3143
1614;1464;3126
2398;1424;3145
3196;1423;3143
2366;1423;3143
3161;1423;3143
3150;1424;3143
3126;1423;3143
3123;1424;3143
3130;1423;3143
3104;1423;3143
3098;1423;3143
3085;1423;3143
1814;1464;3160
3077;1424;3143
972;1453;3156
1851;1436;3137
705;1479;3164
3186;1423;3144
1781;1487;3182
899;1481;3167
2483;1477;3167
1095;1489;3179
2453;1477;3167
3406;1444;3134
2816;1453;3138
2429;1453;3143
2430;1446;3134
3409;1444;3134
2416;1472;3148
520;1476;3173
1554;1462;3161
1200;1446;3138
7365;1444;3135
1939;1483;3182
2682;1483;3182
2071;1478;3184
1460;1487;3187
786;1456;3165
7570;1494;3170
1651;1487;3157
1662;1484;3190
2544;1484;3182
1984;1484;3182
2018;1484;3183
7572;1483;3190
2851;1487;3184
2856;1487;3184
2594;1487;3184
1242;1487;3185
1646;1489;3173
615;1474;3181
422;1504;3189
746;1467;3166
453;1471;3185
2800;1460;3179
814;1415;3157
2262;1415;3157
1364;1419;3157
1866;1415;3157
3121;1416;3157
3099;1415;3157
2297;1425;3157
3029;1416;3157
1804;1416;3157
1105;1456;3184
3024;1416;3158
1780;1456;3177
1758;1469;3186
2874;1461;3168
1752;1464;3177
2863;1461;3168
2861;1462;3168
2850;1461;3168
2847;1461;3168
2169;1468;3168
2153;1469;3168
1485;1466;3168
2183;1468;3168
2121;1472;3173
2175;1521;3173
745;1457;3166
968;1434;3135
2969;1435;3135
2234;1429;3135
2768;1459;3163
2761;1466;3183
324;1488;3187
3347;1465;3183
1838;1492;3185
2762;1465;3183
447;1502;3171
2449;1466;3184
463;1487;3167
3346;1477;3146
3342;1478;3147
7464;1477;3147
1263;1468;3157
1259;1467;3157
1605;1468;3157
1448;1470;3157
1648;1473;3167
1620;1474;3162
2857;1456;3156
1017;1468;3157
775;1537;3189
1100;1524;3185
2685;1425;3159
2696;1426;3159
2626;1426;3159
2046;1445;3163
2037;1427;3159
678;1430;3159
303;1480;3186
1011;1481;3172
1684;1418;3159
480;1453;3186
911;1464;3186
1941;1458;3166
339;1450;3168
619;1466;3186
938;1470;3167
1118;1479;3171
2667;1473;3180
1440;1478;3180
1133;1461;3171
511;1499;3183
1511;1461;3184
1022;1477;3189
2739;1470;3175
2083;1470;3175
2051;1469;3175
1705;1474;3183
2723;1474;3183
2099;1473;3183
1704;1475;3183
2688;1474;3183
2683;1474;3183
2654;1475;3183
2678;1474;3183
2672;1474;3183
2675;1474;3183
1700;1485;3185
2670;1474;3183
2749;1474;3183
1660;1483;3183
2104;1488;3186
2068;1480;3185
2706;1474;3183
405;1498;3190
2708;1475;3183
2530;1474;3183
2101;1475;3183
1273;1492;3185
1468;1466;3183
2087;1471;3183
2092;1474;3183
2694;1474;3183
624;1497;3183
555;1501;3156
2991;1469;3161
2925;1470;3161
184;1498;3178
2357;1478;3169
3331;1476;3169
3250;1476;3169
3244;1476;3169
3416;1454;3133
3360;1454;3133
3343;1455;3133
7419;1478;3155
2960;1484;3171
450;1461;3164
909;1481;3163
1423;1469;3158
1616;1480;3158
2481;1458;3158
1619;1497;3177
3415;1496;3172
2373;1488;3172
2951;1496;3172
399;1500;3176
3440;1406;3125
3444;1406;3125
1204;1408;3126
3395;1407;3125
3393;1406;3125
1593;1441;3157
3383;1421;3126
1045;1466;3184
1884;1464;3165
3318;1455;3165
3306;1455;3165
1880;1460;3165
2080;1454;3165
7473;1455;3166
461;1478;3155
3235;1478;3155
1405;1490;3166
1201;1482;3155
7404;1478;3156
2043;1453;3168
1193;1404;3135
2269;1432;3170
1690;1437;3168
2628;1435;3168
2625;1435;3168
2623;1436;3168
1453;1429;3168
2033;1429;3143
2096;1431;3168
7439;1436;3169
2038;1458;3182
441;1501;3167
1665;1473;3171
1084;1459;3156
7546;1467;3159
7424;1472;3163
1053;1493;3186
1323;1473;3164
2985;1475;3157
1425;1503;3176
3208;1476;3158
1821;1470;3170
7468;1487;3153
3171;1488;3153
3412;1487;3154
3284;1488;3154
7342;1488;3154
7469;1487;3154
3179;1454;3168
2410;1452;3166
3403;1452;3166
1889;1449;3166
3246;1453;3166
2304;1481;3184
1829;1452;3167
2953;1453;3167
3302;1452;3167
7497;1449;3167
7339;1452;3167
7581;1481;3186
3404;1441;3141
3387;1442;3141
3379;1441;3141
2412;1442;3141
3425;1441;3142
2411;1441;3142
273;1497;3183
1706;1501;3185
925;1507;3185
1488;1503;3188
996;1454;3153
919;1501;3186
7451;1503;3187
1272;1486;3158
2019;1488;3168
444;1490;3166
2473;1478;3165
2624;1478;3166
1993;1481;3167
2455;1478;3166
827;1475;3167
1694;1480;3175
2720;1476;3167
2490;1475;3167
2580;1463;3167
1247;1453;3155
1990;1455;3155
1005;1455;3155
1434;1455;3155
1244;1462;3155
481;1479;3185
1013;1453;3155
856;1454;3155
7329;1455;3156
6644;2;2
2229;1500;3178
6958;1;1
3353;1436;3118
1879;1439;3121
3445;1440;3119
1397;1437;3119
1388;1464;3154
1915;1468;3174
2041;1489;3176
1058;1481;3162
1777;1489;3171
2610;1490;3182
1099;1525;3180
2663;1490;3182
2842;1491;3182
1683;1484;3164
2005;1497;3184
1951;1486;3185
1431;1485;3188
668;1492;3170
7524;1486;3179
722;1496;3185
922;1474;3187
999;1485;3185
1930;1472;3185
959;1457;3134
2309;1456;3128
2274;1462;3128
7418;1487;3169
7539;1478;3156
3031;1430;3161
502;1452;3174
1607;1451;3173
1594;1461;3156
2415;1403;3113
3398;1433;3120
3429;1433;3120
3426;1432;3120
3423;1433;3120
2413;1429;3120
3374;1432;3120
7370;1432;3120
3220;1437;3176
3213;1437;3176
3251;1438;3176
3285;1436;3164
3137;1436;3164
957;1473;3169
2933;1454;3169
2931;1454;3169
410;1457;3176
2911;1454;3169
2702;1454;3169
2193;1455;3169
2805;1455;3169
765;1426;3174
1592;1436;3176
2521;1464;3158
1071;1483;3176
2170;1451;3161
2165;1451;3161
2066;1471;3183
2684;1451;3161
2864;1451;3161
2862;1451;3161
2855;1452;3161
2838;1451;3161
343;1463;3167
325;1476;3159
1738;1493;3169
2774;1488;3167
1811;1473;3169
1671;1457;3175
7556;1466;3170
2299;1443;3171
1820;1455;3176
3079;1444;3164
3408;1477;3159
3396;1477;3159
2394;1494;3175
7502;1501;3167
7367;1478;3160
2225;1506;3180
3381;1441;3154
3371;1441;3155
2673;1441;3155
2421;1370;3111
1559;1453;3155
1591;1381;3104
895;1464;3163
3321;1439;3128
3294;1439;3128
3282;1438;3128
1227;1464;3125
1228;1464;3125
1216;1464;3125
1096;1487;3132
1097;1465;3126
1092;1465;3126
1231;1465;3126
1223;1464;3126
998;1501;3167
1217;1465;3126
1215;1465;3126
1211;1464;3126
1213;1465;3126
1079;1463;3125
1081;1492;3182
1418;1464;3126
1414;1465;3126
1408;1465;3126
1412;1465;3126
1411;1464;3126
1410;1465;3126
997;1465;3132
991;1493;3156
1403;1464;3126
1406;1465;3126
1219;1487;3155
1089;1479;3137
1609;1464;3126
1608;1464;3126
1437;1495;3171
3182;1456;3157
1439;1461;3160
849;1470;3168
2575;1455;3157
2572;1455;3157
1659;1455;3157
2549;1455;3157
2551;1456;3158
3212;1455;3144
791;1458;3150
2701;1439;3162
2653;1439;3163
2216;1508;3171
1850;1467;3125
2993;1467;3125
3267;1474;3164
2895;1473;3164
2242;1477;3171
2406;1479;3177
2526;1487;3166
2527;1488;3166
852;1377;3110
2245;1487;3168
2717;1488;3166
2094;1484;3175
477;1508;3156
2509;1445;3152
2510;1445;3152
1641;1445;3152
2507;1445;3152
2522;1445;3152
2518;1445;3152
2514;1445;3152
2515;1446;3152
2568;1500;3184
1644;1501;3184
2318;1503;3184
2584;1500;3184
7498;1490;3181
7481;1425;3128
3389;1425;3128
2325;1442;3128
1039;1478;3189
2236;1444;3171
1770;1456;3171
2905;1455;3110
1026;1461;3110
3094;1455;3110
1357;1453;3111
495;1477;3173
1377;1402;3135
1561;1446;3151
3262;1403;3135
1888;1485;3163
2348;1498;3159
3384;1462;3131
1761;1498;3159
737;1498;3159
2469;1498;3159
2456;1499;3159
7440;1498;3143
3152;1498;3160
2251;1498;3159
1852;1444;3166
541;1470;3164
763;1440;3166
2226;1444;3166
2197;1448;3169
2219;1453;3169
2939;1444;3166
2934;1444;3166
1507;1440;3166
2894;1444;3166
963;1406;3106
3115;1406;3106
1995;1475;3163
1913;1475;3163
1969;1492;3170
2451;1487;3161
2294;1487;3162
581;1489;3177
1463;1484;3174
1685;1493;3183
2822;1485;3174
2545;1485;3174
2564;1485;3174
1999;1485;3174
1647;1489;3177
213;1415;3139
808;1395;3128
261;1395;3130
218;1463;3163
3277;1396;3128
3338;1395;3128
839;1459;3167
2393;1404;3128
2971;1397;3130
7340;1448;3159
2609;1447;3146
864;1448;3167
2248;1459;3152
1692;1446;3146
2639;1447;3146
2574;1447;3146
858;1475;3166
425;1475;3163
3169;1410;3153
2714;1411;3153
2824;1470;3161
2156;1470;3161
1277;1460;3162
2815;1426;3122
3386;1418;3161
1234;1452;3159
1845;1397;3130
2213;1471;3181
1765;1471;3181
2990;1453;3165
3025;1453;3165
761;1460;3159
837;1458;3162
835;1458;3162
2246;1446;3161
2240;1446;3161
1514;1457;3166
1154;1463;3185
2965;1446;3161
995;1459;3164
1786;1445;3161
2659;1489;3136
1655;1495;3152
1964;1512;3155
1245;1479;3156
1668;1480;3156
1682;1480;3157
1527;1475;3154
2264;1453;3149
2224;1455;3155
1961;1453;3150
3248;1434;3133
3337;1452;3171
2392;1451;3171
363;1450;3173
1841;1464;3177
1160;1458;3166
7343;1457;3167
1965;1474;3180
1299;1456;3156
2634;1455;3156
2231;1464;3158
2191;1456;3159
1806;1463;3176
3117;1464;3176
2963;1463;3176
2924;1463;3176
3125;1463;3176
2286;1463;3178
2254;1464;3176
3022;1463;3176
3016;1463;3176
3003;1463;3176
2988;1463;3176
2958;1463;3176
2935;1463;3176
1515;1464;3177
1753;1468;3176
595;1464;3174
2946;1464;3177
2679;1464;3177
1696;1461;3176
7530;1471;3176
1557;1443;3141
2323;1424;3137
3333;1425;3137
1565;1407;3128
1354;1424;3137
3017;1432;3152
1604;1432;3153
582;1465;3184
7383;1433;3153
7527;1462;3180
364;1399;3120
1073;1367;3112
1207;1353;3111
2611;1434;3136
1966;1433;3136
2618;1434;3136
2012;1454;3152
2000;1456;3148
2566;1433;3136
674;1465;3166
574;1488;3167
1982;1447;3152
1014;1457;3155
1447;1447;3151
2550;1446;3151
3239;1394;3124
3034;1395;3124
388;1448;3144
573;1459;3165
7460;1462;3166
1330;1462;3154
903;1441;3159
889;1441;3159
1391;1442;3159
2424;1442;3159
1918;1376;3119
7332;1459;3149
2978;1391;3133
2265;1445;3117
2983;1391;3133
1955;1401;3134
2069;1413;3142
2606;1358;3130
3114;1425;3138
2187;1492;3171
6786;2;3
6123;1;1
1587;1465;3163
2450;1455;3157
1968;1459;3143
584;1466;3144
620;1500;3165
2598;1458;3143
1433;1478;3142
2004;1468;3143
2636;1458;3144
2976;1457;3156
823;1444;3155
1062;1468;3155
1855;1462;3155
3175;1443;3155
2657;1443;3156
1935;1479;3151
2466;1469;3155
2732;1487;3154
1143;1506;3174
631;1497;3175
1712;1459;3149
1722;1458;3149
1617;1458;3149
1268;1464;3149
667;1475;3161
756;1476;3140
2074;1475;3140
1994;1471;3169
1973;1463;3172
2525;1462;3169
1892;1296;3097
1443;1347;3109
1257;1426;3134
1789;1509;3168
2686;1489;3170
556;1433;3147
887;1471;3142
1344;1406;3115
3109;1406;3115
1890;1443;3149
3380;1424;3146
1997;1450;3164
2462;1412;3129
1653;1412;3129
1996;1413;3129
2570;1413;3129
2471;1412;3129
2464;1413;3129
1334;1457;3130
2503;1457;3130
1101;1498;3142
7413;1458;3133
1252;1474;3137
1654;1466;3131
1432;1484;3138
2553;1472;3131
7373;1493;3156
7519;1481;3167
1695;1431;3151
1727;1506;3177
2532;1453;3168
913;1471;3162
714;1483;3173
3261;1464;3161
1624;1468;3161
239;1463;3143
1464;1217;3080
1645;1218;3080
2076;1217;3080
1958;1217;3080
1972;1218;3080
2642;1217;3080
2562;1218;3080
2535;1218;3080
448;1406;3139
571;1409;3133
1110;1414;3140
2524;1389;3137
2400;1463;3157
1181;1460;3161
2329;1460;3161
418;1413;3113
1858;1406;3114
1575;1423;3156
1864;1437;3161
3230;1421;3156
3280;1443;3129
3273;1443;3129
3420;1430;3138
1588;1448;3155
2523;1452;3164
1713;1449;3167
2482;1442;3155
1229;1408;3130
1676;1413;3131
2733;1408;3130
723;1419;3130
2736;1442;3130
2729;1442;3130
1122;1410;3138
2009;1360;3127
1740;1470;3179
7375;1471;3184
1739;1444;3152
1970;1443;3152
2792;1445;3152
2790;1445;3153
2916;1459;3165
1498;1464;3169
1802;1445;3163
1369;1437;3154
2959;1438;3154
2010;1480;3170
2194;1434;3164
805;1434;3160
1916;1452;3161
7455;1464;3173
2476;1493;3180
426;1494;3180
2647;1494;3181
282;1459;3160
575;1436;3125
1612;1462;3137
1669;1414;3129
1931;1437;3142
2928;1450;3138
1119;1455;3167
1688;1396;3141
2669;1337;3119
679;1473;3160
1121;1349;3119
1262;1414;3144
1142;1447;3166
1206;1442;3120
1203;1442;3120
1595;1442;3120
1598;1468;3157
2435;1367;3116
3450;1368;3116
387;1415;3152
2583;1375;3132
1266;973;2930
724;1443;3151
2052;1327;3110
2025;1326;3110
2589;1326;3110
806;1425;3125
2984;1425;3125
3350;1460;3163
2347;1461;3163
7467;1451;3155
2829;1360;3123
2827;1360;3124
1938;1455;3139
1221;1444;3159
7437;1463;3131
1123;1486;3145
2047;1429;3144
3106;1400;3125
3223;1423;3125
1446;1401;3146
2680;1398;3146
612;1503;3175
2045;1436;3168
2799;1428;3135
2785;1427;3161
3190;1388;3111
3334;1445;3161
3172;1447;3161
1426;1389;3124
2202;1424;3123
1444;1435;3164
929;1410;3142
2664;1463;3155
1303;1444;3156
2834;1444;3156
1296;1445;3157
2833;1460;3156
2013;1439;3115
1015;1417;3135
2581;1414;3122
1953;1374;3132
616;1422;3142
1102;1473;3179
1940;1374;3132
2035;1375;3133
2023;1375;3133
1934;1374;3133
828;1297;3078
414;1296;3079
1002;1480;3163
1240;1439;3151
2661;1473;3137
2601;1472;3137
2054;1453;3168
7529;1439;3163
3325;1448;3128
3040;1448;3128
3086;1449;3129
1016;1425;3114
1626;1342;3136
2484;1343;3136
921;1483;3153
1944;1431;3130
1937;1431;3130
1625;1442;3149
2463;1431;3130
1945;1431;3131
2461;1410;3149
1680;1417;3131
2044;1403;3115
3205;1403;3115
855;1311;3101
1991;1312;3101
1012;1354;3109
788;1427;3141
2407;1467;3143
1707;1442;3115
3007;1475;3165
1321;1489;3180
1924;1426;3159
2512;1453;3170
782;1462;3144
1438;1483;3169
2015;1470;3172
359;1448;3152
2062;905;3032
2060;904;3024
2617;905;3032
2061;904;3024
2616;905;3032
2059;904;3032
2058;904;3032
2057;904;3024
2056;904;3024
2055;905;3032
2189;1462;3149
3012;1437;3126
2852;1459;3163
465;893;2900
559;1394;3120
2668;1379;3103
2042;1443;3123
2034;1443;3123
3257;1431;3128
3146;1425;3149
3069;1426;3150
7338;1426;3150
560;1395;3121
3424;1434;3128
3399;1433;3128
2409;1448;3123
3128;1447;3124
3413;1372;3123
676;1432;3153
2547;1442;3142
1114;1459;3184
2008;1420;3154
2599;981;3057
2998;1449;3127
2123;1456;3131
1161;1493;3154
7333;1446;3101
2890;1446;3101
2949;1446;3101
2212;1460;3126
2929;1446;3101
1196;1429;3143
3359;1418;3133
2974;1433;3140
1666;1438;3140
1115;1452;3158
2699;1442;3151
2648;1439;3134
2506;1439;3134
1956;1451;3141
2622;1476;3164
2036;1476;3165
2832;1423;3122
2164;1423;3122
2130;1423;3122
797;1424;3123
2835;1423;3123
2938;1304;3116
2956;1460;3159
1857;1422;3116
415;1441;3167
829;1217;3091
3324;1217;3091
901;1413;3107
1927;1397;3127
1419;1482;3162
2555;1360;3097
7374;1455;3164
831;1365;3098
861;1475;3137
1549;1471;3131
3201;1475;3137
3301;1390;3123
2370;1418;3144
7541;1427;3144
1825;1451;3142
2014;1431;3151
1979;1432;3140
1238;1432;3113
2501;1433;3113
2500;1456;3139
1630;1478;3149
1637;1456;3140
2491;1432;3150
2496;1432;3151
927;1450;3163
2048;1413;3125
1971;1456;3148
1265;759;2936
923;1350;3108
1962;1182;3019
1246;1455;3164
950;1405;3123
1366;1426;3140
3326;1406;3132
1878;1415;3135
985;1339;3113
1898;1340;3114
652;889;2899
2538;1459;3143
2537;1459;3143
2546;1385;3103
1652;1440;3155
2480;1399;3132
2901;1405;3131
1912;1405;3131
2937;1405;3131
1627;1477;3157
1980;1451;3141
2082;1405;3118
2569;1405;3118
2567;1406;3118
867;1254;3051
577;1460;3154
2603;1439;3144
1675;1440;3144
2560;1439;3144
1699;1418;3140
628;1430;3147
2994;1426;3161
7331;1446;3139
2233;1430;3141
1622;1435;3146
3340;1350;3121
3320;1351;3121
1907;1216;3086
794;1392;3115
2593;1451;3157
1985;1426;3155
2345;1468;3147
1000;1466;3145
2548;1468;3147
1679;1396;3124
2539;1414;3116
1978;1454;3155
2030;1411;3133
2658;1411;3133
1291;1451;3156
2899;1405;3154
2973;1374;3111
1341;1432;3135
819;1408;3140
644;1441;3167
3216;1442;3137
2316;1419;3138
2529;1420;3139
1798;1455;3148
1633;1432;3149
2665;1447;3153
776;1331;3079
2474;1417;3131
2460;1417;3131
2859;1418;3132
2643;1438;3142
2614;1437;3143
1639;1378;3110
2591;1476;3149
1260;1470;3165
2026;1382;3122
2755;1468;3171
2910;1443;3157
3252;1464;3111
3249;1464;3111
3243;1465;3111
3153;1464;3111
1543;1462;3114
3090;1464;3111
2590;1459;3155
1466;1446;3152
1281;937;2970
1474;1365;3109
2040;819;2883
2039;819;2883
1435;970;2914
2027;1415;3136
2705;1437;3156
2681;1437;3156
2753;1420;3136
3357;1443;3161
2154;1432;3123
7441;1453;3136
880;1372;3111
1848;1436;3108
3258;1358;3093
3219;1358;3094
834;1364;3107
611;1451;3132
2517;1117;3019
2505;1117;3019
2554;1414;3133
1441;1460;3164
1008;1432;3160
2843;1435;3141
2640;1441;3162
2645;1441;3162
2646;1374;3107
1469;1400;3123
5660;1;1
789;929;3020
2088;1464;3176
1710;1395;3135
1769;1461;3162
3151;1467;3168
2207;1476;3172
1747;1418;3124
2882;1435;3117
2913;1377;3127
2831;1459;3134
2341;1481;3153
3110;1447;3112
3207;1139;3063
3165;1451;3151
2343;1451;3151
3160;1451;3151
2425;1450;3156
3170;1327;3095
2423;1422;3124
2452;1372;3096
2722;1363;3118
2571;1386;3124
2533;1414;3114
820;1414;3115
2704;1414;3123
2100;1436;3128
2649;1162;3078
2534;1432;3120
3058;1185;3051
1677;1089;2974
2592;1089;2974
930;1202;3093
1686;1201;3093
2612;1201;3093
2050;1433;3167
2112;1494;3182
2776;1487;3162
2719;1487;3162
2721;1363;3118
2715;1363;3118
1701;1423;3131
948;1415;3126
3204;1296;3076
833;1383;3123
3480;2;2
1687;1417;3128
2495;1417;3128
2478;1424;3117
1661;1426;3144
790;1164;3080
2615;1452;3137
1656;1428;3139
4311;1389;3121
731;1453;3141
2765;1448;3129
2860;1416;3107
2877;1457;3128
3005;1291;3077
2912;1411;3121
3067;1453;3156
1823;1450;3146
1183;1205;3059
978;1399;3106
1897;1188;3053
3358;1416;3124
3288;1416;3124
3276;1365;3112
2475;1465;3163
7449;1476;3149
2494;1476;3149
1253;1346;3131
2011;1387;3148
928;1389;3114
1451;1435;3140
2072;1447;3129
7414;1359;3119
7396;1358;3118
7409;1387;3116
2724;1432;3137
2728;1432;3137
2641;1432;3137
7453;1432;3138
2836;1352;3110
795;906;3010
1312;1457;3161
1503;1458;3161
2174;1462;3161
2186;1458;3161
1486;1458;3161
1741;1459;3161
2917;1457;3161
2884;1457;3161
2875;1458;3161
2871;1458;3161
2867;1457;3161
2849;1457;3161
2230;1469;3115
811;1437;3102
3238;1438;3146
2339;1380;3129
3323;1377;3116
3376;1377;3117
3240;1377;3117
3188;1363;3103
3268;1363;3103
2420;1368;3116
836;1338;3111
838;1365;3112
3021;1340;3104
2711;1376;3096
1960;1450;3127
2543;1184;2976
2703;1384;3118
1124;1477;3152
2629;1473;3147
1467;1387;3133
1585;1285;3108
873;1416;3121
7476;1446;3154
7230;1;1
3237;1129;3062
3419;1359;3115
3446;1368;3115
907;1459;3155
3097;1435;3154
2542;1384;3099
2573;663;2959
2021;1259;3099
1126;374;888
2075;1407;3128
936;1152;3054
1275;215;640
2726;1395;3124
2948;1447;3120
1479;1461;3151
2161;1353;3103
1799;1365;3104
2218;1462;3170
3162;1394;3132
3055;1431;3131
2214;1431;3135
1563;1440;3127
2359;1315;3088
1954;1313;3088
3291;1365;3111
2457;1380;3095
2458;1379;3095
1006;1455;3164
3405;1395;3120
2115;1379;3113
2110;1379;3113
2730;680;2899
2600;680;2899
2158;1084;3002
1037;992;2979
1329;991;2979
7416;1415;3135
7458;1437;3121
2982;1418;3127
3157;1426;3106
3263;1379;3123
2489;1210;3076
2689;1364;3109
2470;1446;3160
2081;1433;3154
2513;1359;3106
2516;1360;3106
1112;1462;3166
2020;1201;3064
2095;1096;3061
2063;1097;3061
3184;1295;3118
3008;1334;3117
3168;1435;3142
6166;2;2
3199;1319;3096
3255;1082;3024
3315;656;2297
3311;1325;3088
1869;1329;3091
7163;2;2
2444;1388;3103
2608;1411;3111
2477;1424;3097
2504;1429;3158
1643;1430;3159
2691;1425;3130
2588;1425;3130
2563;1362;3114
1250;1391;3128
2587;907;2928
2032;1148;2964
2712;1368;3123
2674;1430;3128
2085;1430;3128
1745;1417;3110
3225;1377;3124
2888;1444;3118
1345;1324;3083
2349;1402;3142
2390;1396;3122
7346;1440;3155
1384;1478;3175
1902;1309;3099
7273;1444;3149
7198;2;4
7385;1445;3150
1389;2;2
3388;2;2
2635;1378;3109
2597;1453;3161
2528;1351;3089
2644;899;2959
1452;1385;3118
2073;1398;3117
1462;1455;3147
2084;1356;3107
2676;356;940
2757;1353;3120
2131;1351;3111
1631;1285;3078
3278;1415;3129
3266;1104;3001
1572;1437;3123
2487;1362;3107
2540;1240;3097
2067;1018;2925
1629;1156;3027
1950;1155;3027
1949;1154;3027
2655;1419;3139
2964;1395;3106
1650;1455;3164
2627;1011;2931
2089;1293;3115
1663;1455;3164
1670;1454;3164
1672;1454;3164
1681;1454;3164
2662;373;888
2621;373;888
1698;765;2851
2666;52;183
2671;1317;3095
2692;1243;3057
2716;891;2950
2735;1431;3132
1723;1462;3168
2769;1393;3117
2897;1380;3083
2940;1400;3091
2203;1290;3079
3030;1136;3087
3140;1325;3082
3209;1332;3108
3242;1031;3026
3265;1187;3067
3195;1324;3092
3272;1324;3092
1870;1;2
3271;1;2
3214;1412;3119
3397;1094;2980
3401;1365;3116
3390;1364;3116
2751;802;2907
1976;1438;3157
1987;1317;3117
2578;939;3022
2613;1198;3058
2697;1199;3059
2049;1454;3164
2660;1372;3124
7450;95;293
6157;1;1
3363;1370;3124
7452;1247;3064
2737;1370;3123
7344;1419;3128
2885;1184;3011
2205;1469;3144
2221;992;2980
2222;1439;3130
7462;1368;3112
2259;1419;3103
3287;1345;3099
2319;1444;3164
2322;1445;3164
2327;1445;3165
3391;1458;3154
3449;1458;3155
3377;1459;3155
3436;1459;3155
3435;1458;3155
3432;1458;3155
7364;1458;3155
2382;1428;3133
3299;843;2960
3327;1335;3098
3183;1031;3023
2440;1485;3169
2493;1442;3148
2536;1365;3088
2607;1455;3164
2652;1345;3120
2748;1461;3167
2788;1263;3081
2789;1462;3167
2794;1372;3125
2811;1445;3127
2900;1429;3122
2975;892;2953
3095;1434;3122
3136;1445;3165
3138;1444;3164
3217;1033;3024
3197;1450;3145
3227;1439;3135
3228;2;2
6336;2;2
3296;96;413
3314;1385;3100
3394;1418;3121
5029;2;14
7405;1488;3167
7407;1488;3167
7430;1489;3166
7465;2;2
5837;2;2
7363;1409;3102
7376;1386;3103
7461;1444;3164
7466;1388;3097
22519.49240875244
