i;|Xi|;|F(Xi)|;profundidadx;direcciónx;prob vecinosx
1;0;1557
7188;0;1100
430;0;1187
3134;0;1191
3026;0;1100
3010;0;1100
804;0;1213
160;0;1156
95;0;1468
377;0;1101
888;0;1158
89;0;1322
1901;0;1100
161;0;1302
256;0;1292
351;0;1236
3329;0;1100
3341;0;1100
649;0;1219
1583;0;1100
87;0;1369
37;0;1402
309;0;1278
821;0;1140
1496;0;1112
637;0;1211
964;0;1182
594;0;1150
2249;0;1100
554;0;1185
20;0;1406
2227;0;1100
1315;0;1100
519;0;1220
1316;0;1100
2149;0;1112
1724;0;1132
18;0;1342
57;0;1311
118;0;1300
3254;0;1229
1177;0;1101
112;0;1309
11;0;1611
586;0;1171
35;0;1280
15;0;1489
1445;0;1167
152;0;1302
2;0;1614
113;0;1386
44;0;1377
2401;0;1149
10;0;1555
2378;0;1135
126;0;1279
3245;0;1100
783;0;1185
493;0;1211
1358;0;1180
1180;0;1225
529;0;1145
333;0;1278
1538;0;1179
2282;0;1100
1519;0;1144
2966;0;1100
474;0;1170
330;0;1271
958;0;1224
17;0;1463
1295;0;1218
38;0;1383
1952;0;1100
223;0;1268
625;0;1118
1392;0;1159
3355;0;1100
1881;0;1100
58;0;1469
96;0;1367
1580;0;1157
196;0;1291
146;0;1343
416;0;1202
1198;0;1158
3319;0;1100
1867;0;1160
896;0;1143
617;0;1200
3300;0;1100
1877;0;1105
462;0;1216
3279;0;1100
454;0;1275
1860;0;1122
121;0;1304
151;0;1157
1570;0;1147
1573;0;1188
1063;0;1203
1353;0;1128
459;0;1220
2334;0;1180
1267;0;1130
1060;0;1194
1061;0;1197
7431;0;1198
1355;0;1100
71;0;1239
3070;0;1100
2113;0;1100
3001;0;1102
396;0;1328
2260;0;1100
142;0;1383
2238;0;1104
123;0;1376
2942;0;1100
1509;0;1122
7410;0;1197
1760;0;1260
2876;0;1100
259;0;1309
1493;0;1202
2845;0;1100
370;0;1285
2844;0;1138
2167;0;1202
156;0;1399
2808;0;1100
255;0;1335
736;0;1131
7603;0;1392
346;0;1258
9;0;1462
75;0;1476
175;0;1303
2754;0;1100
22;0;1532
155;0;1338
1261;0;1102
2552;0;1119
2586;0;1100
710;0;1277
578;0;1189
472;0;1157
2472;0;1108
1606;0;1105
4;0;1500
563;0;1172
744;0;1180
3422;0;1100
250;0;1312
249;0;1333
2427;0;1100
3414;0;1100
1590;0;1229
2305;0;1156
1900;0;1159
3392;0;1159
1065;0;1236
1147;0;1245
1072;0;1189
3375;0;1100
1024;0;1140
709;0;1123
1382;0;1158
3332;0;1100
1885;0;1120
3330;0;1100
1197;0;1176
3316;0;1100
1886;0;1108
154;0;1438
1522;0;1139
2391;0;1122
3298;0;1100
432;0;1137
3292;0;1100
3290;0;1100
7597;0;1222
3274;0;1116
1875;0;1150
291;0;1249
158;0;1264
1579;0;1155
1846;0;1149
1066;0;1106
290;0;1288
3233;0;1100
891;0;1190
247;0;1226
1856;0;1168
3211;0;1100
115;0;1318
1365;0;1104
483;0;1222
3210;0;1100
3189;0;1100
3193;0;1100
2352;0;1168
1847;0;1172
3173;0;1100
1051;0;1206
1843;0;1199
2342;0;1134
7341;0;1247
3139;0;1100
1186;0;1163
3167;0;1100
3149;0;1100
1842;0;1130
3156;0;1147
3141;0;1100
817;0;1142
1840;0;1178
1839;0;1180
2324;0;1127
3143;0;1100
3142;0;1100
174;0;1375
2315;0;1180
1356;0;1180
1835;0;1213
296;0;1313
3118;0;1100
1542;0;1176
3111;0;1100
753;0;1188
3088;0;1100
395;0;1273
3068;0;1100
3042;0;1100
1442;0;1135
1339;0;1190
596;0;1257
2281;0;1106
222;0;1319
194;0;1235
3064;0;1100
1812;0;1164
1796;0;1202
701;0;1268
124;0;1383
3057;0;1100
7427;0;1101
2276;0;1134
2271;0;1110
1525;0;1192
2235;0;1106
3027;0;1100
2090;0;1165
1342;0;1235
331;0;1262
3023;0;1100
2261;0;1134
68;0;1276
116;0;1322
1043;0;1224
3020;0;1100
491;0;1377
179;0;1346
2252;0;1177
214;0;1250
439;0;1170
2147;0;1166
1167;0;1193
697;0;1224
67;0;1433
1793;0;1120
258;0;1311
1340;0;1172
2996;0;1100
1520;0;1120
1336;0;1222
30;0;1469
178;0;1281
747;0;1161
2962;0;1100
2952;0;1100
455;0;1188
260;0;1280
623;0;1302
29;0;1422
1510;0;1124
2927;0;1100
301;0;1174
2907;0;1100
2909;0;1100
1148;0;1143
955;0;1234
1502;0;1193
2853;0;1126
1500;0;1114
2178;0;1121
1320;0;1142
874;0;1198
2177;0;1117
2892;0;1119
636;0;1110
1034;0;1227
1494;0;1221
276;0;1206
1318;0;1134
117;0;1369
1492;0;1161
1302;0;1117
1313;0;1118
1491;0;1191
2870;0;1100
2181;0;1100
1309;0;1217
1750;0;1120
2848;0;1100
1458;0;1218
951;0;1216
1029;0;1216
2176;0;1127
2846;0;1100
347;0;1340
2173;0;1112
2826;0;1100
1742;0;1141
2166;0;1100
2823;0;1100
2820;0;1100
2814;0;1100
1736;0;1188
1025;0;1165
1482;0;1152
1483;0;1146
2152;0;1129
2806;0;1100
1128;0;1200
2801;0;1100
2795;0;1100
1290;0;1191
1288;0;1211
1436;0;1125
2498;0;1100
2784;0;1100
587;0;1281
2780;0;1100
2779;0;1100
305;0;1268
944;0;1170
2129;0;1175
683;0;1272
42;0;1469
1136;0;1236
1283;0;1206
2127;0;1128
2093;0;1119
1284;0;1196
72;0;1355
264;0;1309
2756;0;1100
1285;0;1205
613;0;1309
304;0;1293
1282;0;1213
4721;0;1100
1475;0;1215
2746;0;1100
1715;0;1143
734;0;1172
2108;0;1101
1923;0;1100
1465;0;1125
2742;0;1100
2117;0;1100
1720;0;1124
90;0;1412
2731;0;1100
1457;0;1109
2725;0;1100
2109;0;1107
543;0;1150
2102;0;1105
712;0;1114
231;0;1263
2687;0;1100
1708;0;1123
1129;0;1191
76;0;1263
2065;0;1105
1251;0;1105
1248;0;1156
725;0;1197
2559;0;1100
507;0;1185
1942;0;1113
1232;0;1199
534;0;1258
994;0;1141
503;0;1266
2448;0;1100
846;0;1187
1028;0;0
2367;0;0
2296;0;0
379;0;1202
3421;0;0
3418;0;0
3402;0;0
3385;0;0
3367;0;0
3349;0;0
545;0;1231
1589;0;1103
3339;0;0
2402;0;976
3335;0;0
3317;0;0
1862;0;831
3313;0;0
3295;0;0
2383;0;884
1195;0;1079
3283;0;0
2375;0;922
292;0;1220
3256;0;0
3259;0;0
3253;0;1051
3247;0;0
2368;0;0
1574;0;1113
3215;0;0
3202;0;0
2351;0;904
3163;0;0
2338;0;979
1521;0;870
3148;0;0
3124;0;0
3113;0;0
3013;0;0
1826;0;937
3103;0;0
1822;0;954
3101;0;0
3083;0;0
3084;0;0
3078;0;0
3062;0;0
3059;0;0
2273;0;0
3048;0;0
523;0;1186
373;0;1155
1331;0;1086
3004;0;0
3006;0;0
810;0;1027
3000;0;0
2999;0;0
2989;0;0
1337;0;1101
2941;0;0
2947;0;0
2945;0;0
2926;0;0
2217;0;1127
1505;0;1008
2920;0;0
2782;0;0
2904;0;0
2898;0;0
2198;0;967
2881;0;0
2185;0;967
2858;0;0
1749;0;1020
2837;0;0
517;0;1103
2163;0;954
2830;0;0
2632;0;0
796;0;1130
2810;0;0
2144;0;996
2136;0;996
2793;0;0
2786;0;0
2783;0;0
2775;0;0
2772;0;0
2771;0;0
2767;0;0
2764;0;0
2763;0;0
2752;0;0
2750;0;0
2747;0;0
2119;0;1087
2744;0;0
2743;0;0
2707;0;0
2713;0;0
2700;0;0
1413;0;970
2695;0;0
2619;0;0
2605;0;0
1117;0;922
300;0;1120
7348;0;0
7425;0;0
7557;0;0
7589;0;1002
1368;0;1187
164;0;1262
244;0;1278
62;0;1331
2244;0;1161
148;0;1236
7403;0;1189
52;0;1332
159;0;1325
66;0;1308
60;0;1233
585;0;1221
97;0;1367
2006;0;1128
1421;0;1161
353;0;1207
51;0;1393
185;0;1294
312;0;1214
168;0;1240
354;0;1167
108;0;1258
91;0;1240
40;0;1440
271;0;1164
119;0;1213
54;0;1280
375;0;1238
177;0;1472
31;0;1392
47;0;1386
23;0;1252
74;0;1193
165;0;1272
306;0;1270
8;0;1464
242;0;1275
412;0;1257
381;0;1177
561;0;1186
216;0;1266
107;0;1280
681;0;1261
79;0;1290
272;0;1353
39;0;1330
150;0;1325
181;0;1228
109;0;1255
2404;0;1128
24;0;1459
19;0;1423
7;0;1451
348;0;1253
473;0;1162
1921;0;1199
99;0;1260
1380;0;1177
73;0;1327
85;0;1414
189;0;1185
787;0;1205
133;0;1335
1709;0;1159
658;0;1144
293;0;1188
768;0;1226
45;0;1330
471;0;1128
1632;0;1138
281;0;1203
269;0;1233
2336;0;1333
206;0;1190
241;0;1214
190;0;1355
7577;0;1152
798;0;1303
211;0;1289
140;0;1297
217;0;1199
182;0;1193
236;0;1199
777;0;1257
1098;0;1154
106;0;1332
237;0;1261
1401;0;1182
1409;0;1155
769;0;1139
1209;0;1160
917;0;1188
114;0;1224
2698;0;1128
1127;0;1185
1009;0;1186
1386;0;1175
173;0;1316
43;0;1397
647;0;1225
5;0;1430
1156;0;1213
553;0;1215
170;0;1241
93;0;1300
145;0;1354
1523;0;1196
350;0;1244
77;0;1346
1785;0;1164
166;0;1352
489;0;1219
25;0;1416
83;0;1310
277;0;1266
70;0;1376
1487;0;1202
270;0;1191
871;0;1212
389;0;1215
544;0;1223
2631;0;1135
672;0;1151
137;0;1271
424;0;1205
65;0;1362
1693;0;1130
475;0;1160
449;0;1202
1998;0;1138
1977;0;1129
915;0;1147
63;0;1334
1957;0;1143
1635;0;1141
508;0;1192
2499;0;1128
2497;0;1128
299;0;1210
1225;0;1128
238;0;1210
2488;0;1128
1936;0;1129
382;0;1183
355;0;1180
1090;0;1163
1222;0;1160
21;0;1439
564;0;1187
2459;0;1128
774;0;1206
209;0;1202
1922;0;1152
504;0;1149
987;0;1131
2446;0;1128
986;0;1151
1603;0;1152
446;0;1176
436;0;1130
512;0;1183
767;0;0
469;0;0
188;0;1281
257;0;1167
7400;0;1040
263;0;992
562;0;1188
1691;0;1214
14;0;1357
13;0;1341
139;0;1192
318;0;1254
862;0;1026
251;0;1117
111;0;1276
16;0;1367
5342;0;1359
3;0;1446
219;0;1272
268;0;0
2839;0;0
1929;0;1
420;0;1071
532;0;1091
7401;0;0
200;0;949
402;0;1176
7508;0;763
7552;0;1131
7500;0;824
7482;0;1057
7583;0;935
971;0;1112
92;0;1302
7336;0;1088
1545;0;1044
103;0;1332
207;0;1245
6;0;1414
7380;0;1176
287;0;1253
754;0;1189
26;0;1452
34;0;1315
525;0;1093
56;0;1263
1849;0;1044
557;0;1138
208;0;1183
1558;0;1059
2346;0;1044
974;0;1126
262;0;1200
2001;0;1172
815;0;1197
120;0;1186
492;0;1230
1175;0;1140
32;0;1373
172;0;1287
1347;0;1106
1338;0;1044
105;0;1270
818;0;1154
890;0;1120
1362;0;1062
1547;0;1044
1056;0;1133
2280;0;1091
879;0;1140
36;0;1344
590;0;1061
3260;0;1044
1174;0;1101
3198;0;1044
460;0;1182
3200;0;1044
589;0;1196
433;0;1139
81;0;1239
7509;0;1129
973;0;1072
1555;0;1078
3154;0;1044
7595;0;1293
1361;0;1120
2331;0;1054
509;0;1187
969;0;1130
197;0;1320
621;0;1174
1036;0;1095
1054;0;1190
1818;0;1044
358;0;1179
748;0;1242
88;0;1393
163;0;1255
1576;0;1044
2353;0;1044
3221;0;1044
136;0;1321
1367;0;1082
7512;0;1204
757;0;1190
49;0;1326
646;0;1089
2328;0;1088
1360;0;1115
7377;0;1178
2321;0;1044
125;0;1300
1548;0;1106
1837;0;1069
1834;0;1069
703;0;1222
1456;0;1187
7406;0;1086
1832;0;1084
3105;0;1044
641;0;1260
320;0;1270
885;0;1175
632;0;1238
2300;0;1044
702;0;1124
228;0;1235
752;0;1188
2291;0;1044
656;0;1163
877;0;1166
2293;0;1170
650;0;1175
3328;0;1044
720;0;1125
1379;0;1175
3275;0;1044
345;0;1245
336;0;1186
295;0;1306
1375;0;1116
435;0;1143
7390;0;1168
12;0;1356
1853;0;1078
1184;0;1152
1064;0;1148
1560;0;1074
988;0;1198
203;0;1308
976;0;1102
289;0;1204
7394;0;1166
3203;0;1044
1844;0;1045
2053;0;1083
1363;0;1152
3181;0;1044
288;0;1271
2263;0;1048
3132;0;1044
1059;0;1177
2332;0;1047
691;0;1077
1550;0;1176
286;0;1233
205;0;1284
1359;0;1123
1459;0;1143
135;0;1297
7432;0;1111
1815;0;1080
3127;0;1044
1836;0;1097
266;0;1279
2311;0;1106
2308;0;1091
27;0;1323
755;0;1047
2306;0;1044
5679;0;1162
1790;0;1081
937;0;1212
100;0;1339
53;0;1278
2298;0;1046
3087;0;1044
1274;0;1102
227;0;1272
1348;0;1145
2295;0;1044
394;0;1181
3043;0;1091
2285;0;1048
1536;0;1173
883;0;1137
199;0;1258
2290;0;1044
1816;0;1158
1524;0;1110
1169;0;1087
749;0;1059
876;0;1192
33;0;1476
1824;0;0
7525;0;1078
638;0;1146
162;0;1200
886;0;1052
2903;0;0
3049;0;0
7604;0;1236
215;0;1136
479;0;1164
302;0;1133
131;0;1278
859;0;1089
437;0;1177
1398;0;1081
423;0;1185
510;0;1150
224;0;1138
7582;0;1097
311;0;1111
1230;0;1076
1239;0;1097
567;0;1100
466;0;1120
1085;0;1085
771;0;1098
1270;0;1096
1264;0;1102
3774;0;1096
1003;0;1128
367;0;1137
1107;0;1086
661;0;1091
274;0;1221
654;0;1101
910;0;1072
1091;0;1096
84;0;1215
531;0;1128
501;0;1114
583;0;1093
1702;0;1148
3356;0;1071
733;0;1154
356;0;1225
1678;0;1071
1010;0;1097
7596;0;1137
781;0;1100
2017;0;1071
2002;0;1071
572;0;1191
202;0;1165
664;0;1182
1636;0;1148
326;0;1237
341;0;1141
538;0;1073
1233;0;1108
2492;0;1071
536;0;1128
1621;0;1071
1415;0;1157
323;0;1135
1611;0;1080
609;0;1149
366;0;1138
848;0;1103
1602;0;1071
365;0;1149
419;0;1130
841;0;1179
468;0;1159
193;0;1268
2103;0;1122
2405;0;1094
411;0;1272
807;0;1230
1038;0;1215
265;0;1269
2201;0;1072
361;0;1192
1737;0;1108
1139;0;1194
386;0;1214
727;0;1084
1108;0;1091
1642;0;1086
1109;0;1073
918;0;1178
2511;0;1071
570;0;1151
716;0;1111
313;0;1124
718;0;1117
1615;0;1073
1218;0;1071
1086;0;1071
2485;0;1071
7569;0;1080
1088;0;1085
535;0;1115
2467;0;1071
2468;0;1071
2465;0;1071
401;0;1193
772;0;1088
2454;0;1071
773;0;1073
711;0;1111
7550;0;1203
842;0;1112
153;0;1224
2442;0;1071
840;0;1178
2439;0;1071
1908;0;1072
1087;0;1106
1909;0;1154
626;0;966
7327;0;914
2024;0;0
1634;0;0
380;0;1113
2997;0;0
521;0;1132
1322;0;1184
2868;0;0
2740;0;0
2709;0;0
603;0;1111
191;0;1277
248;0;1193
372;0;1182
982;0;1080
1372;0;1044
335;0;1106
1192;0;1113
893;0;1100
59;0;1227
904;0;1127
349;0;1105
61;0;1173
826;0;1116
122;0;1315
1872;0;1035
391;0;1222
1068;0;1173
7591;0;1124
82;0;1256
3307;0;1035
3206;0;1035
434;0;1043
597;0;1067
684;0;1191
801;0;1255
1373;0;1041
110;0;1263
7126;0;1035
1535;0;1120
528;0;1111
198;0;1270
3336;0;1035
602;0;1116
2395;0;1048
599;0;1134
245;0;1262
1819;0;1064
3309;0;1035
310;0;1183
695;0;1190
280;0;1254
3009;0;1035
2386;0;1064
484;0;1238
2354;0;1039
1194;0;1036
2333;0;1096
825;0;1087
1378;0;1148
1868;0;1036
1854;0;1036
1376;0;1109
692;0;1104
7444;0;1109
1859;0;1053
3236;0;1035
2363;0;1039
3231;0;1035
2320;0;1064
706;0;1143
2335;0;1047
141;0;1185
7531;0;1099
46;0;1145
2360;0;759
979;0;972
7568;0;1049
1551;0;984
1176;0;0
2397;0;949
7559;0;0
2408;0;1046
7578;0;1071
7503;0;950
7480;0;0
7479;0;983
7510;0;865
7532;0;824
7522;0;824
7523;0;824
338;0;1056
7544;0;1078
7447;0;884
7521;0;1081
7477;0;0
384;0;1137
7575;0;997
3516;0;1055
7423;0;744
7485;0;0
759;0;1168
946;0;1218
7585;0;1117
7563;0;1160
3133;0;950
7433;0;930
7516;0;1060
7457;0;1048
314;0;1135
7514;0;1072
3305;0;1027
524;0;1065
809;0;1082
1057;0;1080
1541;0;1102
1371;0;1027
1571;0;1092
1185;0;1129
1566;0;1108
1350;0;1027
549;0;1202
526;0;1165
431;0;1187
1546;0;1030
1461;0;1035
458;0;1121
1374;0;1094
7420;0;1034
2376;0;1078
3222;0;1027
3158;0;1027
2326;0;1027
728;0;1131
278;0;1224
1830;0;1087
7415;0;1039
104;0;1245
1157;0;1053
2384;0;1027
2371;0;1032
1578;0;1123
3176;0;1027
3155;0;1027
1254;0;1145
1179;0;1146
1055;0;1084
7554;0;1109
522;0;1159
1152;0;1118
3112;0;1030
3096;0;1139
3066;0;1027
3092;0;1027
750;0;1161
1346;0;1142
149;0;1220
2292;0;1028
1776;0;1082
7528;0;1080
1450;0;1064
408;0;1230
138;0;1021
1069;0;803
1395;0;0
41;0;0
3365;0;0
1865;0;965
3229;0;803
3192;0;0
1178;0;1098
7551;0;1030
642;0;1125
7587;0;1021
7517;0;1194
7536;0;1190
1151;0;1046
429;0;1110
956;0;1093
640;0;1166
2211;0;1046
98;0;1251
696;0;1168
878;0;1123
1782;0;1046
1768;0;1046
1310;0;1046
417;0;1142
666;0;1180
980;0;1110
645;0;1189
371;0;1190
7562;0;1169
1171;0;1147
2981;0;1046
506;0;1193
1325;0;1070
2922;0;1046
686;0;1229
1287;0;1146
1495;0;1117
2192;0;1049
2866;0;1047
497;0;1074
2361;0;1046
3378;0;1046
2381;0;1053
614;0;1229
6369;0;1158
253;0;1240
6014;0;1130
3145;0;1070
1649;0;1078
3002;0;1048
2302;0;1087
2301;0;1093
882;0;1172
221;0;1096
7590;0;1118
699;0;1100
3019;0;1062
1046;0;1105
7501;0;1067
3011;0;1046
1162;0;1238
204;0;1229
1516;0;1079
743;0;1119
2987;0;1046
1153;0;1050
1033;0;1171
7588;0;1208
1784;0;1102
362;0;1221
1308;0;1087
7442;0;1072
319;0;1218
1757;0;1109
2210;0;1100
2923;0;1046
2209;0;1082
7565;0;1329
7600;0;1136
452;0;1205
2869;0;1046
2889;0;1046
687;0;1182
7566;0;1088
2142;0;1088
1731;0;1116
2358;0;1146
321;0;1147
7602;0;1187
7601;0;1167
7599;0;1128
7598;0;1198
7594;0;1109
1499;0;0
2307;0;0
3351;0;0
3177;0;0
3052;0;0
407;0;0
1317;0;1035
7540;0;1028
7567;0;0
7504;0;1025
7398;0;1132
7507;0;957
7558;0;908
7574;0;0
7586;0;1026
7484;0;0
7513;0;1113
7506;0;2
7417;0;2
7505;0;0
7483;0;858
7535;0;858
500;0;1135
1518;0;1106
600;0;1079
2330;0;1134
1343;0;1103
892;0;1132
3018;0;1053
487;0;1307
308;0;1224
7515;0;1053
3159;0;1053
3131;0;1053
3116;0;1053
451;0;1191
962;0;1134
2253;0;1059
2921;0;1053
1159;0;1208
201;0;1232
869;0;1163
157;0;1249
3028;0;1053
981;0;1156
694;0;1177
1556;0;1083
1788;0;1139
1041;0;1128
1298;0;1106
961;0;1137
2955;0;1053
2172;0;1119
284;0;1274
1896;0;0
3400;0;0
2344;0;937
128;0;1223
2389;0;1005
983;0;1095
707;0;1096
225;0;1191
3369;0;1
393;0;1156
591;0;1143
547;0;1084
739;0;1202
592;0;1189
457;0;1009
1794;0;1122
812;0;1013
317;0;1040
147;0;1068
360;0;1235
427;0;1120
7352;0;0
7362;0;0
7361;0;0
7359;0;0
7360;0;0
7358;0;0
7496;0;0
7382;0;0
7357;0;0
7354;0;0
7356;0;0
7355;0;0
7353;0;0
7489;0;0
7487;0;0
7495;0;0
7494;0;0
7493;0;0
7492;0;0
7491;0;0
7490;0;0
7486;0;0
7488;0;0
7351;0;0
7350;0;0
1883;0;1135
2821;0;1053
3129;0;0
4017;0;861
593;0;1172
130;0;1221
78;0;1263
2031;0;902
7328;0;1176
758;0;830
229;0;1146
780;0;959
1104;0;883
5446;0;0
4934;0;1112
665;0;760
7345;0;0
1584;0;1
6792;0;1
527;0;2
7347;0;0
7381;0;0
7408;0;0
7475;0;0
7474;0;0
7543;0;0
7542;0;0
7470;0;0
7459;0;0
7472;0;0
7471;0;0
7435;0;937
7412;0;1058
176;0;1160
267;0;1196
1478;0;1111
1163;0;1128
2819;0;1052
1023;0;1133
2777;0;1052
546;0;1097
548;0;1135
2727;0;1060
1734;0;1129
315;0;1242
943;0;1140
854;0;1152
2124;0;1074
513;0;1096
1714;0;1153
2122;0;1134
1048;0;1139
329;0;1181
2992;0;1052
316;0;1212
1484;0;1091
2479;0;1060
2145;0;1071
409;0;1189
2781;0;1052
2770;0;1052
1476;0;1147
2128;0;1074
467;0;1179
7387;0;1062
622;0;1115
1721;0;1053
2760;0;1052
132;0;1222
824;0;1247
7518;0;1182
1743;0;1062
977;0;0
518;0;1054
234;0;1092
1725;0;0
443;0;1089
1470;0;981
2139;0;1046
2141;0;0
7388;0;939
1286;0;0
1726;0;882
1292;0;1045
1472;0;991
7334;0;1144
7537;0;0
7534;0;0
7564;0;1236
334;0;1145
187;0;1237
2179;0;1170
102;0;1224
975;0;1134
935;0;1141
1797;0;1124
2250;0;1143
1040;0;1130
1424;0;1122
1772;0;1130
2204;0;1106
1150;0;1150
1762;0;1165
2190;0;1099
1018;0;1123
482;0;1219
413;0;1164
1673;0;1103
1562;0;1168
3122;0;1099
1111;0;1131
1031;0;1183
3014;0;1099
2986;0;1099
456;0;1179
1137;0;1194
1327;0;1136
941;0;1211
2957;0;1099
741;0;1130
2215;0;1122
1324;0;1166
2908;0;1181
639;0;1213
1146;0;1142
2787;0;1107
2188;0;1106
69;0;1280
1307;0;1133
2778;0;1099
914;0;1128
48;0;1303
1078;0;1133
383;0;1166
2582;0;1099
1981;0;1100
2558;0;1099
226;0;1217
1992;0;1106
1430;0;1117
1988;0;1100
478;0;1160
1967;0;1099
2519;0;1099
719;0;1150
7438;0;1101
569;0;1128
970;0;0
1044;0;892
3135;0;0
967;0;1138
327;0;1182
7399;0;0
1513;0;1180
552;0;1178
1116;0;1152
398;0;1186
6878;0;1127
171;0;1154
1030;0;1139
799;0;1198
2802;0;1137
942;0;1176
762;0;1156
3345;0;1127
1887;0;1129
1190;0;1157
894;0;1152
494;0;1183
3269;0;1131
2356;0;1127
966;0;1189
7538;0;1136
2257;0;1162
488;0;1152
1512;0;1127
1775;0;1137
1508;0;1141
1767;0;1156
2915;0;1127
550;0;1177
7593;0;1146
949;0;1215
1755;0;1150
1145;0;1163
1754;0;1140
1311;0;1127
2865;0;1127
634;0;1157
2168;0;1133
735;0;1201
870;0;1169
1716;0;1144
1697;0;1163
732;0;1168
7446;0;0
1871;0;982
7434;0;1070
3224;0;0
2918;0;0
2180;0;983
1748;0;0
2791;0;0
7445;0;989
680;0;1130
183;0;1158
7499;0;1101
7573;0;1035
7592;0;1040
4910;0;0
651;0;1141
1586;0;1051
751;0;1116
1577;0;1008
627;0;1117
898;0;1049
1210;0;1126
3354;0;996
3366;0;996
496;0;1100
530;0;1201
376;0;1193
2396;0;1005
1873;0;1110
7391;0;1057
397;0;1092
3297;0;996
1553;0;1134
3293;0;996
822;0;1125
3281;0;996
1861;0;1017
3234;0;996
1187;0;1072
3232;0;996
3060;0;988
7337;0;1001
1050;0;999
1052;0;988
3119;0;988
5389;0;1043
2275;0;988
1168;0;1027
1534;0;988
1529;0;988
965;0;999
1817;0;988
3075;0;988
2277;0;988
2284;0;997
1172;0;997
1528;0;998
7397;0;1044
1813;0;1043
2283;0;988
2270;0;997
1533;0;988
279;0;1204
1531;0;1030
3241;0;988
1332;0;1072
3180;0;989
1182;0;999
1831;0;993
3144;0;988
1828;0;1035
1808;0;997
884;0;1035
1351;0;1176
3089;0;988
1537;0;1029
3045;0;988
1807;0;1030
2278;0;997
3076;0;988
3073;0;988
952;0;1026
3072;0;988
1810;0;988
3061;0;988
3047;0;988
3056;0;988
2243;0;988
3054;0;988
1532;0;999
3051;0;988
3050;0;988
1335;0;999
3046;0;988
2268;0;998
881;0;1050
2267;0;997
2266;0;988
3041;0;988
3039;0;988
3037;0;988
3036;0;988
3038;0;988
5533;0;1092
127;0;1
659;0;943
1394;0;0
2288;0;0
1049;0;782
428;0;1073
7580;0;990
1759;0;954
3370;0;0
2355;0;955
2279;0;877
1497;0;1065
7549;0;0
7478;0;0
7429;0;816
392;0;1170
1027;0;1073
1289;0;1098
1481;0;1002
588;0;1174
693;0;1171
689;0;1120
1730;0;1079
1333;0;1005
1158;0;1060
2825;0;996
50;0;1247
2818;0;996
2157;0;1000
2148;0;1068
542;0;1133
1293;0;1093
1256;0;1029
2146;0;998
2804;0;996
945;0;1092
2138;0;996
939;0;1100
2796;0;996
2135;0;1073
4057;0;0
2813;0;0
2812;0;0
2134;0;0
7335;0;1157
352;0;1066
64;0;1184
246;0;1189
86;0;1171
233;0;1089
953;0;1117
605;0;1110
192;0;1154
3447;0;1065
766;0;1079
1074;0;1091
558;0;1065
1596;0;1073
1894;0;1066
498;0;1127
698;0;1075
2436;0;1069
1396;0;1065
3410;0;1066
7161;0;1065
378;0;1074
984;0;1086
180;0;1099
186;0;1076
499;0;1086
832;0;1096
900;0;1099
2289;0;1066
1134;0;1138
2434;0;1072
906;0;1120
1906;0;1070
905;0;1096
2426;0;1066
1895;0;1086
374;0;1151
2417;0;1103
7087;0;1136
3372;0;1104
7063;0;1066
94;0;1137
3120;0;1067
438;0;1151
1471;0;1124
853;0;1150
682;0;1083
7386;0;1104
337;0;1115
897;0;1001
1202;0;991
230;0;991
3451;0;938
2437;0;0
3443;0;0
3448;0;0
2287;0;960
7325;0;0
2433;0;0
3442;0;0
3382;0;0
3439;0;0
2432;0;0
1075;0;0
1390;0;0
1599;0;0
3438;0;0
2422;0;0
604;0;967
2431;0;0
902;0;983
1905;0;0
3437;0;0
653;0;0
3434;0;0
7310;0;0
3433;0;0
3430;0;0
3431;0;0
1208;0;845
1904;0;0
3427;0;0
2428;0;0
1903;0;0
6921;0;0
3091;0;0
3286;0;960
7369;0;954
764;0;0
2312;0;0
1393;0;1006
3407;0;0
1205;0;0
2633;0;0
1070;0;0
1387;0;1018
1385;0;0
2828;0;1015
1891;0;0
7330;0;0
7321;0;0
7312;0;0
3428;0;920
400;0;855
7368;0;0
7366;0;0
7560;0;1103
7393;0;0
55;0;1179
80;0;1158
1249;0;1029
369;0;1147
7379;0;0
2445;0;1001
779;0;1073
442;0;1097
993;0;1045
655;0;1084
1664;0;1001
565;0;1050
470;0;1021
101;0;1156
2003;0;1001
1983;0;1001
1640;0;1003
1925;0;1001
3194;0;1001
2340;0;1009
2954;0;1001
2206;0;1099
2950;0;1001
2944;0;1001
2930;0;1001
1326;0;1073
926;0;1076
2565;0;1001
2556;0;1001
850;0;1092
537;0;1088
1093;0;1006
298;0;1124
1610;0;1001
1083;0;1078
1917;0;1005
1914;0;1007
1212;0;1013
1910;0;1001
134;0;1095
1407;0;0
2077;0;802
1427;0;1090
406;0;1129
607;0;991
1300;0;1069
1746;0;1065
1735;0;1052
2125;0;1052
212;0;1189
1304;0;1072
344;0;1078
660;0;1144
934;0;1078
5140;0;1052
1305;0;1092
1490;0;1084
1489;0;1078
2143;0;1084
1732;0;1126
2738;0;1052
2105;0;1064
1989;0;1053
580;0;1150
516;0;1144
2797;0;0
243;0;1033
872;0;1019
1170;0;1017
860;0;1003
1306;0;988
220;0;1079
690;0;1068
868;0;988
1130;0;1162
2199;0;1045
1800;0;988
2228;0;988
866;0;1050
1703;0;1011
1564;0;1096
1526;0;1043
1164;0;1074
2200;0;988
2803;0;988
7372;0;1163
630;0;1044
2091;0;1026
1271;0;1063
2693;0;988
729;0;1092
2086;0;1026
3053;0;988
954;0;1115
2961;0;988
2690;0;988
2118;0;1044
2758;0;988
2097;0;1032
1477;0;1022
2106;0;1018
2710;0;988
294;0;2
2247;0;0
708;0;1104
3364;0;1031
1370;0;1106
1199;0;1067
1882;0;1103
551;0;1062
1581;0;1032
2388;0;1062
3185;0;1031
3373;0;0
332;0;1189
1042;0;1022
730;0;1073
1771;0;1022
7547;0;1030
1269;0;1092
1301;0;1087
738;0;1100
700;0;1147
2759;0;1040
254;0;1127
579;0;1068
1004;0;1085
669;0;1115
2520;0;1040
2486;0;1040
235;0;1140
916;0;1004
1297;0;727
1986;0;0
28;0;1161
210;0;1163
1638;0;1152
2317;0;1090
2239;0;1087
851;0;1154
1132;0;1160
2310;0;1098
7555;0;1093
2171;0;1103
1258;0;1128
685;0;1116
2159;0;1087
2817;0;1087
933;0;1110
2773;0;1087
1278;0;1141
2638;0;1087
2079;0;1089
539;0;1103
7579;0;1149
1113;0;907
342;0;957
802;0;1064
2651;0;0
2255;0;943
940;0;929
1744;0;0
2745;0;0
1138;0;0
1082;0;939
440;0;1034
1416;0;939
129;0;1227
844;0;1003
932;0;1082
1422;0;939
770;0;1067
1220;0;968
1613;0;941
713;0;988
167;0;1176
847;0;939
1400;0;945
845;0;1011
908;0;1009
1911;0;939
1226;0;1056
2443;0;1056
2447;0;939
1402;0;985
1080;0;939
1601;0;985
2438;0;939
1131;0;1007
843;0;0
2441;0;0
1919;0;1040
485;0;1178
3147;0;1050
143;0;1172
643;0;1152
7548;0;1028
1165;0;1084
1787;0;1028
663;0;1126
1792;0;1058
3082;0;1028
813;0;1190
7553;0;1118
2980;0;1028
1764;0;1093
2196;0;1048
1032;0;1117
3071;0;0
1155;0;0
6257;0;1047
1294;0;1047
3304;0;1047
1876;0;1054
2372;0;1064
2650;0;1047
1568;0;1121
7443;0;1093
1946;0;1074
505;0;1156
1711;0;1063
1021;0;1083
760;0;1
1035;0;919
1501;0;1003
816;0;0
6736;0;978
2387;0;1026
2418;0;1034
6667;0;978
6317;0;978
3074;0;978
6290;0;978
6131;0;978
3166;0;999
195;0;1003
726;0;957
1455;0;944
2602;0;887
1674;0;890
275;0;904
2028;0;887
2022;0;887
7561;0;913
1255;0;944
671;0;999
2064;0;918
677;0;974
322;0;1080
1120;0;1019
2620;0;887
931;0;1039
857;0;1085
670;0;1006
1237;0;968
2604;0;887
1449;0;1066
2029;0;909
675;0;977
2585;0;887
514;0;1016
1007;0;915
2385;0;1031
1188;0;1043
3264;0;1031
7426;0;1032
960;0;1161
1149;0;1111
1517;0;1150
2256;0;1055
3191;0;1055
3164;0;1055
1552;0;1060
1540;0;1066
3100;0;1055
3080;0;1055
2970;0;1055
2972;0;1055
7421;0;977
1103;0;752
285;0;1100
1569;0;1081
2977;0;1015
566;0;1092
1506;0;1058
2365;0;1005
3312;0;1005
307;0;1104
1774;0;1020
7411;0;1024
2132;0;981
2878;0;1059
1144;0;1095
629;0;1152
1280;0;1131
2968;0;1059
1191;0;1115
1833;0;1084
7428;0;1093
1166;0;1098
2932;0;1091
1314;0;1135
635;0;1135
2150;0;1091
2809;0;1059
2007;0;1085
2596;0;1059
540;0;1122
404;0;1196
3322;0;0
1349;0;972
1766;0;982
2414;0;974
2369;0;1141
1863;0;1043
1352;0;1082
3362;0;974
490;0;1128
1381;0;1074
2350;0;975
2807;0;954
800;0;1066
232;0;1133
598;0;1092
2208;0;960
1597;0;1057
6434;0;955
2223;0;983
486;0;992
1689;0;1014
4888;0;955
3999;0;955
2561;0;986
1658;0;1010
3441;0;0
7384;0;0
2379;0;989
1067;0;1022
3368;0;989
2374;0;992
3187;0;989
2377;0;1062
1173;0;1050
657;0;1037
297;0;1080
610;0;1105
990;0;1041
1076;0;1059
7371;0;1059
1399;0;1024
1926;0;1020
1019;0;0
601;0;1111
7448;0;0
1047;0;1018
947;0;1026
742;0;1032
2914;0;1010
2906;0;1010
2399;0;1013
3108;0;1010
2967;0;1010
2577;0;1012
1141;0;1011
793;0;1041
2841;0;1010
2840;0;1010
2162;0;1010
7456;0;1010
618;0;713
7392;0;0
2313;0;0
2232;0;0
3310;0;0
3044;0;0
1728;0;971
7454;0;0
2111;0;986
2070;0;981
7533;0;987
784;0;1042
785;0;1133
515;0;1021
2016;0;981
240;0;1063
1276;0;1018
1125;0;990
2630;0;981
1001;0;1007
924;0;0
2873;0;0
1243;0;1049
792;0;1107
2891;0;1040
3033;0;1040
2140;0;1040
2126;0;1077
1279;0;1068
1718;0;1094
1717;0;1064
1628;0;1104
2531;0;1040
717;0;1066
1077;0;1084
1600;0;1048
989;0;1040
1224;0;926
1214;0;868
2314;0;982
2919;0;0
606;0;878
5415;0;1
2979;0;897
7526;0;1071
863;0;1130
992;0;1070
2155;0;1081
2241;0;1076
2579;0;1060
912;0;1091
715;0;1140
1618;0;1066
1795;0;1049
1791;0;1051
1779;0;1074
1783;0;1033
1778;0;1018
2936;0;1018
1328;0;1119
1899;0;0
2078;0;0
5392;0;864
7378;0;0
7584;0;1141
608;0;1013
445;0;1062
1729;0;1007
803;0;1046
476;0;1056
1429;0;1007
662;0;1024
340;0;1076
2541;0;982
865;0;1060
920;0;1008
1106;0;1016
2502;0;982
1947;0;985
533;0;983
1404;0;1044
1928;0;999
1623;0;894
1943;0;0
1933;0;0
7395;0;0
7520;0;732
7571;0;761
7576;0;952
3015;0;877
3035;0;947
1801;0;877
1827;0;877
2258;0;931
1530;0;975
1805;0;959
3178;0;878
2718;0;877
3102;0;877
2303;0;877
3063;0;877
2272;0;959
3032;0;877
1803;0;959
3308;0;0
3303;0;0
3174;0;0
3065;0;0
2116;0;967
169;0;1161
2114;0;967
1235;0;1027
2741;0;967
1920;0;972
2734;0;967
1473;0;1086
2677;0;967
568;0;1141
7402;0;1016
7511;0;996
1094;0;942
1420;0;817
830;0;1130
3289;0;979
1874;0;0
7436;0;809
1241;0;1015
633;0;1035
875;0;958
721;0;1031
1428;0;1015
1948;0;936
2883;0;936
2880;0;936
1140;0;1107
1667;0;943
778;0;983
576;0;1003
403;0;1160
1975;0;973
1974;0;952
1417;0;1103
1236;0;964
1932;0;962
1756;0;0
2182;0;817
1751;0;0
1020;0;1127
1809;0;1092
2887;0;1016
2879;0;1016
2151;0;1016
2798;0;1016
2133;0;0
7389;0;1068
2902;0;983
2893;0;983
2195;0;983
2886;0;983
2896;0;0
464;0;1090
2380;0;1105
3417;0;0
1959;0;907
7545;0;0
7463;0;0
368;0;1024
2557;0;954
328;0;1155
2995;0;998
283;0;983
673;0;976
144;0;1065
688;0;1004
1189;0;924
390;0;1062
1454;0;903
2237;0;926
2943;0;897
2872;0;897
2854;0;897
1319;0;0
1763;0;0
385;0;1031
2220;0;0
3107;0;945
1567;0;945
2337;0;945
1539;0;949
421;0;968
1480;0;971
2160;0;971
1733;0;978
2120;0;971
1719;0;971
2098;0;972
252;0;1150
2656;0;971
2137;0;971
2107;0;971
2576;0;971
2508;0;971
357;0;1106
2637;0;971
2595;0;971
1963;0;972
1657;0;974
1135;0;1
2766;0;0
704;0;1094
2403;0;1055
1383;0;1065
1582;0;1063
1893;0;1061
3352;0;1055
3361;0;1055
3348;0;1055
3344;0;1055
3226;0;1055
1544;0;1075
3218;0;1055
648;0;1082
3411;0;0
2419;0;0
7349;0;0
7422;0;865
3270;0;925
2362;0;998
2364;0;996
740;0;1044
1773;0;928
1504;0;928
2184;0;928
3093;0;893
3081;0;893
1614;0;894
2398;0;894
3196;0;893
2366;0;893
3161;0;893
3150;0;893
3126;0;893
3123;0;893
3130;0;893
3104;0;893
3098;0;893
3085;0;893
1814;0;969
3077;0;893
972;0;812
1851;0;832
705;0;931
3186;0;1
1781;0;949
899;0;984
2483;0;984
1095;0;1010
2453;0;984
3406;0;900
2816;0;900
2429;0;0
2430;0;889
3409;0;741
2416;0;0
520;0;1079
1554;0;974
1200;0;0
7365;0;0
1939;0;999
2682;0;999
2071;0;1003
1460;0;1005
786;0;1003
7570;0;1029
1651;0;1014
1662;0;1009
2544;0;999
1984;0;999
2018;0;0
7572;0;0
2851;0;970
2856;0;970
2594;0;970
1242;0;0
1646;0;0
615;0;1092
422;0;1108
746;0;1056
453;0;1122
2800;0;1037
814;0;952
2262;0;952
1364;0;953
1866;0;952
3121;0;952
3099;0;952
2297;0;954
3029;0;952
1804;0;969
1105;0;1027
3024;0;0
1780;0;1009
1758;0;1059
2874;0;954
1752;0;954
2863;0;954
2861;0;954
2850;0;954
2847;0;954
2169;0;964
2153;0;998
1485;0;954
2183;0;967
2121;0;911
2175;0;1023
745;0;971
968;0;931
2969;0;931
2234;0;935
2768;0;1036
2761;0;995
324;0;1037
3347;0;995
1838;0;1020
2762;0;995
447;0;1044
2449;0;0
463;0;1049
3346;0;980
3342;0;0
7464;0;0
1263;0;905
1259;0;953
1605;0;905
1448;0;905
1648;0;921
1620;0;1000
2857;0;1019
1017;0;729
775;0;1093
1100;0;1093
2685;0;945
2696;0;945
2626;0;945
2046;0;945
2037;0;949
678;0;951
303;0;1002
1011;0;1055
1684;0;962
480;0;1007
911;0;1017
1941;0;945
339;0;998
619;0;991
938;0;1043
1118;0;1016
2667;0;990
1440;0;1043
1133;0;1036
511;0;1023
1511;0;1025
1022;0;1072
2739;0;945
2083;0;946
2051;0;945
1705;0;980
2723;0;960
2099;0;969
1704;0;960
2688;0;960
2683;0;960
2654;0;960
2678;0;960
2672;0;960
2675;0;960
1700;0;960
2670;0;960
2749;0;960
1660;0;969
2104;0;1001
2068;0;1001
2706;0;960
405;0;1096
2708;0;960
2530;0;960
2101;0;961
1273;0;964
1468;0;1030
2087;0;963
2092;0;963
2694;0;960
624;0;960
555;0;997
2991;0;885
2925;0;895
184;0;1035
2357;0;952
3331;0;985
3250;0;931
3244;0;931
3416;0;941
3360;0;941
3343;0;941
7419;0;1100
2960;0;971
450;0;967
909;0;978
1423;0;963
1616;0;989
2481;0;940
1619;0;971
3415;0;1027
2373;0;1042
2951;0;1027
399;0;871
3440;0;0
3444;0;0
1204;0;0
3395;0;0
3393;0;0
1593;0;954
3383;0;923
1045;0;1101
1884;0;1021
3318;0;1003
3306;0;1003
1880;0;1014
2080;0;1003
7473;0;0
461;0;1016
3235;0;1016
1405;0;1032
1201;0;821
7404;0;0
2043;0;1007
1193;0;986
2269;0;978
1690;0;989
2628;0;977
2625;0;977
2623;0;977
1453;0;1063
2033;0;977
2096;0;880
7439;0;0
2038;0;1029
441;0;1007
1665;0;1006
1084;0;953
7546;0;963
7424;0;957
1053;0;1098
1323;0;1010
2985;0;966
1425;0;871
3208;0;0
1821;0;955
7468;0;965
3171;0;965
3412;0;0
3284;0;0
7342;0;0
7469;0;0
3179;0;1055
2410;0;1065
3403;0;1055
1889;0;1066
3246;0;1055
2304;0;1114
1829;0;0
2953;0;0
3302;0;0
7497;0;0
7339;0;0
7581;0;1059
3404;0;1002
3387;0;1002
3379;0;1002
2412;0;1002
3425;0;0
2411;0;0
273;0;1023
1706;0;1002
925;0;1014
1488;0;1080
996;0;1003
919;0;0
7451;0;0
1272;0;1020
2019;0;952
444;0;1069
2473;0;943
2624;0;0
1993;0;0
2455;0;0
827;0;987
1694;0;999
2720;0;987
2490;0;987
2580;0;890
1247;0;939
1990;0;922
1005;0;922
1434;0;922
1244;0;939
481;0;939
1013;0;924
856;0;925
7329;0;0
6644;0;983
2229;0;1048
6958;0;935
3353;0;935
1879;0;936
3445;0;0
1397;0;0
1388;0;984
1915;0;1032
2041;0;997
1058;0;1020
1777;0;1033
2610;0;942
1099;0;1039
2663;0;942
2842;0;942
1683;0;1036
2005;0;952
1951;0;973
1431;0;960
668;0;988
7524;0;966
722;0;988
922;0;958
999;0;958
1930;0;960
959;0;962
2309;0;958
2274;0;948
7418;0;952
7539;0;0
3031;0;970
502;0;1035
1607;0;1012
1594;0;984
2415;0;923
3398;0;0
3429;0;0
3426;0;0
3423;0;0
2413;0;0
3374;0;0
7370;0;0
3220;0;975
3213;0;975
3251;0;975
3285;0;977
3137;0;977
957;0;968
2933;0;1003
2931;0;1003
410;0;1018
2911;0;1003
2702;0;1003
2193;0;1003
2805;0;1003
765;0;876
1592;0;960
2521;0;916
1071;0;962
2170;0;967
2165;0;967
2066;0;988
2684;0;967
2864;0;967
2862;0;967
2855;0;967
2838;0;967
343;0;1019
325;0;1004
1738;0;977
2774;0;0
1811;0;1118
1671;0;746
7556;0;0
2299;0;1098
1820;0;1040
3079;0;1031
3408;0;965
3396;0;965
2394;0;978
7502;0;966
7367;0;0
2225;0;1086
3381;0;954
3371;0;0
2673;0;0
2421;0;816
1559;0;939
1591;0;0
895;0;959
3321;0;922
3294;0;922
3282;0;922
1227;0;943
1228;0;925
1216;0;925
1096;0;939
1097;0;0
1092;0;0
1231;0;0
1223;0;0
998;0;895
1217;0;0
1215;0;0
1211;0;0
1213;0;0
1079;0;809
1081;0;979
1418;0;0
1414;0;0
1408;0;0
1412;0;0
1411;0;0
1410;0;0
997;0;852
991;0;906
1403;0;0
1406;0;0
1219;0;944
1089;0;909
1609;0;0
1608;0;0
1437;0;994
3182;0;921
1439;0;921
849;0;962
2575;0;921
2572;0;921
1659;0;961
2549;0;921
2551;0;0
3212;0;953
791;0;931
2701;0;921
2653;0;0
2216;0;984
1850;0;847
2993;0;847
3267;0;964
2895;0;964
2242;0;977
2406;0;993
2526;0;949
2527;0;968
852;0;956
2245;0;949
2717;0;949
2094;0;949
477;0;862
2509;0;904
2510;0;922
1641;0;904
2507;0;904
2522;0;904
2518;0;904
2514;0;904
2515;0;904
2568;0;964
1644;0;965
2318;0;1019
2584;0;964
7498;0;1081
7481;0;901
3389;0;901
2325;0;909
1039;0;1148
2236;0;1010
1770;0;1029
2905;0;893
1026;0;899
3094;0;893
1357;0;943
495;0;951
1377;0;830
1561;0;972
3262;0;830
1888;0;911
2348;0;995
3384;0;1022
1761;0;995
737;0;1000
2469;0;995
2456;0;995
7440;0;1002
3152;0;0
2251;0;849
1852;0;989
541;0;1055
763;0;996
2226;0;989
2197;0;996
2219;0;1016
2939;0;989
2934;0;989
1507;0;999
2894;0;989
963;0;831
3115;0;831
1995;0;929
1913;0;929
1969;0;938
2451;0;921
2294;0;0
581;0;1009
1463;0;981
1685;0;1042
2822;0;979
2545;0;979
2564;0;979
1999;0;982
1647;0;998
213;0;948
808;0;884
261;0;884
218;0;1028
3277;0;884
3338;0;884
839;0;1056
2393;0;886
2971;0;884
7340;0;969
2609;0;923
864;0;942
2248;0;938
1692;0;924
2639;0;923
2574;0;923
858;0;890
425;0;1061
3169;0;986
2714;0;986
2824;0;1019
2156;0;1019
1277;0;0
2815;0;937
3386;0;945
1234;0;981
1845;0;884
2213;0;1090
1765;0;1090
2990;0;909
3025;0;909
761;0;1000
837;0;0
835;0;0
2246;0;994
2240;0;994
1514;0;1056
1154;0;1048
2965;0;994
995;0;986
1786;0;776
2659;0;895
1655;0;918
1964;0;883
1245;0;886
1668;0;886
1682;0;0
1527;0;951
2264;0;933
2224;0;937
1961;0;0
3248;0;882
3337;0;1007
2392;0;974
363;0;1003
1841;0;1071
1160;0;912
7343;0;0
1965;0;982
1299;0;894
2634;0;886
2231;0;1004
2191;0;823
1806;0;1057
3117;0;1057
2963;0;1057
2924;0;1057
3125;0;1057
2286;0;1057
2254;0;1061
3022;0;1057
3016;0;1057
3003;0;1057
2988;0;1057
2958;0;1057
2935;0;1057
1515;0;0
1753;0;967
595;0;949
2946;0;0
2679;0;0
1696;0;859
7530;0;875
1557;0;977
2323;0;955
3333;0;955
1565;0;975
1354;0;956
3017;0;990
1604;0;0
582;0;0
7383;0;0
7527;0;822
364;0;890
1073;0;913
1207;0;836
2611;0;925
1966;0;925
2618;0;925
2012;0;928
2000;0;934
2566;0;925
674;0;950
574;0;1027
1982;0;885
1014;0;901
1447;0;0
2550;0;0
3239;0;811
3034;0;811
388;0;1011
573;0;977
7460;0;0
1330;0;901
903;0;0
889;0;0
1391;0;0
2424;0;0
1918;0;1026
7332;0;0
2978;0;929
2265;0;957
2983;0;929
1955;0;933
2069;0;903
2606;0;791
3114;0;960
2187;0;948
6786;0;942
6123;0;942
1587;0;0
2450;0;758
1968;0;889
584;0;920
620;0;1007
2598;0;889
1433;0;957
2004;0;893
2636;0;0
2976;0;956
823;0;903
1062;0;906
1855;0;942
3175;0;903
2657;0;0
1935;0;945
2466;0;910
2732;0;888
1143;0;959
631;0;0
1712;0;902
1722;0;902
1617;0;902
1268;0;905
667;0;792
756;0;948
2074;0;951
1994;0;932
1973;0;932
2525;0;908
1892;0;807
1443;0;825
1257;0;882
1789;0;1033
2686;0;0
556;0;927
887;0;976
1344;0;848
3109;0;848
1890;0;976
3380;0;976
1997;0;873
2462;0;873
1653;0;873
1996;0;873
2570;0;873
2471;0;873
2464;0;873
1334;0;904
2503;0;904
1101;0;992
7413;0;677
1252;0;944
1654;0;925
1432;0;951
2553;0;918
7373;0;953
7519;0;937
1695;0;966
1727;0;994
2532;0;908
913;0;955
714;0;946
3261;0;915
1624;0;921
239;0;929
1464;0;744
1645;0;744
2076;0;744
1958;0;744
1972;0;744
2642;0;744
2562;0;744
2535;0;744
448;0;779
571;0;792
1110;0;0
2524;0;828
2400;0;917
1181;0;987
2329;0;953
418;0;908
1858;0;0
1575;0;934
1864;0;956
3230;0;924
3280;0;905
3273;0;905
3420;0;983
1588;0;1032
2523;0;972
1713;0;896
2482;0;861
1229;0;880
1676;0;926
2733;0;880
723;0;880
2736;0;931
2729;0;931
1122;0;925
2009;0;904
1740;0;1019
7375;0;1060
1739;0;961
1970;0;981
2792;0;961
2790;0;961
2916;0;890
1498;0;1026
1802;0;980
1369;0;954
2959;0;954
2010;0;851
2194;0;1006
805;0;0
1916;0;913
7455;0;1
2476;0;994
426;0;920
2647;0;0
282;0;834
575;0;835
1612;0;850
1669;0;818
1931;0;885
2928;0;921
1119;0;945
1688;0;890
2669;0;728
679;0;909
1121;0;732
1262;0;823
1142;0;818
1206;0;0
1203;0;0
1595;0;0
1598;0;0
2435;0;0
3450;0;0
387;0;794
2583;0;814
1266;0;682
724;0;0
2052;0;778
2025;0;778
2589;0;778
806;0;850
2984;0;850
3350;0;949
2347;0;949
7467;0;0
2829;0;1
2827;0;0
1938;0;899
1221;0;1075
7437;0;0
1123;0;879
2047;0;0
3106;0;894
3223;0;870
1446;0;794
2680;0;790
612;0;944
2045;0;821
2799;0;961
2785;0;947
3190;0;853
3334;0;953
3172;0;968
1426;0;857
2202;0;912
1444;0;945
929;0;873
2664;0;871
1303;0;916
2834;0;916
1296;0;0
2833;0;948
2013;0;806
1015;0;871
2581;0;871
1953;0;812
616;0;854
1102;0;875
1940;0;812
2035;0;0
2023;0;0
1934;0;0
828;0;829
414;0;0
1002;0;959
1240;0;899
2661;0;883
2601;0;883
2054;0;881
7529;0;979
3325;0;902
3040;0;902
3086;0;0
1016;0;858
1626;0;789
2484;0;788
921;0;898
1944;0;836
1937;0;836
1625;0;903
2463;0;836
1945;0;0
2461;0;875
1680;0;763
2044;0;763
3205;0;763
855;0;801
1991;0;801
1012;0;801
788;0;837
2407;0;958
1707;0;0
3007;0;940
1321;0;0
1924;0;812
2512;0;897
782;0;854
1438;0;969
2015;0;0
359;0;840
2062;0;686
2060;0;686
2617;0;686
2061;0;686
2616;0;686
2059;0;686
2058;0;686
2057;0;686
2056;0;686
2055;0;686
2189;0;929
3012;0;904
2852;0;921
465;0;881
559;0;881
2668;0;804
2042;0;878
2034;0;878
3257;0;898
3146;0;883
3069;0;0
7338;0;0
560;0;0
3424;0;0
3399;0;0
2409;0;905
3128;0;0
3413;0;851
676;0;886
2547;0;889
1114;0;930
2008;0;839
2599;0;795
2998;0;918
2123;0;949
1161;0;959
7333;0;884
2890;0;884
2949;0;884
2212;0;885
2929;0;884
1196;0;904
3359;0;901
2974;0;905
1666;0;905
1115;0;939
2699;0;0
2648;0;907
2506;0;908
1956;0;911
2622;0;867
2036;0;0
2832;0;903
2164;0;903
2130;0;903
797;0;0
2835;0;0
2938;0;800
2956;0;950
1857;0;888
415;0;928
829;0;744
3324;0;744
901;0;0
1927;0;868
1419;0;895
2555;0;742
7374;0;933
831;0;901
861;0;901
1549;0;917
3201;0;901
3301;0;872
2370;0;874
7541;0;892
1825;0;894
2014;0;930
1979;0;0
1238;0;794
2501;0;794
2500;0;849
1630;0;900
1637;0;0
2491;0;844
2496;0;0
927;0;943
2048;0;838
1971;0;865
1265;0;645
923;0;645
1962;0;723
1246;0;932
950;0;863
1366;0;903
3326;0;918
1878;0;930
985;0;844
1898;0;0
652;0;713
2538;0;897
2537;0;897
2546;0;802
1652;0;935
2480;0;884
2901;0;892
1912;0;892
2937;0;892
1627;0;897
1980;0;886
2082;0;824
2569;0;824
2567;0;824
867;0;701
577;0;944
2603;0;886
1675;0;887
2560;0;886
1699;0;888
628;0;856
2994;0;921
7331;0;0
2233;0;1007
1622;0;761
3340;0;850
3320;0;850
1907;0;842
794;0;0
2593;0;880
1985;0;907
2345;0;901
1000;0;901
2548;0;901
1679;0;0
2539;0;848
1978;0;892
2030;0;799
2658;0;799
1291;0;877
2899;0;921
2973;0;838
1341;0;0
819;0;846
644;0;940
3216;0;0
2316;0;877
2529;0;877
1798;0;943
1633;0;921
2665;0;0
776;0;779
2474;0;942
2460;0;942
2859;0;0
2643;0;867
2614;0;0
1639;0;855
2591;0;864
1260;0;937
2026;0;823
2755;0;870
2910;0;896
3252;0;918
3249;0;918
3243;0;918
3153;0;918
1543;0;918
3090;0;918
2590;0;901
1466;0;902
1281;0;654
1474;0;656
2040;0;683
2039;0;683
1435;0;692
2027;0;840
2705;0;880
2681;0;880
2753;0;892
3357;0;955
2154;0;907
7441;0;0
880;0;757
1848;0;837
3258;0;846
3219;0;0
834;0;769
611;0;883
2517;0;715
2505;0;715
2554;0;846
1441;0;940
1008;0;903
2843;0;0
2640;0;859
2645;0;859
2646;0;764
1469;0;861
5660;0;861
789;0;697
2088;0;0
1710;0;877
1769;0;977
3151;0;931
2207;0;973
1747;0;0
2882;0;871
2913;0;857
2831;0;889
2341;0;943
3110;0;881
3207;0;752
3165;0;903
2343;0;903
3160;0;903
2425;0;0
3170;0;840
2423;0;0
2452;0;812
2722;0;891
2571;0;0
2533;0;866
820;0;0
2704;0;899
2100;0;887
2649;0;654
2534;0;860
3058;0;774
1677;0;717
2592;0;717
930;0;759
1686;0;786
2612;0;759
2050;0;759
2112;0;1023
2776;0;943
2719;0;943
2721;0;840
2715;0;840
1701;0;871
948;0;860
3204;0;746
833;0;864
3480;0;859
1687;0;857
2495;0;857
2478;0;830
1661;0;967
790;0;763
2615;0;869
1656;0;846
4311;0;591
731;0;899
2765;0;910
2860;0;850
2877;0;910
3005;0;817
2912;0;868
3067;0;933
1823;0;903
1183;0;756
978;0;1
1897;0;790
3358;0;884
3288;0;884
3276;0;0
2475;0;913
7449;0;846
2494;0;846
1253;0;779
2011;0;810
928;0;0
1451;0;815
2072;0;870
7414;0;0
7396;0;0
7409;0;0
2724;0;854
2728;0;854
2641;0;854
7453;0;0
2836;0;815
795;0;0
1312;0;967
1503;0;967
2174;0;968
2186;0;967
1486;0;967
1741;0;978
2917;0;967
2884;0;967
2875;0;967
2871;0;967
2867;0;967
2849;0;967
2230;0;942
811;0;846
3238;0;907
2339;0;875
3323;0;936
3376;0;0
3240;0;0
3188;0;843
3268;0;843
2420;0;0
836;0;0
838;0;884
3021;0;824
2711;0;791
1960;0;853
2543;0;742
2703;0;844
1124;0;892
2629;0;868
1467;0;822
1585;0;782
873;0;0
7476;0;904
7230;0;821
3237;0;774
3419;0;848
3446;0;862
907;0;0
3097;0;900
2542;0;795
2573;0;550
2021;0;0
1126;0;631
2075;0;0
936;0;727
1275;0;609
2726;0;745
2948;0;915
1479;0;1015
2161;0;806
1799;0;806
2218;0;846
3162;0;923
3055;0;903
2214;0;0
1563;0;871
2359;0;772
1954;0;758
3291;0;838
2457;0;815
2458;0;815
1006;0;932
3405;0;901
2115;0;848
2110;0;848
2730;0;660
2600;0;660
2158;0;725
1037;0;714
1329;0;600
7416;0;883
7458;0;0
2982;0;868
3157;0;867
3263;0;854
2489;0;760
2689;0;833
2470;0;887
2081;0;626
2513;0;715
2516;0;715
1112;0;938
2020;0;751
2095;0;712
2063;0;712
3184;0;0
3008;0;819
3168;0;874
6166;0;1
3199;0;834
3255;0;0
3315;0;812
3311;0;812
1869;0;812
7163;0;1
2444;0;0
2608;0;0
2477;0;824
2504;0;909
1643;0;0
2691;0;806
2588;0;806
2563;0;0
1250;0;899
2587;0;714
2032;0;750
2712;0;851
2674;0;846
2085;0;846
1745;0;846
3225;0;861
2888;0;871
1345;0;0
2349;0;840
2390;0;854
7346;0;0
1384;0;0
1902;0;779
7273;0;779
7198;0;779
7385;0;0
1389;0;1
3388;0;1
2635;0;0
2597;0;0
2528;0;799
2644;0;670
1452;0;807
2073;0;811
1462;0;921
2084;0;739
2676;0;621
2757;0;803
2131;0;799
1631;0;769
3278;0;841
3266;0;737
1572;0;885
2487;0;843
2540;0;633
2067;0;728
1629;0;827
1950;0;677
1949;0;677
2655;0;919
2964;0;0
1650;0;930
2627;0;708
2089;0;778
1663;0;930
1670;0;930
1672;0;930
1681;0;930
2662;0;931
2621;0;649
1698;0;676
2666;0;572
2671;0;764
2692;0;764
2716;0;711
2735;0;877
1723;0;0
2769;0;714
2897;0;786
2940;0;846
2203;0;0
3030;0;770
3140;0;785
3209;0;802
3242;0;718
3265;0;761
3195;0;0
3272;0;0
1870;0;1
3271;0;1
3214;0;856
3397;0;0
3401;0;0
3390;0;0
2751;0;0
1976;0;2
1987;0;0
2578;0;1
2613;0;822
2697;0;0
2049;0;930
2660;0;0
7450;0;0
6157;0;1
3363;0;0
7452;0;1
2737;0;850
7344;0;0
2885;0;745
2205;0;981
2221;0;0
2222;0;913
7462;0;0
2259;0;861
3287;0;824
2319;0;962
2322;0;962
2327;0;0
3391;0;983
3449;0;0
3377;0;0
3436;0;0
3435;0;0
3432;0;0
7364;0;0
2382;0;895
3299;0;696
3327;0;757
3183;0;0
2440;0;869
2493;0;888
2536;0;760
2607;0;930
2652;0;826
2748;0;1015
2788;0;0
2789;0;1015
2794;0;0
2811;0;858
2900;0;804
2975;0;0
3095;0;0
3136;0;0
3138;0;962
3217;0;0
3197;0;891
3227;0;0
3228;0;0
6336;0;1
3296;0;0
3314;0;825
3394;0;865
5029;0;930
7405;0;0
7407;0;0
7430;0;710
7465;0;0
5837;0;1
7363;0;768
7376;0;0
7461;0;962
7466;0;731
