i;|Xi|;|F(Xi)|;profundidad4;dirección2;prob vecinos1
1;3564;3746
7188;3408;3703
430;3464;3723
3134;3466;3727
3026;3407;3703
3010;3407;3703
804;3485;3724
160;3465;3720
95;3549;3744
377;3407;3703
888;3444;3721
89;3542;3740
1901;3407;3703
161;3522;3741
256;3505;3734
351;3478;3730
3329;3407;3703
3341;3407;3703
649;3484;3730
1583;3407;3703
87;3525;3737
37;3544;3744
309;3505;3732
821;3444;3711
1496;3425;3706
637;3466;3725
964;3478;3725
594;3459;3719
2249;3407;3703
554;3477;3728
20;3542;3744
2227;3407;3703
1315;3405;3703
519;3496;3729
1316;3408;3703
2149;3417;3707
1724;3440;3708
18;3527;3739
57;3520;3738
118;3512;3736
3254;3478;3727
1177;3406;3703
112;3519;3738
11;3558;3744
586;3469;3718
35;3508;3735
15;3548;3743
1445;3474;3723
152;3507;3740
2;3560;3747
113;3540;3737
44;3536;3747
2401;3449;3716
10;3555;3747
2378;3441;3715
126;3517;3736
3245;3407;3703
783;3486;3726
493;3479;3730
1358;3456;3722
1180;3478;3731
529;3462;3717
333;3506;3737
1538;3461;3726
2282;3407;3703
1519;3446;3714
2966;3407;3703
474;3468;3722
330;3514;3736
958;3493;3724
17;3541;3747
1295;3498;3734
38;3526;3742
1952;3407;3703
223;3512;3737
625;3427;3709
1392;3453;3720
3355;3407;3703
1881;3407;3703
58;3551;3745
96;3522;3739
1580;3449;3720
196;3495;3732
146;3516;3739
416;3473;3728
1198;3457;3718
3319;3407;3703
1867;3445;3721
896;3451;3714
617;3479;3730
3300;3406;3703
1877;3410;3703
462;3483;3722
3279;3407;3703
454;3514;3739
1860;3439;3711
121;3522;3739
151;3466;3714
1570;3458;3714
1573;3485;3728
1063;3475;3724
1353;3431;3714
459;3491;3731
2334;3456;3722
1267;3441;3715
1060;3469;3724
1061;3467;3726
7431;3467;3728
1355;3407;3703
71;3497;3735
3070;3407;3703
2113;3407;3703
3001;3408;3704
396;3519;3742
2260;3407;3703
142;3539;3743
2238;3414;3705
123;3529;3741
2942;3407;3703
1509;3438;3709
7410;3487;3722
1760;3500;3733
2876;3407;3703
259;3522;3740
1493;3487;3730
2845;3407;3703
370;3522;3736
2844;3450;3716
2167;3487;3730
156;3539;3746
2808;3407;3703
255;3525;3737
736;3442;3711
7603;3534;3742
346;3507;3735
9;3543;3744
75;3541;3743
175;3518;3741
2754;3407;3703
22;3540;3745
155;3532;3741
1261;3408;3703
2552;3435;3708
2586;3407;3703
710;3520;3741
578;3485;3726
472;3462;3724
2472;3418;3709
1606;3416;3707
4;3552;3749
563;3469;3724
744;3473;3720
3422;3408;3703
250;3524;3740
249;3525;3744
2427;3407;3703
3414;3407;3703
1590;3484;3729
2305;3460;3720
1900;3444;3721
3392;3449;3725
1065;3486;3726
1147;3487;3727
1072;3469;3721
3375;3407;3703
1024;3445;3710
709;3428;3709
1382;3445;3721
3332;3407;3703
1885;3425;3709
3330;3407;3703
1197;3476;3721
3316;3407;3703
1886;3418;3706
154;3550;3745
1522;3450;3711
2391;3432;3709
3298;3407;3703
432;3433;3717
3292;3407;3703
3290;3407;3703
7597;3491;3731
3274;3422;3709
1875;3453;3714
291;3486;3731
158;3492;3732
1579;3447;3720
1846;3449;3716
1066;3416;3705
290;3519;3733
3233;3407;3703
891;3462;3722
247;3484;3731
1856;3462;3724
3211;3407;3703
115;3513;3732
1365;3415;3704
483;3470;3728
3210;3407;3703
3189;3406;3703
3193;3407;3703
2352;3464;3715
1847;3452;3722
3173;3407;3703
1051;3483;3722
1843;3469;3723
2342;3446;3718
7341;3491;3730
3139;3407;3703
1186;3472;3722
3167;3407;3703
3149;3407;3703
1842;3444;3713
3156;3448;3720
3141;3407;3703
817;3442;3718
1840;3479;3725
1839;3456;3722
2324;3441;3715
3143;3407;3703
3142;3407;3703
174;3527;3744
2315;3456;3722
1356;3456;3722
1835;3473;3726
296;3523;3740
3118;3407;3703
1542;3465;3716
3111;3407;3703
753;3464;3723
3088;3407;3703
395;3506;3728
3068;3407;3703
3042;3407;3703
1442;3451;3711
1339;3464;3722
596;3509;3737
2281;3411;3703
222;3528;3741
194;3496;3733
3064;3407;3703
1812;3453;3718
1796;3490;3730
701;3497;3732
124;3537;3742
3057;3407;3703
7427;3410;3704
2276;3444;3719
2271;3416;3706
1525;3470;3725
2235;3412;3707
3027;3407;3703
2090;3473;3721
1342;3509;3732
331;3498;3734
3023;3407;3703
2261;3437;3714
68;3507;3731
116;3520;3737
1043;3491;3729
3020;3407;3703
491;3516;3743
179;3533;3745
2252;3469;3726
214;3492;3725
439;3475;3723
2147;3462;3724
1167;3490;3734
697;3495;3732
67;3546;3744
1793;3434;3711
258;3522;3742
1340;3466;3724
2996;3407;3703
1520;3430;3707
1336;3486;3726
30;3546;3744
178;3511;3735
747;3465;3725
2962;3407;3703
2952;3407;3703
455;3482;3729
260;3526;3737
623;3531;3741
29;3541;3744
1510;3433;3712
2927;3407;3703
301;3474;3726
2907;3407;3703
2909;3407;3703
1148;3450;3715
955;3494;3730
1502;3481;3728
2853;3433;3708
1500;3431;3706
2178;3429;3712
1320;3450;3714
874;3487;3722
2177;3424;3706
2892;3435;3708
636;3434;3713
1034;3502;3731
1494;3500;3733
276;3489;3730
1318;3439;3713
117;3531;3741
1492;3462;3718
1302;3423;3706
1313;3431;3710
1491;3468;3718
2870;3407;3703
2181;3407;3703
1309;3478;3729
1750;3434;3711
2848;3407;3703
1458;3497;3729
951;3483;3728
1029;3490;3728
2176;3433;3707
2846;3407;3703
347;3525;3741
2173;3421;3706
2826;3407;3703
1742;3456;3717
2166;3407;3703
2823;3407;3703
2820;3408;3703
2814;3407;3703
1736;3468;3723
1025;3470;3723
1482;3453;3713
1483;3452;3711
2152;3437;3716
2806;3407;3703
1128;3478;3722
2801;3407;3703
2795;3407;3703
1290;3480;3724
1288;3499;3730
1436;3445;3714
2498;3407;3703
2784;3407;3703
587;3513;3736
2780;3408;3703
2779;3407;3703
305;3501;3726
944;3465;3719
2129;3475;3725
683;3504;3736
42;3546;3743
1136;3502;3731
1283;3483;3728
2127;3440;3712
2093;3435;3708
1284;3494;3727
72;3545;3740
264;3526;3742
2756;3407;3703
1285;3495;3728
613;3519;3741
304;3513;3735
1282;3488;3724
4721;3407;3703
1475;3494;3733
2746;3407;3703
1715;3455;3716
734;3467;3716
2108;3408;3703
1923;3407;3703
1465;3436;3708
2742;3407;3703
2117;3407;3703
1720;3427;3707
90;3560;3743
2731;3407;3703
1457;3421;3706
2725;3407;3703
2109;3415;3703
543;3454;3714
2102;3410;3703
712;3420;3707
231;3522;3734
2687;3407;3703
1708;3435;3712
1129;3466;3722
76;3508;3731
2065;3415;3704
1251;3414;3705
1248;3460;3719
725;3482;3731
2559;3407;3703
507;3475;3716
1942;3425;3705
1232;3492;3733
534;3514;3737
994;3454;3713
503;3510;3738
2448;3407;3703
846;3479;3728
1028;1;1
2367;1;1
2296;1;1
379;3485;3733
3421;1;1
3418;1;1
3402;1;1
3385;1;1
3367;1;1
3349;1;1
545;3495;3734
1589;3396;3703
3339;1;1
2402;3062;3614
3335;1;1
3317;1;1
1862;1719;3230
3313;1;1
3295;1;1
2383;2224;3376
1195;3367;3688
3283;1;1
2375;2826;3539
292;3488;3723
3256;1;1
3259;1;1
3253;3332;3680
3247;1;1
2368;1;1
1574;3382;3699
3215;1;1
3202;1;1
2351;2484;3471
3163;1;1
2338;3093;3624
1521;2321;3407
3148;1;1
3124;1;1
3113;1;1
3013;1;1
1826;2842;3536
3103;1;1
1822;2926;3568
3101;1;1
3083;1;1
3084;1;1
3078;1;1
3062;1;1
3059;1;1
2273;1;1
3048;1;1
523;3473;3720
373;3449;3715
1331;3345;3692
3004;1;1
3006;1;1
810;3260;3651
3000;1;1
2999;1;1
2989;1;1
1337;3419;3715
2941;1;1
2947;1;1
2945;1;1
2926;1;1
2217;3429;3719
1505;3164;3616
2920;1;1
2782;1;1
2904;1;1
2898;1;1
2198;3095;3594
2881;1;1
2185;3095;3594
2858;1;1
1749;3246;3631
2837;1;1
517;3410;3690
2163;3043;3594
2830;1;1
2632;1;1
796;3413;3704
2810;1;1
2144;3218;3642
2136;3219;3642
2793;1;1
2786;1;1
2783;1;1
2775;1;1
2772;1;1
2771;1;1
2767;1;1
2764;1;1
2763;1;1
2752;1;1
2750;1;1
2747;1;1
2119;3381;3701
2744;1;1
2743;1;1
2707;1;1
2713;1;1
2700;1;1
1413;3014;3583
2695;1;1
2619;1;1
2605;1;1
1117;2780;3537
300;3427;3718
7348;1;1
7425;1;1
7557;1;1
7589;3148;3622
1368;3472;3725
164;3511;3732
244;3499;3730
62;3543;3741
2244;3477;3724
148;3510;3739
7403;3487;3727
52;3538;3739
159;3527;3742
66;3533;3740
60;3517;3731
585;3502;3732
97;3528;3742
2006;3459;3724
1421;3482;3730
353;3488;3733
51;3535;3741
185;3521;3736
312;3484;3736
168;3520;3735
354;3489;3729
108;3505;3737
91;3497;3736
40;3536;3745
271;3482;3728
119;3504;3732
54;3534;3740
375;3487;3728
177;3541;3744
31;3534;3743
47;3537;3742
23;3499;3739
74;3481;3729
165;3506;3732
306;3509;3731
8;3556;3743
242;3517;3738
412;3519;3739
381;3486;3731
561;3485;3732
216;3518;3739
107;3508;3731
681;3520;3732
79;3535;3740
272;3542;3744
39;3535;3744
150;3538;3741
181;3497;3739
109;3513;3739
2404;3459;3724
24;3538;3742
19;3551;3740
7;3545;3741
348;3502;3732
473;3473;3727
1921;3481;3735
99;3522;3738
1380;3485;3727
73;3542;3742
85;3537;3740
189;3497;3732
787;3494;3732
133;3522;3740
1709;3473;3728
658;3468;3726
293;3491;3729
768;3493;3731
45;3529;3742
471;3459;3724
1632;3470;3726
281;3478;3727
269;3479;3729
2336;3513;3734
206;3476;3725
241;3492;3730
190;3521;3733
7577;3472;3725
798;3531;3738
211;3515;3740
140;3527;3743
217;3492;3736
182;3494;3735
236;3487;3731
777;3515;3740
1098;3482;3733
106;3536;3743
237;3505;3736
1401;3484;3728
1409;3478;3726
769;3467;3724
1209;3470;3726
917;3480;3732
114;3493;3728
2698;3459;3724
1127;3484;3727
1009;3484;3729
1386;3475;3726
173;3522;3740
43;3536;3739
647;3497;3731
5;3546;3741
1156;3488;3728
553;3493;3730
170;3490;3727
93;3511;3734
145;3530;3743
1523;3475;3726
350;3500;3736
77;3539;3741
1785;3485;3726
166;3541;3742
489;3497;3734
25;3549;3745
83;3513;3738
277;3530;3740
70;3532;3741
1487;3494;3729
270;3490;3729
871;3496;3730
389;3499;3735
544;3508;3730
2631;3469;3724
672;3476;3730
137;3508;3738
424;3489;3728
65;3544;3742
1693;3460;3724
475;3480;3729
449;3491;3733
1998;3464;3724
1977;3459;3724
915;3475;3725
63;3530;3742
1957;3477;3730
1635;3466;3725
508;3493;3734
2499;3459;3724
2497;3459;3724
299;3509;3732
1225;3459;3724
238;3485;3727
2488;3459;3724
1936;3459;3724
382;3487;3737
355;3494;3737
1090;3477;3730
1222;3474;3726
21;3532;3742
564;3481;3728
2459;3459;3724
774;3478;3726
209;3501;3730
1922;3476;3726
504;3473;3724
987;3459;3724
2446;3459;3724
986;3469;3730
1603;3481;3728
446;3476;3730
436;3459;3724
512;3485;3728
767;1;1
469;1;1
188;3504;3728
257;3455;3715
7400;3304;3689
263;3180;3654
562;3498;3734
1691;3491;3734
14;3524;3738
13;3525;3739
139;3489;3732
318;3522;3731
862;3283;3663
251;3427;3710
111;3507;3728
16;3544;3743
5342;3553;3738
3;3554;3742
219;3515;3725
268;1;2
2839;1;1
1929;3;3
420;3369;3699
532;3404;3716
7401;1;1
200;2907;3558
402;3495;3725
7508;784;2949
7552;3437;3711
7500;1693;3165
7482;3310;3685
7583;2788;3514
971;3410;3705
92;3518;3737
7336;3345;3676
1545;3281;3666
103;3528;3739
207;3503;3726
6;3538;3743
7380;3476;3720
287;3503;3728
754;3474;3728
26;3548;3742
34;3540;3732
525;3358;3692
56;3521;3737
1849;3281;3666
557;3425;3711
208;3462;3716
1558;3319;3676
2346;3281;3666
974;3429;3710
262;3483;3723
2001;3464;3717
815;3483;3729
120;3463;3723
492;3501;3730
1175;3457;3714
32;3557;3740
172;3533;3737
1347;3388;3701
1338;3281;3666
105;3540;3731
818;3451;3715
890;3397;3707
1362;3313;3676
1547;3281;3666
1056;3421;3702
2280;3379;3696
879;3438;3708
36;3542;3741
590;3319;3676
3260;3281;3666
1174;3398;3702
3198;3281;3666
460;3469;3719
3200;3281;3666
589;3477;3719
433;3428;3712
81;3498;3728
7509;3448;3720
973;3340;3678
1555;3350;3679
3154;3281;3666
7595;3521;3737
1361;3409;3703
2331;3309;3671
509;3486;3725
969;3420;3709
197;3531;3734
621;3476;3721
1036;3372;3693
1054;3465;3720
1818;3281;3666
358;3490;3719
748;3511;3728
88;3548;3739
163;3511;3735
1576;3281;3666
2353;3281;3666
3221;3281;3666
136;3542;3741
1367;3341;3677
7512;3506;3728
757;3486;3722
49;3526;3737
646;3373;3698
2328;3359;3684
1360;3401;3703
7377;3487;3725
2321;3281;3666
125;3522;3733
1548;3388;3701
1837;3332;3684
1834;3337;3694
703;3486;3727
1456;3463;3717
7406;3366;3694
1832;3349;3695
3105;3281;3666
641;3510;3731
320;3525;3738
885;3473;3723
632;3493;3733
2300;3281;3666
702;3394;3706
228;3511;3728
752;3483;3724
2291;3281;3666
656;3433;3708
877;3455;3714
2293;3451;3717
650;3454;3718
3328;3281;3666
720;3439;3713
1379;3473;3723
3275;3281;3666
345;3515;3735
336;3469;3720
295;3525;3738
1375;3386;3701
435;3411;3703
7390;3454;3717
12;3535;3740
1853;3363;3680
1184;3457;3717
1064;3435;3713
1560;3351;3684
988;3489;3725
203;3519;3736
976;3398;3706
289;3494;3721
7394;3471;3726
3203;3281;3666
1844;3285;3666
2053;3342;3678
1363;3462;3716
3181;3281;3666
288;3515;3728
2263;3292;3668
3132;3281;3666
1059;3469;3718
2332;3297;3668
691;3344;3678
1550;3475;3725
286;3513;3725
205;3507;3733
1359;3425;3697
1459;3439;3714
135;3505;3733
7432;3399;3703
1815;3339;3677
3127;3281;3666
1836;3386;3698
266;3527;3737
2311;3388;3701
2308;3379;3696
27;3526;3727
755;3297;3668
2306;3280;3666
5679;3445;3710
1790;3380;3707
937;3501;3732
100;3531;3735
53;3510;3733
2298;3288;3678
3087;3281;3666
1274;3368;3682
227;3523;3733
1348;3431;3709
2295;3281;3666
394;3476;3717
3043;3379;3696
2285;3290;3668
1536;3473;3724
883;3446;3710
199;3513;3729
2290;3281;3666
1816;3454;3715
1524;3397;3702
1169;3361;3680
749;3316;3671
876;3502;3720
33;3560;3742
1824;1;1
7525;3333;3689
638;3424;3710
162;3509;3727
886;3304;3681
2903;1;1
3049;1;1
7604;3510;3734
215;3443;3720
479;3461;3720
302;3459;3726
131;3525;3740
859;3389;3703
437;3483;3727
1398;3380;3699
423;3488;3729
510;3462;3729
224;3440;3723
7582;3405;3705
311;3420;3712
1230;3378;3699
1239;3417;3717
567;3412;3705
466;3417;3710
1085;3383;3700
771;3406;3705
1270;3417;3719
1264;3421;3711
3774;3405;3709
1003;3449;3729
367;3459;3723
1107;3385;3706
661;3409;3704
274;3490;3734
654;3419;3709
910;3369;3699
1091;3404;3705
84;3492;3738
531;3426;3712
501;3420;3714
583;3392;3704
1702;3462;3729
3356;3369;3699
733;3457;3728
356;3519;3736
1678;3369;3699
1010;3405;3705
7596;3453;3717
781;3412;3705
2017;3369;3699
2002;3368;3699
572;3487;3728
202;3463;3729
664;3490;3736
1636;3462;3729
326;3510;3740
341;3436;3712
538;3371;3699
1233;3419;3718
2492;3369;3699
536;3432;3719
1621;3369;3699
1415;3456;3720
323;3437;3717
1611;3389;3702
609;3461;3729
366;3459;3729
848;3412;3709
1602;3369;3699
365;3455;3724
419;3431;3716
841;3471;3728
468;3469;3729
193;3505;3732
2103;3432;3722
2405;3403;3711
411;3515;3739
807;3514;3737
1038;3508;3739
265;3526;3740
2201;3370;3699
361;3478;3731
1737;3430;3717
1139;3474;3728
386;3499;3735
727;3383;3702
1108;3395;3705
1642;3388;3702
1109;3372;3700
918;3479;3738
2511;3369;3699
570;3458;3717
716;3408;3709
313;3448;3728
718;3432;3718
1615;3369;3699
1218;3369;3699
1086;3368;3699
2485;3369;3699
7569;3381;3707
1088;3387;3702
535;3426;3715
2467;3369;3699
2468;3369;3699
2465;3369;3699
401;3494;3737
772;3388;3700
2454;3369;3699
773;3371;3700
711;3423;3715
7550;3492;3734
842;3414;3706
153;3512;3737
2442;3369;3699
840;3481;3738
2439;3369;3699
1908;3369;3699
1087;3415;3712
1909;3452;3723
626;3045;3552
7327;2768;3533
2024;1;1
1634;1;1
380;3436;3718
2997;1;1
521;3424;3711
1322;3492;3729
2868;1;1
2740;1;1
2709;1;1
603;3382;3703
191;3505;3724
248;3473;3722
372;3466;3718
982;3340;3689
1372;3283;3680
335;3374;3697
1192;3396;3699
893;3378;3704
59;3495;3721
904;3433;3711
349;3385;3693
61;3439;3708
826;3411;3703
122;3496;3722
1872;3251;3670
391;3496;3723
1068;3458;3719
7591;3400;3705
82;3489;3725
3307;3251;3670
3206;3251;3670
434;3272;3674
597;3316;3686
684;3474;3713
801;3510;3730
1373;3274;3673
110;3513;3734
7126;3252;3670
1535;3384;3702
528;3397;3703
198;3514;3736
3336;3252;3670
602;3393;3702
2395;3276;3679
599;3386;3698
245;3502;3724
1819;3312;3686
3309;3251;3670
310;3461;3719
695;3496;3724
280;3516;3736
3009;3250;3670
2386;3312;3686
484;3508;3730
2354;3253;3670
1194;3251;3670
2333;3383;3700
825;3359;3695
1378;3444;3712
1868;3251;3670
1854;3250;3670
1376;3390;3705
692;3386;3694
7444;3395;3700
1859;3281;3676
3236;3251;3670
2363;3252;3670
3231;3251;3670
2320;3313;3686
706;3429;3708
2335;3307;3682
141;3475;3718
7531;3352;3695
46;3402;3700
2360;971;3116
979;3042;3574
7568;3300;3681
1551;3105;3600
1176;1;2
2397;2976;3587
7559;1;1
2408;3296;3674
7578;3356;3682
7503;2909;3574
7480;1;1
7479;3040;3599
7510;2238;3419
7532;1806;3290
7522;1806;3290
7523;1806;3290
338;3282;3681
7544;3317;3685
7447;2512;3476
7521;3344;3698
7477;1;1
384;3449;3718
7575;3181;3650
3516;3311;3677
7423;613;2961
7485;1;1
759;3467;3723
946;3507;3726
7585;3390;3705
7563;3454;3721
3133;2873;3542
7433;2792;3522
7516;3337;3674
7457;3317;3653
314;3442;3714
7514;3297;3647
3305;3260;3651
524;3312;3670
809;3371;3684
1057;3369;3684
1541;3375;3690
1371;3260;3651
1571;3379;3693
1185;3424;3707
1566;3396;3704
1350;3260;3651
549;3473;3720
526;3452;3707
431;3478;3725
1546;3276;3656
1461;3289;3664
458;3411;3704
1374;3397;3700
7420;3275;3651
2376;3356;3676
3222;3260;3651
3158;3260;3651
2326;3261;3651
728;3439;3707
278;3492;3722
1830;3377;3687
7415;3304;3676
104;3498;3720
1157;3317;3659
2384;3260;3651
2371;3279;3657
1578;3424;3711
3176;3260;3651
3155;3260;3651
1254;3459;3714
1179;3432;3710
1055;3343;3680
7554;3385;3700
522;3456;3724
1152;3427;3700
3112;3276;3656
3096;3435;3708
3066;3260;3651
3092;3260;3651
750;3454;3717
1346;3437;3709
149;3505;3733
2292;3260;3651
1776;3377;3685
7528;3369;3684
1450;3364;3685
408;3512;3728
138;3264;3668
1069;1331;3021
1395;1;1
41;1;2
3365;1;1
1865;3034;3586
3229;1330;3021
3192;1;1
1178;3397;3692
7551;3251;3642
642;3409;3712
7587;3272;3665
7517;3469;3718
7536;3471;3722
1151;3295;3674
429;3396;3699
956;3396;3697
640;3445;3725
2211;3296;3674
98;3488;3721
696;3455;3713
878;3415;3701
1782;3296;3674
1768;3296;3674
1310;3296;3674
417;3421;3709
666;3469;3722
980;3396;3706
645;3482;3720
371;3480;3727
7562;3456;3720
1171;3412;3708
2981;3296;3674
506;3479;3723
1325;3332;3684
2922;3296;3674
686;3519;3735
1287;3426;3711
1495;3417;3705
2192;3306;3677
2866;3297;3675
497;3346;3686
2361;3297;3674
3378;3295;3674
2381;3302;3677
614;3512;3736
6369;3441;3715
253;3490;3726
6014;3436;3705
3145;3334;3686
1649;3381;3698
3002;3300;3675
2302;3358;3694
2301;3372;3699
882;3454;3715
221;3386;3700
7590;3403;3700
699;3383;3697
3019;3329;3683
1046;3378;3699
7501;3345;3687
3011;3296;3674
1162;3509;3726
204;3485;3728
1516;3347;3689
743;3415;3706
2987;3296;3674
1153;3300;3675
1033;3465;3719
7588;3498;3726
1784;3400;3704
362;3497;3726
1308;3367;3691
7442;3329;3682
319;3515;3736
1757;3390;3696
2210;3386;3703
2923;3296;3674
2209;3337;3690
7565;3540;3741
7600;3420;3706
452;3471;3723
2869;3296;3674
2889;3296;3674
687;3466;3723
7566;3366;3689
2142;3379;3692
1731;3427;3706
2358;3419;3710
321;3422;3710
7602;3439;3717
7601;3426;3712
7599;3395;3697
7598;3451;3720
7594;3403;3702
1499;1;1
2307;1;1
3351;1;1
3177;1;1
3052;1;1
407;1;1
1317;3266;3661
7540;3250;3641
7567;1;1
7504;3196;3654
7398;3419;3713
7507;3019;3585
7558;2621;3518
7574;1;1
7586;3288;3690
7484;1;1
7513;3412;3712
7506;2;3
7417;3;3
7505;1;1
7483;2236;3368
7535;2238;3369
500;3451;3723
1518;3428;3709
600;3354;3688
2330;3437;3711
1343;3394;3702
892;3447;3714
3018;3322;3676
487;3541;3740
308;3507;3732
7515;3322;3676
3159;3322;3676
3131;3322;3676
3116;3322;3676
451;3500;3729
962;3446;3715
2253;3328;3676
2921;3322;3676
1159;3500;3732
201;3522;3737
869;3466;3716
157;3501;3725
3028;3322;3676
981;3467;3724
694;3477;3725
1556;3359;3689
1788;3461;3712
1041;3431;3713
1298;3423;3702
961;3460;3713
2955;3322;3676
2172;3431;3702
284;3516;3737
1896;1;1
3400;1;1
2344;2721;3529
128;3495;3728
2389;3176;3641
983;3344;3697
707;3388;3704
225;3482;3732
3369;2;2
393;3447;3715
591;3448;3711
547;3375;3696
739;3501;3733
592;3474;3729
457;3116;3599
1794;3429;3713
812;3185;3621
317;3290;3661
147;3359;3683
360;3503;3730
427;3415;3707
7352;1;1
7362;1;1
7361;1;1
7359;1;1
7360;1;1
7358;1;1
7496;1;1
7382;1;1
7357;1;1
7354;1;1
7356;1;1
7355;1;1
7353;1;1
7489;1;1
7487;1;1
7495;1;1
7494;1;1
7493;1;1
7492;1;1
7491;1;1
7490;1;1
7486;1;1
7488;1;1
7351;1;1
7350;1;1
1883;3431;3719
2821;3329;3685
3129;1;1
4017;2173;3382
593;3477;3725
130;3510;3741
78;3521;3735
2031;2542;3449
7328;3495;3729
758;1792;3217
229;3416;3705
780;2947;3589
1104;2500;3471
5446;1;1
4934;3428;3722
665;791;3029
7345;1;1
1584;2;3
6792;3;3
527;3;3
7347;1;1
7381;1;1
7408;1;1
7475;1;1
7474;1;1
7543;1;1
7542;1;1
7470;1;1
7459;1;1
7472;1;1
7471;1;1
7435;2934;3560
7412;3329;3686
176;3445;3719
267;3477;3729
1478;3410;3715
1163;3405;3711
2819;3333;3688
1023;3427;3713
2777;3333;3688
546;3392;3704
548;3427;3711
2727;3347;3690
1734;3420;3717
315;3506;3738
943;3427;3712
854;3472;3731
2124;3365;3696
513;3379;3695
1714;3435;3722
2122;3423;3717
1048;3417;3712
329;3486;3727
2992;3333;3688
316;3490;3734
1484;3382;3699
2479;3347;3690
2145;3371;3695
409;3476;3725
2781;3333;3688
2770;3333;3688
1476;3438;3722
2128;3371;3700
467;3479;3729
7387;3350;3691
622;3427;3711
1721;3341;3691
2760;3333;3688
132;3495;3736
824;3470;3727
7518;3469;3721
1743;3349;3696
977;1;1
518;3346;3685
234;3410;3709
1725;1;1
443;3415;3705
1470;3172;3616
2139;3315;3665
2141;1;1
7388;2962;3553
1286;1;1
1726;2393;3399
1292;3333;3690
1472;3187;3672
7334;3457;3723
7537;1;1
7534;1;1
7564;3502;3734
334;3466;3726
187;3515;3740
2179;3479;3730
102;3508;3736
975;3455;3718
935;3449;3724
1797;3438;3715
2250;3453;3715
1040;3444;3717
1424;3429;3712
1772;3437;3718
2204;3426;3713
1150;3457;3721
1762;3461;3725
2190;3417;3709
1018;3447;3717
482;3492;3732
413;3465;3723
1673;3429;3717
1562;3479;3730
3122;3417;3709
1111;3453;3725
1031;3482;3729
3014;3417;3709
2986;3417;3709
456;3484;3733
1137;3475;3731
1327;3451;3724
941;3498;3733
2957;3417;3709
741;3434;3716
2215;3445;3720
1324;3453;3723
2908;3488;3731
639;3505;3733
1146;3446;3723
2787;3421;3710
2188;3423;3712
69;3532;3740
1307;3439;3715
2778;3417;3709
914;3459;3724
48;3523;3737
1078;3444;3720
383;3481;3728
2582;3417;3709
1981;3422;3712
2558;3417;3709
226;3509;3738
1992;3429;3715
1430;3443;3721
1988;3417;3709
478;3484;3728
1967;3417;3709
2519;3417;3709
719;3459;3726
7438;3417;3709
569;3443;3716
970;1;1
1044;2310;3378
3135;1;1
967;3428;3708
327;3491;3727
7399;1;1
1513;3473;3726
552;3478;3726
1116;3470;3721
398;3478;3725
6878;3429;3719
171;3464;3723
1030;3444;3720
799;3488;3723
2802;3435;3720
942;3480;3724
762;3462;3721
3345;3430;3719
1887;3429;3719
1190;3461;3721
894;3448;3723
494;3488;3729
3269;3430;3719
2356;3429;3719
966;3478;3727
7538;3439;3719
2257;3467;3725
488;3445;3723
1512;3429;3719
1775;3446;3720
1508;3445;3722
1767;3446;3722
2915;3429;3719
550;3476;3728
7593;3450;3722
949;3494;3728
1755;3462;3722
1145;3480;3727
1754;3445;3720
1311;3429;3719
2865;3429;3719
634;3460;3722
2168;3432;3719
735;3478;3729
870;3480;3726
1716;3454;3720
1697;3488;3727
732;3479;3727
7446;1;1
1871;3046;3621
7434;3320;3694
3224;1;1
2918;1;1
2180;3102;3583
1748;1;1
2791;1;1
7445;3165;3652
680;3433;3714
183;3466;3728
7499;3423;3707
7573;3305;3660
7592;3326;3668
4910;1;2
651;3404;3703
1586;3294;3687
751;3376;3704
1577;3210;3652
627;3413;3706
898;3294;3684
1210;3406;3705
3354;3177;3648
3366;3176;3648
496;3390;3703
530;3487;3730
376;3456;3719
2396;3197;3658
1873;3389;3702
7391;3321;3691
397;3358;3695
3297;3176;3648
1553;3395;3710
3293;3176;3648
822;3419;3717
3281;3177;3648
1861;3225;3663
3234;3176;3648
1187;3347;3695
3232;3176;3648
3060;3079;3594
7337;3120;3606
1050;3114;3596
1052;3079;3594
3119;3079;3594
5389;3228;3630
2275;3078;3594
1168;3155;3611
1534;3079;3594
1529;3079;3594
965;3113;3596
1817;3079;3594
3075;3080;3594
2277;3079;3594
2284;3100;3598
1172;3100;3598
1528;3100;3598
7397;3283;3654
1813;3228;3630
2283;3079;3594
2270;3099;3598
1533;3079;3594
279;3459;3715
1531;3162;3611
3241;3080;3594
1332;3327;3676
3180;3089;3594
1182;3114;3596
1831;3101;3601
3144;3079;3594
1828;3180;3612
1808;3100;3598
884;3180;3612
1351;3474;3723
3089;3079;3594
1537;3158;3611
3045;3078;3594
1807;3163;3611
2278;3100;3598
3076;3079;3594
3073;3079;3594
952;3174;3615
3072;3079;3594
1810;3079;3594
3061;3079;3594
3047;3079;3594
3056;3079;3594
2243;3079;3594
3054;3079;3594
1532;3103;3598
3051;3079;3594
3050;3079;3594
1335;3132;3610
3046;3079;3594
2268;3113;3596
881;3246;3630
2267;3100;3598
2266;3079;3594
3041;3080;3594
3039;3079;3594
3037;3079;3594
3036;3080;3594
3038;3079;3594
5533;3398;3701
127;2;3
659;2970;3582
1394;1;1
2288;1;1
1049;1162;3093
428;3325;3690
7580;3196;3625
1759;3043;3594
3370;1;1
2355;2886;3546
2279;2295;3358
1497;3350;3691
7549;1;1
7478;1;1
7429;1660;3226
392;3466;3727
1027;3365;3680
1289;3416;3694
1481;3234;3644
588;3470;3720
693;3462;3726
689;3429;3699
1730;3394;3690
1333;3243;3646
1158;3348;3673
2825;3219;3642
50;3525;3738
2818;3219;3642
2157;3226;3642
2148;3361;3681
542;3434;3709
1293;3379;3699
1256;3306;3673
2146;3221;3643
2804;3219;3642
945;3414;3706
2138;3219;3642
939;3412;3706
2796;3219;3642
2135;3371;3692
4057;1;1
2813;1;1
2812;1;1
2134;1;1
7335;3443;3716
352;3337;3686
64;3461;3719
246;3468;3717
86;3449;3720
233;3370;3695
953;3386;3695
605;3387;3699
192;3430;3712
3447;3336;3686
766;3350;3694
1074;3357;3692
558;3336;3686
1596;3345;3689
1894;3336;3686
498;3405;3703
698;3345;3687
2436;3337;3687
1396;3336;3686
3410;3337;3687
7161;3336;3686
378;3348;3690
984;3364;3697
180;3376;3695
186;3347;3690
499;3364;3697
832;3375;3697
900;3378;3697
2289;3336;3686
1134;3449;3712
2434;3341;3687
906;3392;3700
1906;3346;3692
905;3370;3692
2426;3336;3686
1895;3365;3697
374;3470;3717
2417;3377;3699
7087;3417;3705
3372;3375;3697
7063;3337;3686
94;3409;3703
3120;3342;3690
438;3467;3719
1471;3442;3706
853;3474;3727
682;3376;3702
7386;3375;3698
337;3424;3698
897;3237;3647
1202;3065;3605
230;3108;3610
3451;2870;3562
2437;1;1
3443;1;1
3448;1;1
2287;2954;3556
7325;1;1
2433;1;1
3442;1;1
3382;1;1
3439;1;1
2432;1;1
1075;1;1
1390;1;1
1599;1;1
3438;1;1
2422;1;1
604;2937;3582
2431;1;1
902;3042;3599
1905;1;1
3437;1;1
653;1;1
3434;1;1
7310;1;1
3433;1;1
3430;1;1
3431;1;1
1208;1984;3343
1904;1;1
3427;1;1
2428;1;1
1903;1;1
6921;1;1
3091;1;1
3286;2954;3556
7369;2917;3576
764;1;1
2312;1;1
1393;3132;3620
3407;1;1
1205;1;2
2633;1;1
1070;1;1
1387;3183;3646
1385;1;1
2828;3242;3636
1891;1;1
7330;1;1
7321;1;1
7312;1;1
3428;2755;3533
400;2130;3390
7368;1;1
7366;1;1
7560;3400;3696
7393;1;1
55;3464;3716
80;3451;3717
1249;3273;3651
369;3441;3719
7379;1;1
2445;3217;3653
779;3407;3713
442;3403;3707
993;3342;3678
655;3380;3695
1664;3217;3653
565;3320;3685
470;3263;3666
101;3465;3723
2003;3217;3653
1983;3217;3653
1640;3217;3653
1925;3217;3653
3194;3217;3653
2340;3239;3657
2954;3217;3653
2206;3423;3706
2950;3217;3653
2944;3217;3653
2930;3217;3653
1326;3367;3703
926;3378;3697
2565;3217;3653
2556;3217;3653
850;3392;3706
537;3377;3702
1093;3232;3657
298;3413;3708
1610;3217;3653
1083;3352;3699
1917;3222;3654
1914;3237;3658
1212;3266;3663
1910;3217;3653
134;3390;3702
1407;1;1
2077;1386;3052
1427;3412;3698
406;3468;3724
607;3215;3642
1300;3352;3687
1746;3343;3688
1735;3329;3685
2125;3329;3685
212;3486;3731
1304;3356;3689
344;3374;3698
660;3457;3719
934;3367;3695
5140;3329;3685
1305;3398;3701
1490;3394;3701
1489;3368;3695
2143;3371;3691
1732;3422;3710
2738;3329;3685
2105;3360;3693
1989;3331;3686
580;3450;3723
516;3457;3717
2797;1;1
243;3242;3645
872;3223;3638
1170;3242;3644
860;3180;3635
1306;3114;3599
220;3371;3682
690;3370;3702
868;3114;3599
1130;3466;3732
2199;3331;3680
1800;3114;3599
2228;3114;3599
866;3305;3662
1703;3208;3630
1564;3392;3711
1526;3288;3666
1164;3377;3682
2200;3114;3599
2803;3114;3599
7372;3474;3722
630;3290;3676
2091;3252;3648
1271;3331;3675
2693;3114;3599
729;3417;3703
2086;3252;3648
3053;3114;3599
954;3439;3709
2961;3115;3599
2690;3114;3599
2118;3304;3668
2758;3114;3599
2097;3301;3665
1477;3265;3658
2106;3221;3638
2710;3114;3599
294;3;3
2247;1;1
708;3376;3700
3364;3260;3672
1370;3400;3708
1199;3332;3690
1882;3407;3710
551;3349;3690
1581;3260;3672
2388;3319;3691
3185;3260;3672
3373;1;1
332;3476;3720
1042;3263;3645
730;3382;3696
1771;3263;3645
7547;3288;3660
1269;3418;3702
1301;3380;3701
738;3385;3673
700;3451;3723
2759;3284;3641
254;3441;3706
579;3349;3666
1004;3406;3692
669;3428;3709
2520;3284;3641
2486;3284;3641
235;3458;3702
916;3225;3648
1297;455;2889
1986;1;1
28;3464;3723
210;3463;3725
1638;3449;3725
2317;3383;3702
2239;3381;3701
851;3452;3724
1132;3461;3729
2310;3387;3702
7555;3387;3701
2171;3402;3705
1258;3443;3723
685;3437;3714
2159;3381;3701
2817;3381;3701
933;3410;3709
2773;3381;3701
1278;3429;3712
2638;3381;3701
2079;3383;3701
539;3399;3704
7579;3441;3712
1113;2521;3457
342;3046;3561
802;3324;3690
2651;1;1
2255;2926;3541
940;2721;3500
1744;1;1
2745;1;1
1138;1;1
1082;2915;3557
440;3300;3681
1416;2916;3557
129;3484;3734
844;3247;3661
932;3383;3690
1422;2915;3557
770;3391;3712
1220;3062;3593
1613;2927;3557
713;3138;3629
167;3482;3723
847;2915;3557
1400;2952;3568
845;3213;3629
908;3200;3631
1911;2915;3557
1226;3372;3695
2443;3321;3689
2447;2915;3557
1402;3066;3612
1080;2916;3557
1601;3166;3632
2438;2914;3557
1131;3216;3640
843;1;1
2441;1;1
1919;3334;3683
485;3478;3730
3147;3332;3680
143;3450;3720
643;3455;3726
7548;3250;3641
1165;3360;3688
1787;3250;3641
663;3425;3712
1792;3340;3676
3082;3250;3641
813;3473;3723
7553;3422;3709
2980;3250;3641
1764;3395;3706
2196;3302;3660
1032;3412;3709
3071;1;1
1155;1;1
6257;3317;3653
1294;3315;3653
3304;3316;3653
1876;3326;3654
2372;3345;3663
2650;3316;3653
1568;3416;3704
7443;3372;3674
1946;3387;3678
505;3464;3702
1711;3359;3675
1021;3421;3691
760;2;2
1035;2828;3543
1501;3128;3598
816;1;1
6736;3052;3630
2387;3188;3656
2418;3256;3679
6667;3052;3630
6317;3052;3630
3074;3051;3630
6290;3052;3630
6131;3052;3630
3166;3164;3653
195;3234;3665
726;2947;3593
1455;2869;3577
2602;2398;3414
1674;2421;3422
275;2530;3451
2028;2398;3414
2022;2398;3414
7561;2587;3455
1255;2934;3580
671;3229;3662
2064;2762;3534
677;2976;3577
322;3397;3702
1120;3234;3649
2620;2398;3414
931;3287;3672
857;3413;3699
670;3225;3649
1237;3021;3607
2604;2398;3414
1449;3369;3693
2029;2600;3458
675;3111;3626
2585;2398;3414
514;3225;3645
1007;2610;3458
2385;3226;3662
1188;3237;3667
3264;3226;3662
7426;3228;3662
960;3449;3721
1149;3417;3704
1517;3468;3720
2256;3332;3674
3191;3332;3674
3164;3332;3674
1552;3347;3681
1540;3359;3677
3100;3332;3674
3080;3331;3674
2970;3332;3674
2972;3332;3674
7421;3035;3619
1103;671;2999
285;3403;3705
1569;3369;3685
2977;3266;3661
566;3414;3714
1506;3316;3679
2365;3176;3641
3312;3176;3641
307;3375;3702
1774;3237;3658
7411;3250;3660
2132;3113;3623
2878;3351;3687
1144;3406;3696
629;3468;3721
1280;3453;3721
2968;3351;3687
1191;3404;3704
1833;3390;3698
7428;3405;3702
1166;3395;3705
2932;3396;3702
1314;3441;3717
635;3445;3715
2150;3396;3702
2809;3351;3687
2007;3371;3699
2596;3351;3687
540;3451;3720
404;3484;3732
3322;1;1
1349;3078;3593
1766;3150;3614
2414;3089;3624
2369;3437;3718
1863;3282;3677
1352;3350;3695
3362;3089;3624
490;3414;3711
1381;3334;3693
2350;3089;3624
2807;2917;3576
800;3369;3686
232;3450;3715
598;3410;3716
2208;2937;3585
1597;3312;3673
6434;2918;3576
2223;3059;3606
486;3089;3615
1689;3198;3663
4888;2917;3576
3999;2918;3576
2561;3128;3640
1658;3211;3661
3441;1;1
7384;1;1
2379;3083;3618
1067;3174;3635
3368;3083;3618
2374;3089;3618
3187;3083;3618
2377;3304;3656
1173;3277;3660
657;3285;3685
297;3391;3709
610;3431;3719
990;3300;3690
1076;3352;3699
7371;3330;3697
1399;3263;3685
1926;3246;3679
1019;1;1
601;3403;3685
7448;1;1
1047;3224;3639
947;3267;3652
742;3275;3652
2914;3202;3636
2906;3201;3636
2399;3216;3640
3108;3202;3636
2967;3202;3636
2577;3203;3636
1141;3201;3636
793;3283;3671
2841;3202;3636
2840;3202;3636
2162;3203;3636
7456;3202;3636
618;349;1611
7392;1;1
2313;1;1
2232;1;1
3310;1;1
3044;1;1
1728;2999;3579
7454;1;1
2111;3204;3634
2070;3173;3616
7533;3184;3629
784;3353;3689
785;3438;3717
515;3254;3651
2016;3172;3616
240;3342;3683
1276;3283;3664
1125;3198;3634
2630;3172;3616
1001;3240;3646
924;1;1
2873;1;1
1243;3361;3692
792;3422;3720
2891;3334;3683
3033;3334;3683
2140;3335;3683
2126;3383;3693
1279;3379;3705
1718;3401;3705
1717;3375;3704
1628;3412;3720
2531;3334;3683
717;3401;3698
1077;3401;3689
1600;3357;3689
989;3334;3683
1224;2840;3565
1214;2214;3313
2314;3130;3602
2919;1;1
606;2316;3343
5415;2;2
2979;2587;3482
7526;3351;3681
863;3448;3713
992;3358;3669
2155;3367;3689
2241;3363;3674
2579;3337;3667
912;3415;3696
715;3468;3729
1618;3364;3688
1795;3274;3682
1791;3285;3678
1779;3360;3695
1783;3284;3677
1778;3227;3666
2936;3227;3666
1328;3431;3711
1899;1;1
2078;1;2
5392;2153;3271
7378;1;1
7584;3434;3725
608;3226;3654
445;3336;3686
1729;3216;3640
803;3340;3690
476;3342;3687
1429;3216;3640
662;3282;3658
340;3372;3688
2541;3141;3625
865;3379;3704
920;3207;3641
1106;3235;3641
2502;3141;3625
1947;3151;3626
533;3142;3625
1404;3328;3677
1928;3177;3627
1623;2559;3435
1943;1;1
1933;1;1
7395;1;1
7520;510;2861
7571;852;2926
7576;2994;3592
3015;2295;3358
3035;2891;3537
1801;2296;3358
1827;2295;3358
2258;2803;3541
1530;2968;3562
1805;2995;3572
3178;2298;3358
2718;2294;3358
3102;2294;3358
2303;2295;3358
3063;2295;3358
2272;2879;3533
3032;2295;3358
1803;2878;3533
3308;1;1
3303;1;1
3174;1;1
3065;1;1
2116;3085;3625
169;3462;3727
2114;3085;3625
1235;3264;3690
2741;3085;3625
1920;3110;3629
2734;3085;3625
1473;3393;3704
2677;3085;3625
568;3446;3728
7402;3278;3676
7511;3231;3675
1094;2965;3578
1420;1535;3116
830;3427;3711
3289;3093;3624
1874;1;1
7436;1601;3238
1241;3304;3686
633;3308;3662
875;3076;3617
721;3342;3689
1428;3283;3673
1948;2955;3587
2883;2954;3587
2880;2955;3587
1140;3423;3705
1667;2981;3606
778;3136;3648
576;3219;3657
403;3479;3725
1975;3122;3629
1974;3034;3607
1417;3430;3709
1236;3102;3625
1932;3069;3619
1756;1;1
2182;1582;3175
1751;1;1
1020;3412;3708
1809;3362;3698
2887;3258;3654
2879;3258;3654
2151;3258;3654
2798;3258;3654
2133;1;1
7389;3333;3687
2902;3103;3583
2893;3102;3583
2195;3102;3583
2886;3102;3583
2896;1;1
464;3360;3694
2380;3387;3701
3417;1;1
1959;2696;3462
7545;1;1
7463;1;1
368;3232;3644
2557;3021;3598
328;3482;3735
2995;3227;3630
283;3170;3646
673;3151;3649
144;3347;3680
688;3186;3644
1189;2832;3554
390;3350;3670
1454;2687;3504
2237;2825;3543
2943;2634;3498
2872;2634;3498
2854;2634;3498
1319;1;1
1763;1;1
385;3258;3655
2220;1;1
3107;2941;3596
1567;2941;3596
2337;2941;3596
1539;2969;3598
421;3039;3601
1480;2999;3579
2160;2999;3579
1733;3042;3602
2120;2999;3579
1719;2999;3579
2098;3001;3579
252;3477;3725
2656;2999;3579
2137;2999;3579
2107;2999;3579
2576;2999;3579
2508;2999;3579
357;3417;3703
2637;2999;3579
2595;2999;3579
1963;3005;3579
1657;3006;3579
1135;2;2
2766;1;1
704;3369;3703
2403;3282;3681
1383;3294;3684
1582;3305;3684
1893;3293;3690
3352;3282;3681
3361;3282;3681
3348;3282;3681
3344;3282;3681
3226;3282;3681
1544;3330;3696
3218;3282;3681
648;3331;3697
3411;1;1
2419;1;1
7349;1;1
7422;2236;3418
3270;2840;3549
2362;3150;3636
2364;3109;3611
740;3306;3677
1773;2859;3571
1504;2859;3571
2184;2859;3571
3093;2516;3447
3081;2516;3447
1614;2517;3447
2398;2516;3447
3196;2516;3447
2366;2516;3447
3161;2516;3447
3150;2515;3447
3126;2516;3447
3123;2515;3447
3130;2516;3447
3104;2516;3447
3098;2516;3447
3085;2516;3447
1814;2946;3556
3077;2516;3447
972;1523;3199
1851;1736;3232
705;2829;3530
3186;1;1
1781;3017;3600
899;3105;3600
2483;3105;3600
1095;3184;3624
2453;3105;3600
3406;2609;3483
2816;2609;3483
2429;1;1
2430;2500;3480
3409;578;2984
2416;1;1
520;3346;3686
1554;3036;3599
1200;1;1
7365;1;1
1939;3211;3648
2682;3211;3648
2071;3225;3650
1460;3230;3654
786;3222;3649
7570;3287;3662
1651;3240;3658
1662;3232;3653
2544;3211;3648
1984;3211;3648
2018;1;1
7572;1;1
2851;3102;3607
2856;3102;3607
2594;3102;3607
1242;1;1
1646;1;1
615;3438;3715
422;3451;3714
746;3344;3669
453;3463;3723
2800;3296;3656
814;2857;3531
2262;2857;3531
1364;2858;3531
1866;2856;3531
3121;2857;3531
3099;2857;3531
2297;2858;3531
3029;2856;3531
1804;2941;3573
1105;3248;3649
3024;1;1
1780;3187;3626
1758;3359;3692
2874;3043;3594
1752;3043;3594
2863;3043;3594
2861;3043;3594
2850;3043;3594
2847;3044;3594
2169;3071;3596
2153;3205;3615
1485;3043;3594
2183;3095;3594
2121;2689;3471
2175;3268;3658
745;3007;3568
968;2761;3495
2969;2761;3495
2234;2785;3497
2768;3272;3655
2761;3149;3626
324;3275;3663
3347;3149;3626
1838;3200;3637
2762;3149;3626
447;3291;3666
2449;1;1
463;3337;3669
3346;3161;3639
3342;1;1
7464;1;1
1263;2689;3508
1259;3018;3595
1605;2689;3508
1448;2689;3508
1648;2832;3537
1620;3201;3641
2857;3279;3666
1017;437;2892
775;3412;3704
1100;3423;3704
2685;2875;3524
2696;2876;3524
2626;2876;3524
2046;2876;3524
2037;2894;3529
678;2903;3528
303;3119;3607
1011;3342;3682
1684;2976;3545
480;3157;3630
911;3214;3645
1941;2876;3524
339;3217;3640
619;3144;3623
938;3362;3695
1118;3264;3661
2667;3208;3642
1440;3318;3672
1133;3273;3653
511;3261;3638
1511;3239;3646
1022;3353;3679
2739;2984;3562
2083;2986;3562
2051;2984;3562
1705;3163;3636
2723;3075;3615
2099;3106;3624
1704;3075;3615
2688;3075;3615
2683;3075;3615
2654;3074;3615
2678;3075;3615
2672;3075;3615
2675;3076;3615
1700;3074;3615
2670;3075;3615
2749;3075;3615
1660;3121;3626
2104;3186;3634
2068;3200;3647
2706;3075;3615
405;3390;3691
2708;3075;3615
2530;3075;3615
2101;3078;3616
1273;3089;3618
1468;3285;3680
2087;3085;3616
2092;3085;3616
2694;3075;3615
624;3075;3615
555;3164;3624
2991;2499;3451
2925;2599;3479
184;3225;3637
2357;2929;3569
3331;3163;3620
3250;2813;3535
3244;2813;3535
3416;2885;3569
3360;2885;3569
3343;2885;3569
7419;3373;3697
2960;3109;3614
450;3008;3590
909;3129;3591
1423;3009;3594
1616;3203;3645
2481;2878;3541
1619;3108;3613
3415;3247;3640
2373;3289;3667
2951;3247;3640
399;2133;3336
3440;1;1
3444;1;1
1204;1;2
3395;1;1
3393;1;1
1593;2947;3578
3383;2789;3558
1045;3378;3702
1884;3206;3661
3318;3136;3633
3306;3136;3633
1880;3179;3642
2080;3136;3633
7473;1;1
461;3269;3657
3235;3269;3657
1405;3332;3680
1201;1686;3256
7404;1;1
2043;3211;3645
1193;3126;3613
2269;3090;3609
1690;3169;3641
2628;3088;3608
2625;3088;3608
2623;3088;3608
1453;3361;3691
2033;3087;3608
2096;2415;3413
7439;1;1
2038;3282;3670
441;3265;3682
1665;3244;3685
1084;2991;3627
7546;3070;3617
7424;3089;3613
1053;3357;3700
1323;3180;3636
2985;3040;3597
1425;2143;3329
3208;1;1
1821;2887;3546
7468;3034;3586
3171;3034;3586
3412;1;1
3284;1;1
7342;1;1
7469;1;1
3179;3297;3682
2410;3329;3689
3403;3297;3682
1889;3321;3685
3246;3297;3682
2304;3384;3708
1829;1;1
2953;1;1
3302;1;1
7497;1;1
7339;1;1
7581;3322;3686
3404;3142;3634
3387;3142;3634
3379;3142;3634
2412;3143;3634
3425;1;1
2411;1;1
273;3278;3672
1706;3214;3640
925;3264;3650
1488;3372;3691
996;3214;3641
919;1;1
7451;1;2
1272;3251;3663
2019;3017;3600
444;3371;3698
2473;2970;3582
2624;1;1
1993;1;1
2455;1;1
827;3133;3595
1694;3205;3623
2720;3132;3595
2490;3132;3595
2580;2557;3414
1247;2881;3546
1990;2792;3529
1005;2793;3529
1434;2793;3529
1244;2884;3547
481;2900;3553
1013;2796;3532
856;2806;3536
7329;1;1
6644;3139;3612
2229;3299;3650
6958;2831;3576
3353;2831;3576
1879;2836;3576
3445;1;1
1397;1;1
1388;3042;3599
1915;3320;3676
2041;3227;3661
1058;3217;3637
1777;3296;3655
2610;2975;3576
1099;3346;3693
2663;2975;3576
2842;2974;3576
1683;3291;3671
2005;3016;3600
1951;3107;3604
1431;3051;3615
668;3143;3636
7524;3067;3609
722;3189;3629
922;3050;3595
999;3033;3593
1930;3042;3603
959;3050;3592
2309;2997;3571
2274;2958;3559
7418;2963;3566
7539;1;1
3031;2935;3588
502;3249;3659
1607;3182;3624
1594;3011;3601
2415;2789;3558
3398;1;1
3429;1;1
3426;1;1
3423;1;1
2413;1;1
3374;1;1
7370;1;1
3220;2988;3583
3213;2988;3583
3251;2988;3583
3285;3035;3619
3137;3035;3619
957;3094;3594
2933;3183;3644
2931;3183;3644
410;3232;3659
2911;3183;3644
2702;3183;3644
2193;3184;3644
2805;3183;3644
765;2328;3406
1592;2943;3567
2521;2808;3557
1071;2874;3564
2170;3021;3581
2165;3021;3581
2066;3109;3611
2684;3020;3581
2864;3021;3581
2862;3021;3581
2855;3021;3581
2838;3021;3581
343;3220;3645
325;3180;3618
1738;3084;3607
2774;1;1
1811;3406;3709
1671;657;2860
7556;1;2
2299;3376;3702
1820;3297;3666
3079;3242;3652
3408;3049;3612
3396;3049;3612
2394;3120;3621
7502;3049;3612
7367;1;1
2225;3345;3698
3381;2947;3578
3371;1;1
2673;1;1
2421;1589;3211
1559;2859;3541
1591;1;3
895;3025;3596
3321;2826;3539
3294;2826;3539
3282;2826;3539
1227;2966;3546
1228;2828;3520
1216;2828;3520
1096;2907;3536
1097;1;1
1092;1;1
1231;1;1
1223;1;1
998;2638;3493
1217;1;1
1215;1;1
1211;1;1
1213;1;1
1079;1522;3146
1081;3118;3615
1418;1;1
1414;1;1
1408;1;1
1412;1;1
1411;1;1
1410;1;1
997;2030;3334
991;2721;3526
1403;1;1
1406;1;1
1219;2961;3567
1089;2697;3517
1609;1;1
1608;1;1
1437;3210;3657
3182;2803;3527
1439;2803;3527
849;3045;3592
2575;2803;3527
2572;2803;3527
1659;3058;3572
2549;2803;3527
2551;1;1
3212;3062;3573
791;2807;3541
2701;2858;3523
2653;1;1
2216;3148;3634
1850;2085;3320
2993;2085;3320
3267;3041;3590
2895;3039;3589
2242;3095;3609
2406;3157;3638
2526;3017;3600
2527;3105;3631
852;3054;3604
2245;3017;3600
2717;3016;3600
2094;3017;3600
477;2180;3290
2509;2632;3488
2510;2792;3547
1641;2632;3488
2507;2632;3488
2522;2632;3488
2518;2632;3488
2514;2632;3488
2515;2632;3488
2568;3115;3626
1644;3120;3626
2318;3314;3681
2584;3114;3626
7498;3389;3690
7481;2584;3515
3389;2584;3515
2325;2642;3531
1039;3456;3717
2236;3171;3630
1770;3249;3653
2905;2553;3460
1026;2589;3466
3094;2553;3460
1357;2908;3566
495;3047;3586
1377;1792;3217
1561;3085;3602
3262;1792;3217
1888;2621;3461
2348;3217;3646
3384;3267;3659
1761;3217;3646
737;3225;3648
2469;3217;3646
2456;3217;3646
7440;3236;3660
3152;1;1
2251;2141;3355
1852;3075;3585
541;3328;3676
763;3126;3605
2226;3075;3585
2197;3116;3591
2219;3225;3650
2939;3075;3585
2934;3075;3585
1507;3106;3591
2894;3075;3585
963;1891;3289
3115;1891;3289
1995;2900;3565
1913;2900;3565
1969;2925;3568
2451;2815;3526
2294;1;1
581;3242;3655
1463;3127;3616
1685;3304;3674
2822;3118;3615
2545;3119;3615
2564;3117;3615
1999;3142;3634
1647;3177;3626
213;2901;3554
808;2223;3376
261;2223;3376
218;3238;3656
3277;2223;3376
3338;2223;3376
839;3318;3661
2393;2249;3376
2971;2223;3376
7340;3005;3592
2609;2845;3516
864;2956;3555
2248;2941;3537
1692;2847;3516
2639;2846;3516
2574;2845;3516
858;2516;3489
425;3341;3666
3169;3112;3630
2714;3112;3630
2824;3239;3624
2156;3238;3624
1277;1;1
2815;2893;3567
3386;2787;3546
1234;3178;3633
1845;2241;3343
2213;3347;3698
1765;3347;3698
2990;2708;3530
3025;2708;3530
761;3184;3635
837;1;1
835;1;1
2246;3229;3623
2240;3228;3623
1514;3334;3662
1154;3320;3661
2965;3228;3623
995;3111;3617
1786;1033;2986
2659;2493;3414
1655;2787;3516
1964;2513;3427
1245;2486;3434
1668;2486;3434
1682;1;1
1527;3045;3590
2264;2928;3561
2224;2952;3570
1961;1;1
3248;2505;3481
3337;3233;3652
2392;3097;3631
363;3154;3645
1841;3333;3688
1160;2726;3520
7343;1;1
1965;3082;3589
1299;2517;3454
2634;2428;3411
2231;3204;3642
2191;1656;3225
1806;3310;3685
3117;3310;3685
2963;3309;3685
2924;3310;3685
3125;3310;3685
2286;3310;3685
2254;3315;3686
3022;3310;3685
3016;3310;3685
3003;3310;3685
2988;3310;3685
2958;3310;3685
2935;3310;3685
1515;1;1
1753;3095;3594
595;2809;3540
2946;1;1
2679;1;1
1696;2127;3298
7530;2369;3414
1557;3004;3579
2323;2886;3546
3333;2885;3546
1565;3049;3581
1354;2888;3546
3017;3157;3629
1604;1;1
582;1;1
7383;1;1
7527;1646;3215
364;2541;3492
1073;2729;3544
1207;1853;3321
2611;2862;3540
1966;2862;3540
2618;2862;3540
2012;2870;3542
2000;2918;3548
2566;2862;3540
674;2992;3572
574;3239;3648
1982;2531;3414
1014;2679;3452
1447;1;1
2550;1;1
3239;1626;3182
3034;1626;3182
388;3204;3622
573;3109;3616
7460;1;1
1330;2685;3493
903;1;1
889;1;1
1391;1;1
2424;1;1
1918;3274;3677
7332;1;1
2978;2706;3482
2265;2976;3561
2983;2706;3482
1955;2754;3489
2069;2624;3461
2606;1132;3008
3114;2954;3556
2187;3010;3585
6786;2946;3551
6123;2946;3551
1587;1;1
2450;878;3031
1968;2398;3397
584;2705;3506
620;3185;3616
2598;2398;3397
1433;3054;3619
2004;2424;3400
2636;1;1
2976;2986;3571
823;2631;3494
1062;2655;3499
1855;2879;3544
3175;2631;3494
2657;1;1
1935;2940;3574
2466;2703;3494
2732;2574;3461
1143;3064;3619
631;1;1
1712;2690;3507
1722;2690;3507
1617;2690;3507
1268;2714;3516
667;1287;3159
756;3001;3589
2074;3027;3599
1994;2873;3562
1973;2877;3563
2525;2738;3535
1892;1540;3176
1443;1800;3272
1257;2262;3402
1789;3325;3689
2686;1;1
556;2717;3481
887;3083;3582
1344;2043;3310
3109;2042;3310
1890;3062;3614
3380;3062;3614
1997;2287;3378
2462;2287;3378
1653;2287;3378
1996;2287;3378
2570;2287;3378
2471;2287;3378
2464;2287;3378
1334;2710;3494
2503;2709;3494
1101;3171;3626
7413;151;554
1252;2971;3571
1654;2841;3542
1432;3049;3579
2553;2787;3516
7373;3014;3573
7519;2861;3557
1695;3011;3568
1727;3176;3626
2532;2720;3539
913;3027;3586
714;3018;3581
3261;2770;3519
1624;2823;3533
239;2827;3534
1464;613;2961
1645;613;2961
2076;612;2961
1958;613;2961
1972;612;2961
2642;613;2961
2562;613;2961
2535;613;2961
448;1015;3057
571;1287;3159
1110;1;1
2524;1742;3228
2400;2791;3541
1181;3104;3620
2329;2963;3594
418;2644;3515
1858;1;1
1575;2761;3524
1864;2897;3551
3230;2691;3490
3280;2698;3511
3273;2697;3511
3420;3103;3610
1588;3252;3642
2523;3064;3599
1713;2523;3427
2482;2101;3313
1229;2396;3443
1676;2684;3502
2733;2396;3443
723;2396;3443
2736;2890;3529
2729;2890;3529
1122;2808;3506
2009;2689;3500
1740;3246;3645
7375;3337;3680
1739;2995;3540
1970;3088;3569
2792;2995;3540
2790;2995;3540
2916;2585;3445
1498;3239;3643
1802;3059;3594
1369;2930;3587
2959;2930;3587
2010;2069;3268
2194;3214;3666
805;1;1
1916;2760;3535
7455;2;2
2476;3191;3654
426;2753;3537
2647;1;1
282;1802;3173
575;1765;3161
1612;1994;3266
1669;1572;3124
1931;2398;3408
2928;2764;3516
1119;2904;3561
1688;2478;3396
2669;498;2861
679;2665;3476
1121;543;2887
1262;1747;3252
1142;1638;3254
1206;1;1
1203;1;1
1595;1;1
1598;1;1
2435;1;1
3450;1;1
387;1303;3119
2583;1565;3131
1266;149;592
724;1;1
2052;975;2985
2025;975;2985
2589;976;2985
806;2061;3399
2984;2061;3399
3350;2928;3578
2347;2928;3578
7467;1;1
2829;3;3
2827;1;1
1938;2553;3463
1221;3378;3681
7437;1;1
1123;2393;3405
2047;1;1
3106;2412;3426
3223;2243;3371
1446;1318;3115
2680;1283;3104
612;2950;3546
2045;1606;3173
2799;2979;3574
2785;2875;3547
3190;2173;3390
3334;2902;3551
3172;3020;3578
1426;2119;3347
2202;2726;3529
1444;2902;3561
929;2232;3372
2664;2306;3399
1303;2807;3524
2834;2806;3524
1296;1;1
2833;2955;3575
2013;1422;3149
1015;2262;3326
2581;2262;3326
1953;1556;3132
616;2047;3271
1102;2293;3356
1940;1556;3132
2035;1;1
2023;1;1
1934;1;1
828;1832;3303
414;1;1
1002;3063;3594
1240;2680;3479
2661;2513;3427
2601;2513;3427
2054;2485;3465
7529;3052;3602
3325;2622;3491
3040;2622;3491
3086;1;1
1016;2163;3407
1626;1133;3025
2484;1129;3025
921;2603;3457
1944;1941;3298
1937;1941;3298
1625;2658;3450
2463;1941;3298
1945;1;1
2461;2280;3340
1680;818;2930
2044;818;2930
3205;818;2930
855;1444;3139
1991;1444;3139
1012;1409;3183
788;1870;3289
2407;3049;3592
1707;1;1
3007;2957;3558
1321;1;1
1924;1589;3170
2512;2650;3483
782;2113;3286
1438;3117;3617
2015;1;1
359;1962;3305
2062;138;658
2060;138;658
2617;138;658
2061;138;658
2616;138;658
2059;138;658
2058;138;658
2057;138;658
2056;139;658
2055;138;658
2189;2925;3573
3012;2688;3463
2852;2762;3526
465;2469;3476
559;2469;3476
2668;1467;3121
2042;2467;3414
2034;2468;3414
3257;2644;3496
3146;2506;3423
3069;1;1
7338;1;1
560;1;1
3424;1;1
3399;1;1
2409;2629;3493
3128;1;1
3413;1846;3291
676;2472;3406
2547;2494;3458
1114;2807;3543
2008;1941;3295
2599;1279;3045
2998;2818;3576
2123;3003;3607
1161;3038;3600
7333;2470;3379
2890;2470;3379
2949;2470;3379
2212;2483;3383
2929;2470;3379
1196;2485;3455
3359;2678;3516
2974;2704;3515
1666;2704;3515
1115;2968;3578
2699;1;1
2648;2696;3462
2506;2699;3462
1956;2747;3484
2622;2200;3384
2036;1;1
2832;2677;3483
2164;2677;3483
2130;2677;3483
797;1;1
2835;1;1
2938;1407;3206
2956;3028;3574
1857;2532;3461
415;2813;3536
829;673;2852
3324;673;2852
901;1;1
1927;2214;3313
1419;2641;3483
2555;611;2979
7374;2831;3546
831;2471;3446
861;2645;3489
1549;2713;3498
3201;2645;3489
3301;2155;3335
2370;2280;3411
7541;2484;3467
1825;2462;3467
2014;2901;3560
1979;1;1
1238;1233;3119
2501;1233;3119
2500;1996;3237
1630;2519;3436
1637;1;1
2491;1810;3277
2496;1;1
927;2884;3554
2048;1899;3251
1971;2197;3325
1265;94;254
923;94;254
1962;324;2906
1246;2822;3544
950;2269;3404
1366;2626;3469
3326;2637;3484
1878;2743;3515
985;2061;3396
1898;1;1
652;301;2110
2538;2673;3470
2537;2673;3470
2546;1330;3067
1652;2834;3502
2480;2257;3382
2901;2354;3373
1912;2354;3373
2937;2354;3373
1627;2649;3491
1980;2544;3475
2082;1718;3184
2569;1718;3184
2567;1718;3184
867;291;1284
577;2979;3593
2603;2489;3480
1675;2497;3483
2560;2489;3480
1699;2511;3418
628;2060;3299
2994;2641;3473
7331;1;1
2233;3197;3620
1622;827;3050
3340;2079;3367
3320;2079;3367
1907;1962;3347
794;1;1
2593;2465;3479
1985;2533;3402
2345;2629;3494
1000;2628;3494
2548;2629;3494
1679;1;1
2539;2029;3323
1978;2561;3480
2030;1357;3112
2658;1357;3112
1291;2384;3377
2899;2667;3487
2973;1983;3344
1341;1;1
819;2007;3396
644;2793;3542
3216;1;1
2316;2174;3350
2529;2174;3350
1798;2845;3575
1633;2809;3502
2665;1;1
776;1021;2958
2474;2862;3497
2460;2862;3497
2859;1;1
2643;2216;3360
2614;1;1
1639;2160;3387
2591;2227;3320
1260;2861;3557
2026;1747;3252
2755;2234;3342
2910;2606;3467
3252;2814;3525
3249;2814;3525
3243;2814;3525
3153;2814;3525
1543;2814;3525
3090;2814;3525
2590;2673;3491
1466;2688;3510
1281;73;338
1474;83;364
2040;228;645
2039;229;645
1435;291;923
2027;1888;3227
2705;2456;3438
2681;2457;3438
2753;2379;3393
3357;2961;3554
2154;2681;3497
7441;1;1
880;988;3057
1848;1793;3255
3258;2015;3361
3219;1;1
834;1074;3121
611;2482;3470
2517;278;2514
2505;278;2514
2554;2016;3342
1441;2902;3569
1008;2624;3485
2843;1;1
2640;2152;3335
2645;2153;3335
2646;793;2947
1469;1960;3311
5660;2174;3382
789;297;995
2088;1;1
1710;2119;3329
1769;3147;3603
3151;2882;3560
2207;3134;3617
1747;1;1
2882;2389;3405
2913;1904;3303
2831;2499;3405
2341;2926;3541
3110;2484;3460
3207;889;3084
3165;2576;3457
2343;2576;3457
3160;2576;3457
2425;1;1
3170;1994;3332
2423;1;1
2452;1589;3170
2722;2463;3450
2571;1;1
2533;2319;3358
820;1;1
2704;2565;3466
2100;2537;3483
2649;73;338
2534;2248;3338
3058;926;2955
1677;321;2825
2592;321;2825
930;874;3044
1686;1184;3095
2612;874;3044
2050;874;3044
2112;3248;3655
2776;2986;3598
2719;2986;3598
2721;1912;3323
2715;1912;3323
1701;2234;3390
948;2213;3373
3204;696;2987
833;2020;3335
3480;1964;3327
1687;2072;3321
2495;2072;3321
2478;1732;3226
1661;2946;3565
790;844;2925
2615;2322;3423
1656;2004;3284
4311;21;52
731;2657;3490
2765;2794;3509
2860;2158;3315
2877;2754;3487
3005;1639;3178
2912;2321;3408
3067;2768;3515
1823;2528;3465
1183;741;2995
978;2;2
1897;1262;3070
3358;2512;3476
3288;2512;3476
3276;1;1
2475;2723;3506
7449;2099;3348
2494;2099;3348
1253;1015;2972
2011;1506;3147
928;1;1
1451;1470;3147
2072;2208;3284
7414;1;1
7396;1;1
7409;1;1
2724;2140;3311
2728;2140;3311
2641;2141;3311
7453;1;1
2836;1589;3186
795;1;2
1312;3096;3594
1503;3095;3594
2174;3099;3595
2186;3095;3594
1486;3095;3594
1741;3121;3601
2917;3095;3594
2884;3095;3594
2875;3095;3594
2871;3095;3594
2867;3095;3594
2849;3095;3594
2230;2921;3552
811;1971;3285
3238;2608;3487
2339;2182;3354
3323;2901;3566
3376;1;1
3240;1;1
3188;1898;3277
3268;1897;3277
2420;1;1
836;1;2
838;2449;3481
3021;1801;3320
2711;1164;3120
1960;2013;3218
2543;597;2831
2703;1940;3267
1124;2523;3417
2629;2290;3340
1467;1686;3154
1585;1153;3081
873;1;1
7476;2643;3511
7230;1702;3245
3237;1078;3077
3419;2069;3382
3446;2224;3415
907;1;1
3097;2646;3494
2542;1229;3012
2573;29;49
2021;1;1
1126;48;187
2075;1;1
936;405;2882
1275;8;43
2726;774;2988
2948;2822;3537
1479;3242;3636
2161;1459;3158
1799;1551;3220
2218;1973;3246
3162;2694;3506
3055;2678;3508
2214;1;1
1563;2324;3415
2359;980;3051
1954;874;3016
3291;1913;3309
2457;1595;3189
2458;1595;3189
1006;2814;3546
3405;2671;3498
2115;1970;3267
2110;1970;3267
2730;101;394
2600;102;394
2158;467;2171
1037;283;1869
1329;10;18
7416;2511;3433
7458;1;1
2982;2352;3418
3157;2139;3293
3263;1890;3290
2489;809;3027
2689;1792;3243
2470;2558;3482
2081;50;136
2513;261;2522
2516;261;2522
1112;2886;3561
2020;658;2918
2095;327;2676
2063;327;2676
3184;1;2
3008;1731;3289
3168;2293;3359
6166;2;2
3199;1828;3217
3255;1;1
3315;1523;3199
3311;1523;3199
1869;1523;3199
7163;2;2
2444;1;1
2608;1;1
2477;1673;3194
2504;2589;3490
1643;1;1
2691;1422;3149
2588;1422;3149
2563;1;1
1250;2405;3414
2587;541;1097
2032;807;2960
2712;1848;3292
2674;2092;3321
2085;2092;3321
1745;1959;3288
3225;1964;3323
2888;2421;3411
1345;1;2
2349;1934;3329
2390;2151;3418
7346;1;1
1384;1;1
1902;1178;3199
7273;1178;3199
7198;1179;3199
7385;1;1
1389;2;2
3388;2;2
2635;1;1
2597;1;1
2528;1273;3015
2644;189;636
1452;1422;3075
2073;1493;3163
1462;2761;3506
2084;594;2826
2676;41;119
2757;1408;3155
2131;1397;3156
1631;910;2959
3278;1943;3332
3266;603;2892
1572;2472;3414
2487;1895;3267
2540;38;141
2067;436;2751
1629;1742;3207
1950;151;554
1949;151;554
2655;2834;3518
2964;1;1
1650;2807;3541
2627;347;1636
2089;973;2966
1663;2807;3541
1670;2807;3541
1672;2807;3541
1681;2807;3541
2662;2814;3546
2621;117;351
1698;108;557
2666;12;17
2671;792;2947
2692;793;2947
2716;577;1087
2735;2471;3435
1723;1;1
2769;380;2831
2897;1138;3116
2940;2089;3338
2203;1;1
3030;1108;3177
3140;1198;3095
3209;1504;3149
3242;367;2179
3265;1003;3097
3195;1;1
3272;1;1
1870;2;2
3271;2;2
3214;2106;3363
3397;1;1
3401;1;1
3390;1;1
2751;1;1
1976;3;3
1987;1;1
2578;3;3
2613;1684;3253
2697;1;1
2049;2807;3541
2660;1;1
7450;1;1
6157;2;2
3363;1;1
7452;2;2
2737;1838;3289
7344;1;1
2885;571;2867
2205;3113;3623
2221;1;1
2222;2691;3495
7462;1;1
2259;2115;3273
3287;1693;3165
2319;2960;3594
2322;2960;3594
2327;1;1
3391;3041;3599
3449;1;1
3377;1;1
3436;1;1
3435;1;1
3432;1;1
7364;1;1
2382;2452;3436
3299;222;1231
3327;797;2909
3183;1;1
2440;2321;3344
2493;2547;3462
2536;780;2898
2607;2807;3541
2652;1803;3221
2748;3242;3636
2788;1;1
2789;3242;3636
2794;1;1
2811;2157;3347
2900;1479;3137
2975;1;1
3095;1;1
3136;1;1
3138;2961;3594
3217;1;2
3197;2408;3457
3227;1;1
3228;1;2
6336;2;2
3296;1;1
3314;1790;3293
3394;2236;3418
5029;2808;3542
7405;1;1
7407;1;1
7430;327;2116
7465;1;1
5837;2;2
7363;948;3031
7376;1;1
7461;2960;3594
7466;583;2277
7613.37678194046
