i;|Xi|;|F(Xi)|;profundidad1;dirección2;prob vecinos0.5
1;222;438
7188;1;1
430;4;7
3134;3;10
3026;2;92
3010;2;92
804;3;7
160;8;118
95;53;305
377;2;2
888;1;1
89;22;176
1901;2;92
161;17;49
256;16;60
351;8;152
3329;1;1
3341;1;1
649;10;120
1583;1;1
87;32;176
37;25;72
309;12;164
821;2;3
1496;3;93
637;6;38
964;4;105
594;3;3
2249;1;1
554;2;13
20;23;101
2227;1;1
1315;1;1
519;5;108
1316;2;92
2149;2;2
1724;1;1
18;43;115
57;25;89
118;17;60
3254;6;53
1177;2;2
112;16;179
11;91;421
586;4;97
35;12;32
15;91;203
1445;3;113
152;19;42
2;101;346
113;16;143
44;23;111
2401;3;103
10;88;377
2378;2;4
126;19;124
3245;1;1
783;2;4
493;6;142
1358;2;93
1180;4;20
529;7;9
333;7;62
1538;2;93
2282;1;1
1519;2;93
2966;1;1
474;5;10
330;9;33
958;5;20
17;48;128
1295;5;126
38;37;128
1952;2;92
223;11;35
625;4;96
1392;2;93
3355;2;92
1881;1;1
58;58;130
96;24;93
1580;2;5
196;14;140
146;16;60
416;4;10
1198;3;96
3319;2;92
1867;1;1
896;6;102
617;7;114
3300;1;1
1877;3;94
462;7;110
3279;1;1
454;7;45
1860;4;95
121;17;170
151;14;148
1570;2;3
1573;3;105
1063;1;1
1353;4;100
459;7;111
2334;3;133
1267;2;93
1060;3;96
1061;4;46
7431;2;34
1355;3;94
71;14;120
3070;1;1
2113;1;1
3001;1;1
396;8;175
2260;2;92
142;25;103
2238;2;93
123;20;85
2942;1;1
1509;5;96
7410;4;9
1760;4;25
2876;2;92
259;12;155
1493;1;1
2845;1;1
370;11;157
2844;2;16
2167;3;101
156;23;197
2808;1;1
255;18;87
736;1;1
7603;26;156
346;6;27
9;85;290
75;15;63
175;14;35
2754;1;1
22;65;244
155;19;57
1261;2;3
2552;1;1
2586;1;1
710;2;12
578;3;12
472;6;104
2472;2;8
1606;2;93
4;90;204
563;9;106
744;3;12
3422;2;92
250;8;26
249;15;52
2427;2;93
3414;1;1
1590;3;10
2305;2;93
1900;2;93
3392;3;12
1065;5;23
1147;4;38
1072;3;104
3375;2;92
1024;4;98
709;2;5
1382;2;93
3332;1;1
1885;1;1
3330;1;1
1197;4;96
3316;2;92
1886;3;3
154;28;293
1522;3;3
2391;4;96
3298;1;1
432;10;107
3292;2;92
3290;1;1
7597;3;9
3274;2;4
1875;2;93
291;6;57
158;12;139
1579;1;1
1846;2;10
1066;3;4
290;11;123
3233;2;92
891;2;34
247;6;13
1856;4;95
3211;1;1
115;24;136
1365;1;1
483;4;19
3210;1;1
3189;1;1
3193;1;1
2352;3;110
1847;4;110
3173;2;92
1051;2;8
1843;1;1
2342;2;93
7341;5;47
3139;1;1
1186;3;4
3167;2;92
3149;1;1
1842;3;96
3156;1;1
3141;1;1
817;3;7
1840;3;96
1839;2;93
2324;1;1
3143;1;1
3142;1;1
174;20;117
2315;3;133
1356;2;93
1835;1;1
296;12;86
3118;2;92
1542;2;16
3111;2;92
753;3;134
3088;2;2
395;7;122
3068;2;92
3042;1;1
1442;3;32
1339;4;135
596;7;115
2281;1;1
222;11;39
194;7;34
3064;1;1
1812;3;41
1796;2;6
701;6;56
124;27;117
3057;1;1
7427;1;1
2276;1;1
2271;2;93
1525;2;2
2235;1;1
3027;2;92
2090;4;96
1342;1;1
331;8;148
3023;2;92
2261;3;4
68;21;59
116;24;60
1043;5;16
3020;2;92
491;39;240
179;19;59
2252;2;93
214;6;100
439;2;3
2147;3;96
1167;3;6
697;4;17
67;30;89
1793;1;1
258;11;163
1340;2;6
2996;1;1
1520;2;93
1336;5;114
30;62;396
178;16;54
747;8;109
2962;1;1
2952;1;1
455;6;120
260;15;163
623;10;88
29;28;128
1510;2;93
2927;1;1
301;5;13
2907;2;92
2909;2;92
1148;3;17
955;5;55
1502;2;93
2853;1;1
1500;3;94
2178;3;102
1320;2;93
874;5;137
2177;3;94
2892;3;110
636;2;2
1034;4;100
1494;3;23
276;5;107
1318;2;7
117;28;236
1492;1;1
1302;4;108
1313;3;3
1491;2;10
2870;2;92
2181;1;1
1309;4;114
1750;3;96
2848;2;92
1458;3;12
951;5;38
1029;3;9
2176;3;108
2846;2;92
347;9;73
2173;1;1
2826;2;92
1742;2;14
2166;1;1
2823;1;1
2820;1;1
2814;1;1
1736;2;3
1025;2;7
1482;4;109
1483;4;21
2152;1;1
2806;2;92
1128;3;13
2801;1;1
2795;2;92
1290;5;102
1288;4;109
1436;1;1
2498;2;92
2784;1;1
587;2;6
2780;2;92
2779;2;92
305;6;12
944;2;9
2129;1;1
683;4;32
42;35;165
1136;4;9
1283;3;95
2127;1;1
2093;2;93
1284;2;3
72;19;87
264;11;139
2756;1;1
1285;4;12
613;4;13
304;14;47
1282;5;117
4721;2;92
1475;1;1
2746;1;1
1715;3;95
734;2;16
2108;2;93
1923;2;3
1465;2;93
2742;2;92
2117;3;94
1720;2;5
90;26;256
2731;1;1
1457;2;93
2725;2;92
2109;3;98
543;3;111
2102;2;93
712;3;6
231;9;113
2687;1;1
1708;3;95
1129;2;3
76;17;36
2065;3;94
1251;3;95
1248;2;3
725;4;5
2559;2;92
507;10;18
1942;3;96
1232;3;15
534;7;33
994;5;8
503;2;3
2448;2;92
846;1;1
1028;1;1
2367;1;1
2296;1;1
379;4;5
3421;1;1
3418;1;1
3402;1;1
3385;1;1
3367;1;1
3349;1;1
545;9;91
1589;1;1
3339;1;1
2402;1;1
3335;1;1
3317;1;1
1862;1;1
3313;1;1
3295;1;1
2383;2;5
1195;4;11
3283;1;1
2375;2;5
292;12;35
3256;1;1
3259;1;1
3253;1;1
3247;1;1
2368;1;1
1574;1;1
3215;1;1
3202;1;1
2351;1;1
3163;1;1
2338;2;3
1521;1;1
3148;1;1
3124;1;1
3113;1;1
3013;1;1
1826;1;1
3103;1;1
1822;3;5
3101;1;1
3083;1;1
3084;1;1
3078;1;1
3062;1;1
3059;1;1
2273;1;1
3048;1;1
523;8;66
373;8;14
1331;2;5
3004;1;1
3006;1;1
810;1;1
3000;1;1
2999;1;1
2989;1;1
1337;3;6
2941;1;1
2947;1;1
2945;1;1
2926;1;1
2217;2;7
1505;2;2
2920;1;1
2782;1;1
2904;1;1
2898;1;1
2198;1;1
2881;1;1
2185;1;1
2858;1;1
1749;2;2
2837;1;1
517;3;9
2163;1;1
2830;1;1
2632;1;1
796;4;8
2810;1;1
2144;1;1
2136;1;1
2793;1;1
2786;1;1
2783;1;1
2775;1;1
2772;1;1
2771;1;1
2767;1;1
2764;1;1
2763;1;1
2752;1;1
2750;1;1
2747;1;1
2119;1;1
2744;1;1
2743;1;1
2707;1;1
2713;1;1
2700;1;1
1413;2;2
2695;1;1
2619;1;1
2605;1;1
1117;2;2
300;7;28
7348;1;1
7425;1;1
7557;1;1
7589;3;4
1368;5;52
164;8;24
244;16;102
62;23;114
2244;4;20
148;12;25
7403;3;6
52;31;89
159;13;38
66;18;54
60;13;70
585;9;33
97;26;171
2006;1;1
1421;2;12
353;10;23
51;29;103
185;20;70
312;8;46
168;16;73
354;5;21
108;11;28
91;12;50
40;37;129
271;3;10
119;7;22
54;17;54
375;14;44
177;90;274
31;24;120
47;25;137
23;20;44
74;7;12
165;6;24
306;9;90
8;111;256
242;7;56
412;10;34
381;3;4
561;6;36
216;9;30
107;10;47
681;3;6
79;30;102
272;26;143
39;27;75
150;16;71
181;15;48
109;24;76
2404;1;1
24;52;218
19;41;238
7;91;156
348;10;44
473;5;7
1921;3;3
99;15;52
1380;6;27
73;32;102
85;52;170
189;9;19
787;7;32
133;16;54
1709;2;12
658;4;6
293;8;16
768;6;60
45;27;74
471;2;11
1632;2;12
281;15;35
269;11;38
2336;40;129
206;17;40
241;9;20
190;21;83
7577;5;16
798;28;71
211;15;45
140;12;44
217;11;34
182;14;34
236;10;34
777;8;42
1098;3;13
106;28;101
237;7;19
1401;6;49
1409;3;20
769;3;5
1209;1;1
917;3;11
114;28;49
2698;1;1
1127;4;23
1009;4;9
1386;5;23
173;17;46
43;45;150
647;9;27
5;75;205
1156;5;23
553;10;24
170;10;14
93;17;58
145;30;70
1523;3;38
350;10;15
77;16;62
1785;3;9
166;31;98
489;4;21
25;62;270
83;21;60
277;10;62
70;28;127
1487;3;18
270;7;16
871;5;15
389;14;49
544;6;15
2631;1;1
672;3;9
137;15;35
424;9;17
65;23;97
1693;3;3
475;3;9
449;7;10
1998;2;12
1977;2;12
915;3;5
63;18;100
1957;2;8
1635;1;1
508;4;21
2499;1;1
2497;2;11
299;8;18
1225;2;11
238;9;26
2488;1;1
1936;1;1
382;10;15
355;6;15
1090;2;5
1222;3;19
21;51;221
564;9;26
2459;2;11
774;7;53
209;10;40
1922;2;17
504;6;30
987;1;1
2446;1;1
986;1;1
1603;4;18
446;4;16
436;2;12
512;7;57
767;1;1
469;1;1
188;15;40
257;9;32
7400;4;5
263;5;10
562;1;1
1691;12;24
14;42;122
13;54;110
139;17;51
318;7;23
862;1;1
251;6;10
111;15;77
16;47;129
5342;39;123
3;117;346
219;10;60
268;1;2
2839;1;1
1929;2;3
420;1;1
532;3;22
7401;1;1
200;3;4
402;11;31
7508;2;2
7552;5;28
7500;2;2
7482;3;15
7583;1;1
971;3;38
92;17;43
7336;3;45
1545;2;33
103;22;82
207;11;65
6;79;222
7380;4;58
287;11;98
754;9;33
26;60;161
34;36;95
525;2;7
56;15;44
1849;1;1
557;4;49
208;9;64
1558;2;4
2346;1;1
974;2;6
262;8;46
2001;2;34
815;5;41
120;13;67
492;9;142
1175;4;38
32;32;162
172;18;86
1347;3;15
1338;2;33
105;26;73
818;5;32
890;3;11
1362;1;1
1547;1;1
1056;4;53
2280;1;1
879;3;33
36;33;79
590;2;35
3260;1;1
1174;2;34
3198;2;33
460;8;42
3200;1;1
589;6;46
433;6;38
81;18;59
7509;5;49
973;1;1
1555;3;50
3154;1;1
7595;30;55
1361;2;34
2331;2;33
509;5;25
969;1;1
197;21;153
621;4;36
1036;1;1
1054;1;1
1818;1;1
358;4;43
748;6;45
88;29;143
163;16;95
1576;1;1
2353;1;1
3221;1;1
136;16;122
1367;5;39
7512;8;24
757;10;92
49;31;92
646;3;35
2328;2;34
1360;2;10
7377;4;44
2321;2;33
125;33;87
1548;3;52
1837;1;1
1834;3;44
703;5;36
1456;4;23
7406;2;4
1832;1;1
3105;2;33
641;10;79
320;5;16
885;3;6
632;8;35
2300;2;33
702;3;44
228;11;93
752;6;44
2291;2;33
656;4;39
877;3;27
2293;6;29
650;4;40
3328;2;33
720;8;22
1379;6;50
3275;2;33
345;3;42
336;8;59
295;16;118
1375;1;1
435;7;55
7390;3;3
12;61;143
1853;1;1
1184;4;42
1064;5;36
1560;4;9
988;6;45
203;15;60
976;2;10
289;9;64
7394;3;9
3203;1;1
1844;3;3
2053;3;35
1363;3;40
3181;2;33
288;15;36
2263;1;1
3132;2;33
1059;2;5
2332;1;1
691;2;16
1550;3;38
286;14;48
205;13;55
1359;3;36
1459;4;48
135;15;51
7432;2;34
1815;4;40
3127;2;33
1836;2;11
266;10;72
2311;1;1
2308;1;1
27;35;173
755;3;37
2306;1;1
5679;5;28
1790;1;1
937;8;20
100;20;153
53;22;77
2298;2;2
3087;1;1
1274;2;5
227;9;36
1348;1;1
2295;1;1
394;5;55
3043;1;1
2285;1;1
1536;2;5
883;4;5
199;18;51
2290;1;1
1816;3;55
1524;3;7
1169;3;36
749;3;3
876;9;51
33;54;241
1824;1;1
7525;4;5
638;3;24
162;5;6
886;2;6
2903;1;1
3049;1;1
7604;8;38
215;6;30
479;5;28
302;4;28
131;10;26
859;5;25
437;5;34
1398;2;12
423;4;24
510;2;6
224;15;39
7582;2;17
311;4;25
1230;4;27
1239;1;1
567;3;41
466;7;20
1085;3;24
771;2;17
1270;3;22
1264;2;3
3774;8;12
1003;4;37
367;4;19
1107;3;24
661;3;4
274;5;19
654;5;5
910;3;21
1091;1;1
84;13;24
531;4;7
501;4;34
583;2;21
1702;3;35
3356;1;1
733;3;10
356;6;40
1678;2;20
1010;3;44
7596;3;6
781;3;18
2017;1;1
2002;1;1
572;3;12
202;12;24
664;3;26
1636;3;35
326;7;16
341;9;28
538;2;3
1233;1;1
2492;1;1
536;9;11
1621;3;22
1415;3;13
323;6;39
1611;3;22
609;2;2
366;4;4
848;1;2
1602;1;1
365;7;11
419;8;36
841;5;6
468;5;6
193;14;61
2103;2;8
2405;3;23
411;6;23
807;4;30
1038;4;14
265;5;19
2201;2;2
361;4;7
1737;2;3
1139;5;27
386;3;23
727;5;25
1108;2;21
1642;1;1
1109;4;24
918;4;6
2511;1;1
570;5;27
716;11;15
313;4;6
718;5;31
1615;3;22
1218;2;21
1086;1;2
2485;1;1
7569;2;2
1088;3;22
535;6;15
2467;2;20
2468;1;1
2465;1;1
401;6;21
772;2;12
2454;2;20
773;3;22
711;4;21
7550;12;39
842;2;4
153;13;30
2442;2;20
840;4;25
2439;1;1
1908;1;1
1087;2;21
1909;2;21
626;1;1
7327;2;2
2024;1;1
1634;1;1
380;7;11
2997;1;1
521;2;2
1322;7;43
2868;1;1
2740;1;1
2709;1;1
603;6;16
191;16;71
248;8;26
372;6;17
982;2;17
1372;3;11
335;5;15
1192;3;3
893;1;1
59;18;63
904;2;3
349;4;14
61;19;41
826;5;31
122;22;102
1872;1;1
391;7;46
1068;3;6
7591;8;26
82;20;50
3307;1;1
3206;2;10
434;2;2
597;6;7
684;6;34
801;12;52
1373;2;4
110;14;25
7126;2;9
1535;2;36
528;7;19
198;8;26
3336;2;9
602;4;7
2395;2;2
599;5;15
245;15;38
1819;3;47
3309;2;9
310;7;21
695;6;26
280;14;74
3009;1;1
2386;3;47
484;9;55
2354;4;16
1194;5;6
2333;1;1
825;4;18
1378;4;18
1868;2;2
1854;1;1
1376;2;10
692;2;4
7444;5;36
1859;2;3
3236;2;9
2363;1;1
3231;2;9
2320;4;48
706;6;24
2335;2;3
141;14;41
7531;6;24
46;28;123
2360;2;2
979;3;3
7568;3;9
1551;2;5
1176;1;2
2397;2;2
7559;1;1
2408;1;1
7578;1;1
7503;2;5
7480;1;1
7479;1;1
7510;2;5
7532;1;1
7522;1;1
7523;2;5
338;3;5
7544;2;9
7447;1;1
7521;2;2
7477;1;1
384;4;16
7575;2;10
3516;5;22
7423;2;11
7485;1;1
759;10;18
946;9;51
7585;4;21
7563;2;9
3133;6;12
7433;1;1
7516;2;2
7457;1;1
314;10;31
7514;3;41
3305;2;15
524;3;18
809;2;2
1057;2;18
1541;3;29
1371;1;1
1571;2;12
1185;3;25
1566;3;20
1350;2;15
549;4;52
526;9;14
431;7;16
1546;2;15
1461;3;3
458;5;44
1374;3;14
7420;1;1
2376;4;22
3222;2;15
3158;1;1
2326;1;1
728;3;19
278;11;33
1830;2;2
7415;1;1
104;31;91
1157;4;22
2384;1;1
2371;2;4
1578;3;19
3176;2;15
3155;1;1
1254;2;12
1179;3;18
1055;4;26
7554;4;40
522;6;22
1152;2;5
3112;1;1
3096;4;26
3066;1;1
3092;1;1
750;2;14
1346;4;20
149;12;20
2292;3;17
1776;4;22
7528;2;18
1450;4;18
408;10;31
138;3;20
1069;2;3
1395;1;1
41;1;2
3365;1;1
1865;2;4
3229;1;1
3192;1;1
1178;4;30
7551;2;2
642;3;5
7587;4;19
7517;6;23
7536;6;24
1151;1;1
429;4;22
956;2;2
640;4;19
2211;2;17
98;23;69
696;5;26
878;2;6
1782;1;1
1768;1;1
1310;1;1
417;10;19
666;8;29
980;4;20
645;7;20
371;8;21
7562;4;20
1171;4;27
2981;1;1
506;5;21
1325;3;20
2922;2;17
686;6;19
1287;2;8
1495;3;21
2192;3;19
2866;2;2
497;2;3
2361;2;2
3378;1;1
2381;2;18
614;12;45
6369;6;9
253;12;37
6014;3;5
3145;2;18
1649;4;20
3002;2;2
2302;3;24
2301;2;5
882;3;21
221;4;7
7590;4;34
699;4;24
3019;1;1
1046;2;5
7501;1;1
3011;1;1
1162;6;41
204;13;56
1516;3;11
743;5;24
2987;1;1
1153;2;3
1033;2;7
7588;7;31
1784;4;33
362;5;23
1308;3;3
7442;2;18
319;10;28
1757;1;1
2210;3;24
2923;1;1
2209;3;19
7565;22;88
7600;5;29
452;8;29
2869;1;1
2889;2;17
687;8;34
7566;2;18
2142;2;18
1731;3;12
2358;2;4
321;7;36
7602;6;11
7601;4;20
7599;5;20
7598;8;47
7594;3;22
1499;1;1
2307;1;1
3351;1;1
3177;1;1
3052;1;1
407;1;1
1317;2;7
7540;3;7
7567;1;1
7504;2;4
7398;5;10
7507;3;4
7558;2;2
7574;1;1
7586;2;4
7484;1;1
7513;6;13
7506;1;2
7417;2;3
7505;1;1
7483;2;3
7535;1;1
500;3;13
1518;3;13
600;2;13
2330;3;20
1343;2;5
892;5;17
3018;2;11
487;8;74
308;7;19
7515;1;1
3159;1;1
3131;2;11
3116;1;1
451;6;24
962;4;15
2253;2;2
2921;1;1
1159;8;29
201;8;33
869;2;5
157;11;26
3028;2;11
981;4;31
694;4;12
1556;3;4
1788;3;11
1041;4;19
1298;3;16
961;4;21
2955;1;1
2172;2;12
284;8;39
1896;1;1
3400;1;1
2344;2;2
128;20;48
2389;2;4
983;3;13
707;4;12
225;8;21
3369;2;2
393;16;39
591;3;9
547;4;5
739;8;26
592;5;24
457;4;10
1794;4;13
812;3;5
317;2;12
147;5;10
360;9;18
427;4;15
7352;1;1
7362;1;1
7361;1;1
7359;1;1
7360;1;1
7358;1;1
7496;1;1
7382;1;1
7357;1;1
7354;1;1
7356;1;1
7355;1;1
7353;1;1
7489;1;1
7487;1;1
7495;1;1
7494;1;1
7493;1;1
7492;1;1
7491;1;1
7490;1;1
7486;1;1
7488;1;1
7351;1;1
7350;1;1
1883;5;11
2821;3;8
3129;1;1
4017;2;3
593;6;10
130;22;50
78;22;58
2031;2;5
7328;4;18
758;1;1
229;5;9
780;3;6
1104;5;21
5446;1;1
4934;3;11
665;4;18
7345;1;1
1584;1;3
6792;2;3
527;2;3
7347;1;1
7381;1;1
7408;1;1
7475;1;1
7474;1;1
7543;1;1
7542;1;1
7470;1;1
7459;1;1
7472;1;1
7471;1;1
7435;2;2
7412;3;6
176;13;29
267;7;25
1478;1;1
1163;3;21
2819;1;1
1023;2;9
2777;2;7
546;2;8
548;4;9
2727;2;8
1734;2;8
315;12;34
943;4;7
854;5;13
2124;2;8
513;5;29
1714;3;21
2122;2;6
1048;3;16
329;7;18
2992;2;7
316;7;22
1484;3;9
2479;2;8
2145;2;8
409;6;17
2781;2;7
2770;1;1
1476;4;20
2128;2;8
467;7;12
7387;1;1
622;7;21
1721;1;1
2760;2;7
132;13;23
824;23;66
7518;6;20
1743;3;13
977;1;1
518;3;11
234;4;5
1725;1;1
443;4;4
1470;2;7
2139;2;2
2141;1;1
7388;1;1
1286;1;1
1726;2;3
1292;3;8
1472;3;4
7334;6;21
7537;1;1
7534;1;1
7564;40;103
334;5;7
187;10;43
2179;3;10
102;15;41
975;3;14
935;3;15
1797;2;4
2250;2;12
1040;5;16
1424;1;1
1772;3;10
2204;2;2
1150;4;16
1762;5;15
2190;2;11
1018;3;5
482;2;6
413;9;30
1673;2;12
1562;2;8
3122;1;1
1111;2;3
1031;3;13
3014;2;11
2986;2;11
456;5;45
1137;4;25
1327;2;12
941;3;7
2957;2;11
741;4;15
2215;3;14
1324;2;7
2908;4;11
639;3;8
1146;2;12
2787;2;2
2188;2;2
69;29;69
1307;3;15
2778;1;1
914;5;23
48;28;52
1078;3;14
383;4;12
2582;1;1
1981;3;13
2558;1;1
226;16;38
1992;2;12
1430;3;4
1988;2;12
478;8;24
1967;3;13
2519;1;1
719;1;1
7438;1;1
569;4;14
970;1;1
1044;2;2
3135;1;1
967;5;12
327;8;24
7399;1;1
1513;3;14
552;4;18
1116;2;2
398;10;14
6878;2;2
171;4;16
1030;2;2
799;3;9
2802;2;8
942;2;5
762;3;7
3345;1;1
1887;1;1
1190;2;6
894;4;12
494;5;12
3269;2;8
2356;3;9
966;2;3
7538;3;9
2257;4;26
488;5;10
1512;2;7
1775;3;11
1508;2;2
1767;3;37
2915;1;1
550;6;17
7593;1;1
949;4;20
1755;1;1
1145;4;19
1754;3;18
1311;1;1
2865;1;1
634;4;16
2168;2;8
735;5;21
870;6;21
1716;1;2
1697;2;9
732;4;16
7446;1;1
1871;2;5
7434;2;6
3224;1;1
2918;1;1
2180;1;1
1748;1;1
2791;1;1
7445;2;4
680;8;32
183;13;17
7499;5;15
7573;3;21
7592;3;17
4910;1;2
651;8;64
1586;3;3
751;3;11
1577;2;10
627;4;20
898;2;2
1210;4;40
3354;1;1
3366;1;1
496;6;8
530;9;32
376;11;32
2396;2;2
1873;3;11
7391;2;2
397;8;12
3297;2;9
1553;3;23
3293;1;1
822;3;7
3281;1;1
1861;2;10
3234;2;9
1187;4;21
3232;2;9
3060;1;1
7337;2;2
1050;2;2
1052;2;3
3119;2;35
5389;2;17
2275;1;1
1168;1;1
1534;2;35
1529;2;35
965;1;1
1817;2;35
3075;1;1
2277;1;1
2284;2;35
1172;2;9
1528;3;50
7397;4;18
1813;4;62
2283;1;1
2270;2;9
1533;2;36
279;15;85
1531;2;36
3241;2;35
1332;2;2
3180;1;1
1182;3;37
1831;1;2
3144;2;35
1828;3;54
1808;3;39
884;2;36
1351;4;6
3089;2;35
1537;2;2
3045;1;1
1807;4;62
2278;2;9
3076;2;35
3073;1;1
952;2;37
3072;1;1
1810;1;1
3061;1;1
3047;1;1
3056;2;35
2243;2;35
3054;2;35
1532;5;60
3051;1;1
3050;1;1
1335;2;2
3046;1;1
2268;1;1
881;4;17
2267;1;1
2266;2;35
3041;3;37
3039;2;35
3037;2;35
3036;1;1
3038;2;35
5533;2;5
127;2;3
659;2;3
1394;1;1
2288;1;1
1049;2;2
428;3;5
7580;2;3
1759;1;1
3370;1;1
2355;1;1
2279;1;1
1497;2;7
7549;1;1
7478;1;1
7429;1;1
392;4;19
1027;1;1
1289;1;1
1481;3;13
588;6;12
693;3;11
689;3;5
1730;1;1
1333;1;1
1158;3;9
2825;2;8
50;15;42
2818;2;8
2157;3;12
2148;2;7
542;8;38
1293;3;10
1256;5;17
2146;2;3
2804;1;1
945;6;34
2138;2;8
939;5;17
2796;1;1
2135;3;14
4057;1;1
2813;1;1
2812;1;1
2134;1;1
7335;10;29
352;1;1
64;15;33
246;6;18
86;15;31
233;5;19
953;5;21
605;7;24
192;13;39
3447;2;7
766;5;10
1074;9;11
558;1;1
1596;1;1
1894;2;7
498;7;10
698;2;4
2436;3;8
1396;1;1
3410;2;2
7161;2;7
378;7;13
984;4;15
180;4;6
186;7;17
499;3;7
832;7;24
900;6;23
2289;3;17
1134;8;16
2434;1;1
906;7;13
1906;2;8
905;3;5
2426;3;9
1895;4;9
374;6;12
2417;7;23
7087;5;15
3372;2;8
7063;1;1
94;13;33
3120;2;8
438;7;16
1471;2;8
853;5;23
682;5;13
7386;4;11
337;4;4
897;1;1
1202;2;2
230;4;5
3451;1;1
2437;1;1
3443;1;1
3448;1;1
2287;1;1
7325;1;1
2433;1;1
3442;1;1
3382;1;1
3439;1;1
2432;1;1
1075;1;1
1390;1;1
1599;1;1
3438;1;1
2422;1;1
604;3;4
2431;1;1
902;3;9
1905;1;1
3437;1;1
653;1;1
3434;1;1
7310;1;1
3433;1;1
3430;1;1
3431;1;1
1208;2;2
1904;1;1
3427;1;1
2428;1;1
1903;1;1
6921;1;1
3091;1;1
3286;1;1
7369;1;1
764;1;1
2312;1;1
1393;2;2
3407;1;1
1205;1;2
2633;1;1
1070;1;1
1387;2;2
1385;1;1
2828;1;1
1891;1;1
7330;1;1
7321;1;1
7312;1;1
3428;2;2
400;3;3
7368;1;1
7366;1;1
7560;5;8
7393;1;1
55;15;30
80;11;25
1249;7;30
369;4;13
7379;1;1
2445;1;1
779;2;17
442;7;10
993;1;2
655;3;22
1664;1;1
565;3;19
470;1;2
101;7;27
2003;1;1
1983;1;1
1640;3;20
1925;1;1
3194;1;1
2340;2;17
2954;1;1
2206;2;17
2950;2;16
2944;1;1
2930;2;16
1326;4;23
926;3;4
2565;2;16
2556;2;16
850;6;27
537;3;18
1093;2;2
298;10;41
1610;2;16
1083;4;11
1917;2;3
1914;4;19
1212;3;3
1910;2;16
134;7;12
1407;1;1
2077;2;2
1427;2;3
406;8;16
607;4;16
1300;3;10
1746;2;7
1735;1;1
2125;2;6
212;8;23
1304;4;23
344;6;14
660;4;6
934;2;2
5140;2;6
1305;4;33
1490;4;13
1489;1;1
2143;2;6
1732;3;9
2738;1;1
2105;3;14
1989;2;3
580;4;22
516;8;24
2797;1;1
243;5;8
872;4;33
1170;2;15
860;2;15
1306;1;1
220;4;8
690;4;18
868;3;17
1130;6;45
2199;3;21
1800;1;1
2228;2;15
866;7;9
1703;1;1
1564;3;24
1526;1;1
1164;2;5
2200;2;15
2803;2;15
7372;4;35
630;4;35
2091;1;1
1271;3;20
2693;1;1
729;9;35
2086;1;1
3053;2;15
954;6;27
2961;1;1
2690;2;15
2118;2;14
2758;2;15
2097;1;1
1477;3;18
2106;3;32
2710;1;1
294;3;3
2247;1;1
708;8;10
3364;1;1
1370;2;3
1199;4;4
1882;2;4
551;4;7
1581;3;3
2388;1;1
3185;2;3
3373;1;1
332;12;42
1042;2;3
730;4;20
1771;2;3
7547;2;2
1269;3;6
1301;1;1
738;5;8
700;3;6
2759;1;1
254;11;29
579;3;8
1004;4;8
669;3;3
2520;1;1
2486;2;4
235;3;15
916;1;1
1297;2;2
1986;1;1
28;25;61
210;5;7
1638;12;25
2317;1;1
2239;1;1
851;6;11
1132;3;22
2310;2;2
7555;2;9
2171;1;1
1258;2;9
685;3;6
2159;2;8
2817;1;1
933;3;5
2773;1;1
1278;2;4
2638;1;1
2079;1;1
539;3;4
7579;3;12
1113;1;1
342;7;11
802;1;1
2651;1;1
2255;1;1
940;4;5
1744;1;1
2745;1;1
1138;1;1
1082;1;1
440;2;5
1416;1;1
129;44;63
844;4;14
932;4;15
1422;1;1
770;3;19
1220;2;12
1613;1;1
713;4;15
167;15;44
847;2;3
1400;1;1
845;2;6
908;2;12
1911;1;1
1226;2;13
2443;1;1
2447;1;1
1402;3;14
1080;2;11
1601;2;12
2438;1;1
1131;2;2
843;1;1
2441;1;1
1919;1;1
485;5;9
3147;2;3
143;13;43
643;2;5
7548;2;5
1165;3;16
1787;2;5
663;5;8
1792;3;11
3082;1;1
813;7;32
7553;6;11
2980;2;5
1764;1;2
2196;3;17
1032;2;9
3071;1;1
1155;1;1
6257;2;4
1294;1;1
3304;2;4
1876;2;5
2372;2;5
2650;1;1
1568;2;6
7443;4;7
1946;4;13
505;8;34
1711;3;6
1021;1;2
760;1;2
1035;1;1
1501;3;9
816;1;1
6736;2;7
2387;2;8
2418;2;5
6667;2;7
6317;2;7
3074;2;7
6290;1;1
6131;2;7
3166;2;5
195;2;4
726;3;3
1455;1;1
2602;2;8
1674;1;1
275;7;14
2028;2;8
2022;2;8
7561;3;10
1255;2;7
671;5;7
2064;1;1
677;6;11
322;5;18
1120;4;17
2620;2;8
931;3;6
857;4;21
670;3;10
1237;3;16
2604;1;1
1449;3;10
2029;2;9
675;3;17
2585;1;1
514;6;10
1007;2;9
2385;2;3
1188;3;5
3264;1;1
7426;2;4
960;3;7
1149;3;3
1517;6;31
2256;2;7
3191;1;1
3164;2;7
1552;2;4
1540;3;9
3100;2;7
3080;1;1
2970;1;1
2972;1;1
7421;1;1
1103;5;19
285;10;34
1569;2;12
2977;2;2
566;5;9
1506;4;8
2365;1;1
3312;1;1
307;5;12
1774;2;5
7411;3;6
2132;1;1
2878;1;1
1144;3;14
629;7;20
1280;3;11
2968;2;5
1191;2;4
1833;2;2
7428;2;2
1166;4;10
2932;1;1
1314;4;16
635;5;10
2150;1;1
2809;1;1
2007;1;1
2596;1;1
540;8;22
404;8;15
3322;1;1
1349;2;2
1766;2;2
2414;1;1
2369;7;20
1863;1;1
1352;2;14
3362;2;3
490;6;9
1381;1;1
2350;2;2
2807;2;6
800;5;20
232;8;26
598;5;20
2208;2;3
1597;4;9
6434;1;1
2223;2;7
486;6;20
1689;2;14
4888;1;1
3999;1;1
2561;2;3
1658;1;1
3441;1;1
7384;1;1
2379;1;1
1067;2;4
3368;2;4
2374;2;2
3187;1;1
2377;2;5
1173;2;2
657;4;4
297;5;5
610;5;10
990;3;4
1076;1;1
7371;1;1
1399;2;2
1926;2;2
1019;1;1
601;2;3
7448;1;1
1047;2;10
947;2;2
742;2;10
2914;1;1
2906;1;1
2399;3;15
3108;2;9
2967;1;1
2577;3;11
1141;1;1
793;4;25
2841;1;1
2840;2;9
2162;2;9
7456;2;9
618;2;2
7392;1;1
2313;1;1
2232;1;1
3310;1;1
3044;1;1
1728;2;13
7454;1;1
2111;2;7
2070;2;7
7533;1;1
784;8;34
785;7;35
515;2;8
2016;1;1
240;6;27
1276;5;24
1125;3;10
2630;2;7
1001;3;12
924;1;1
2873;1;1
1243;2;2
792;8;28
2891;2;7
3033;2;7
2140;1;1
2126;2;2
1279;2;7
1718;3;12
1717;3;15
1628;2;3
2531;2;7
717;4;13
1077;5;18
1600;2;4
989;1;1
1224;1;1
1214;2;3
2314;1;1
2919;1;1
606;2;4
5415;2;2
2979;2;3
7526;1;1
863;10;22
992;5;8
2155;2;3
2241;3;14
2579;1;1
912;4;6
715;6;8
1618;4;6
1795;2;3
1791;2;4
1779;3;6
1783;3;5
1778;2;3
2936;1;1
1328;5;25
1899;1;1
2078;1;2
5392;2;2
7378;1;1
7584;3;6
608;4;9
445;2;3
1729;2;3
803;3;5
476;5;10
1429;2;3
662;2;5
340;4;9
2541;2;3
865;5;10
920;4;7
1106;7;13
2502;1;1
1947;2;3
533;1;2
1404;3;6
1928;2;4
1623;1;1
1943;1;1
1933;1;1
7395;1;1
7520;3;3
7571;2;2
7576;1;1
3015;1;1
3035;4;18
1801;1;1
1827;2;9
2258;2;4
1530;4;14
1805;1;1
3178;1;1
2718;1;1
3102;1;1
2303;1;1
3063;1;1
2272;2;8
3032;2;8
1803;1;1
3308;1;1
3303;1;1
3174;1;1
3065;1;1
2116;1;1
169;15;36
2114;2;6
1235;5;14
2741;1;1
1920;1;1
2734;1;1
1473;2;7
2677;1;1
568;5;12
7402;1;1
7511;2;2
1094;2;3
1420;1;1
830;3;8
3289;2;3
1874;1;1
7436;1;1
1241;6;9
633;2;9
875;2;6
721;5;10
1428;3;3
1948;2;4
2883;1;1
2880;1;1
1140;4;22
1667;2;5
778;2;3
576;1;1
403;12;18
1975;1;1
1974;2;5
1417;4;9
1236;4;12
1932;1;1
1756;1;1
2182;1;1
1751;1;1
1020;4;12
1809;1;1
2887;2;5
2879;1;1
2151;1;1
2798;1;1
2133;1;1
7389;2;14
2902;1;1
2893;2;6
2195;1;1
2886;1;1
2896;1;1
464;5;7
2380;5;8
3417;1;1
1959;2;3
7545;1;1
7463;1;1
368;5;6
2557;1;1
328;12;25
2995;2;5
283;4;8
673;4;11
144;10;14
688;3;11
1189;3;10
390;4;13
1454;2;5
2237;2;7
2943;1;1
2872;2;6
2854;1;1
1319;1;1
1763;1;1
385;4;17
2220;1;1
3107;2;4
1567;1;1
2337;2;4
1539;2;4
421;2;4
1480;2;13
2160;1;1
1733;3;15
2120;1;1
1719;1;1
2098;3;18
252;13;30
2656;2;13
2137;2;13
2107;2;13
2576;2;13
2508;2;13
357;8;16
2637;1;1
2595;1;1
1963;3;16
1657;4;16
1135;2;2
2766;1;1
704;4;8
2403;2;8
1383;2;9
1582;2;2
1893;2;2
3352;2;8
3361;2;8
3348;2;8
3344;1;1
3226;1;1
1544;6;18
3218;1;1
648;2;7
3411;1;1
2419;1;1
7349;1;1
7422;2;3
3270;2;3
2362;1;1
2364;1;1
740;2;3
1773;2;4
1504;1;1
2184;2;4
3093;1;1
3081;2;15
1614;1;1
2398;4;20
3196;2;15
2366;2;15
3161;1;1
3150;1;1
3126;2;15
3123;1;1
3130;2;15
3104;2;15
3098;1;1
3085;1;1
1814;3;21
3077;1;1
972;2;3
1851;2;3
705;2;3
3186;1;1
1781;1;1
899;1;1
2483;2;5
1095;2;4
2453;2;5
3406;2;3
2816;2;3
2429;1;1
2430;4;5
3409;2;2
2416;1;1
520;4;5
1554;2;4
1200;1;1
7365;1;1
1939;1;1
2682;2;4
2071;3;8
1460;3;7
786;3;5
7570;6;10
1651;2;4
1662;2;5
2544;1;1
1984;1;1
2018;1;1
7572;1;1
2851;1;1
2856;2;4
2594;2;4
1242;1;1
1646;1;1
615;4;8
422;8;12
746;3;6
453;6;18
2800;2;2
814;2;7
2262;1;1
1364;1;1
1866;2;9
3121;1;1
3099;2;7
2297;3;9
3029;1;1
1804;3;9
1105;3;21
3024;1;1
1780;2;2
1758;3;10
2874;1;1
1752;1;1
2863;1;1
2861;1;1
2850;2;11
2847;2;11
2169;2;5
2153;1;1
1485;1;1
2183;1;1
2121;2;2
2175;3;8
745;3;9
968;2;4
2969;1;1
2234;2;2
2768;2;2
2761;1;1
324;7;13
3347;1;1
1838;2;6
2762;2;4
447;3;3
2449;1;1
463;4;8
3346;2;2
3342;1;1
7464;1;1
1263;1;1
1259;4;10
1605;2;3
1448;4;5
1648;2;6
1620;2;6
2857;2;6
1017;1;1
775;2;4
1100;5;8
2685;1;1
2696;1;1
2626;1;1
2046;2;6
2037;1;1
678;4;10
303;4;7
1011;4;11
1684;3;8
480;5;11
911;5;8
1941;2;6
339;3;4
619;7;8
938;4;7
1118;1;1
2667;2;2
1440;4;6
1133;5;9
511;3;5
1511;3;5
1022;4;7
2739;1;1
2083;1;1
2051;1;1
1705;4;17
2723;2;13
2099;1;1
1704;2;2
2688;1;1
2683;2;13
2654;1;1
2678;2;13
2672;2;13
2675;3;15
1700;1;2
2670;2;13
2749;2;13
1660;2;14
2104;1;1
2068;2;2
2706;2;13
405;8;22
2708;1;1
2530;1;1
2101;2;2
1273;4;16
1468;2;2
2087;2;2
2092;2;14
2694;2;13
624;3;15
555;4;6
2991;2;3
2925;2;2
184;9;12
2357;1;1
3331;1;1
3250;1;1
3244;2;4
3416;1;1
3360;1;1
3343;1;1
7419;5;19
2960;2;2
450;2;2
909;3;5
1423;3;4
1616;3;4
2481;1;1
1619;1;1
3415;2;3
2373;2;4
2951;1;1
399;2;4
3440;1;1
3444;1;1
1204;1;2
3395;1;1
3393;1;1
1593;2;3
3383;2;4
1045;2;5
1884;4;11
3318;1;1
3306;1;1
1880;4;8
2080;2;4
7473;1;1
461;1;1
3235;2;3
1405;1;2
1201;1;1
7404;1;1
2043;2;14
1193;1;1
2269;2;2
1690;1;1
2628;2;5
2625;1;1
2623;1;1
1453;2;4
2033;1;1
2096;1;1
7439;1;1
2038;3;3
441;4;7
1665;2;5
1084;2;3
7546;3;3
7424;1;1
1053;4;17
1323;2;6
2985;1;1
1425;2;2
3208;1;1
1821;3;7
7468;1;1
3171;1;1
3412;1;1
3284;1;1
7342;1;1
7469;1;1
3179;2;2
2410;3;5
3403;2;3
1889;2;4
3246;1;1
2304;2;4
1829;1;1
2953;1;1
3302;1;1
7497;1;1
7339;1;1
7581;1;1
3404;1;1
3387;1;1
3379;2;5
2412;2;5
3425;1;1
2411;1;1
273;4;4
1706;1;1
925;3;5
1488;4;10
996;3;4
919;1;1
7451;1;2
1272;3;4
2019;2;4
444;6;9
2473;2;3
2624;1;1
1993;1;1
2455;1;1
827;1;1
1694;3;8
2720;1;1
2490;2;4
2580;2;2
1247;1;1
1990;1;1
1005;1;1
1434;2;6
1244;3;7
481;3;10
1013;1;1
856;3;5
7329;1;1
6644;2;2
2229;1;1
6958;1;1
3353;2;3
1879;4;7
3445;1;1
1397;1;1
1388;2;5
1915;1;1
2041;4;5
1058;2;2
1777;2;2
2610;1;1
1099;3;8
2663;1;1
2842;1;1
1683;4;10
2005;2;3
1951;2;7
1431;2;2
668;4;7
7524;2;2
722;3;3
922;3;3
999;3;7
1930;3;5
959;2;2
2309;2;3
2274;1;1
7418;2;3
7539;1;1
3031;2;2
502;3;6
1607;1;1
1594;1;1
2415;2;4
3398;1;1
3429;1;1
3426;1;1
3423;1;1
2413;1;1
3374;1;1
7370;1;1
3220;2;5
3213;2;5
3251;1;1
3285;1;1
3137;2;4
957;1;1
2933;2;6
2931;2;6
410;3;5
2911;2;6
2702;2;6
2193;2;7
2805;1;1
765;1;1
1592;1;1
2521;2;2
1071;2;2
2170;1;1
2165;1;1
2066;2;2
2684;1;1
2864;2;8
2862;2;8
2855;1;1
2838;1;1
343;3;6
325;5;19
1738;2;2
2774;1;1
1811;3;9
1671;1;1
7556;1;2
2299;3;15
1820;1;1
3079;2;5
3408;2;3
3396;1;1
2394;2;2
7502;3;5
7367;1;1
2225;1;1
3381;2;3
3371;1;1
2673;1;1
2421;1;1
1559;3;6
1591;1;3
895;4;9
3321;1;1
3294;1;1
3282;1;1
1227;1;1
1228;2;3
1216;1;1
1096;1;1
1097;1;1
1092;1;1
1231;1;1
1223;1;1
998;1;1
1217;1;1
1215;1;1
1211;1;1
1213;1;1
1079;1;1
1081;2;6
1418;1;1
1414;1;1
1408;1;1
1412;1;1
1411;1;1
1410;1;1
997;2;2
991;2;2
1403;1;1
1406;1;1
1219;1;1
1089;2;2
1609;1;1
1608;1;1
1437;1;1
3182;1;1
1439;1;1
849;3;20
2575;2;6
2572;2;6
1659;3;4
2549;1;1
2551;1;1
3212;1;1
791;4;5
2701;2;2
2653;1;1
2216;2;2
1850;1;1
2993;1;1
3267;1;1
2895;2;2
2242;2;2
2406;2;3
2526;1;1
2527;2;2
852;2;3
2245;1;1
2717;1;1
2094;1;1
477;3;6
2509;1;1
2510;2;8
1641;2;2
2507;2;8
2522;2;8
2518;2;8
2514;2;8
2515;1;1
2568;1;1
1644;1;1
2318;4;8
2584;1;1
7498;4;26
7481;2;3
3389;1;1
2325;2;4
1039;3;4
2236;1;1
1770;1;1
2905;2;3
1026;2;3
3094;2;3
1357;2;4
495;3;7
1377;1;1
1561;1;1
3262;2;3
1888;1;1
2348;2;4
3384;3;3
1761;2;6
737;3;7
2469;2;4
2456;1;1
7440;2;5
3152;1;1
2251;2;2
1852;2;7
541;8;9
763;2;2
2226;2;7
2197;1;1
2219;2;3
2939;2;7
2934;2;7
1507;2;8
2894;1;1
963;2;3
3115;1;1
1995;1;1
1913;2;3
1969;2;3
2451;2;2
2294;1;1
581;2;7
1463;1;1
1685;3;8
2822;1;1
2545;1;1
2564;1;1
1999;1;1
1647;3;11
213;4;8
808;1;1
261;1;1
218;9;16
3277;1;1
3338;1;1
839;4;8
2393;3;8
2971;2;2
7340;2;2
2609;1;1
864;2;5
2248;1;1
1692;2;3
2639;2;4
2574;1;1
858;3;6
425;3;3
3169;2;3
2714;1;1
2824;1;1
2156;1;1
1277;1;1
2815;1;1
3386;2;2
1234;3;3
1845;2;2
2213;1;1
1765;2;14
2990;2;3
3025;1;1
761;4;4
837;1;1
835;1;1
2246;1;1
2240;2;4
1514;1;1
1154;4;7
2965;2;4
995;3;5
1786;1;1
2659;2;2
1655;1;1
1964;2;4
1245;2;3
1668;1;1
1682;1;1
1527;3;4
2264;1;1
2224;2;3
1961;1;1
3248;1;1
3337;3;4
2392;2;2
363;2;4
1841;2;14
1160;2;2
7343;1;1
1965;2;2
1299;2;5
2634;2;2
2231;2;8
2191;2;2
1806;2;13
3117;1;1
2963;1;1
2924;2;13
3125;1;1
2286;1;2
2254;3;15
3022;2;13
3016;1;1
3003;1;1
2988;2;13
2958;1;1
2935;1;1
1515;1;1
1753;1;1
595;2;4
2946;1;1
2679;1;1
1696;2;2
7530;2;3
1557;2;4
2323;2;4
3333;1;1
1565;2;5
1354;3;6
3017;2;2
1604;1;1
582;1;1
7383;1;1
7527;2;2
364;5;6
1073;4;5
1207;1;1
2611;1;1
1966;2;5
2618;1;1
2012;1;1
2000;2;2
2566;1;1
674;3;3
574;4;20
1982;2;2
1014;3;4
1447;1;1
2550;1;1
3239;1;1
3034;1;1
388;3;5
573;1;1
7460;1;1
1330;1;1
903;1;1
889;1;1
1391;1;1
2424;1;1
1918;4;6
7332;1;1
2978;2;3
2265;2;4
2983;2;3
1955;2;4
2069;2;3
2606;2;2
3114;2;4
2187;1;1
6786;2;3
6123;1;1
1587;1;1
2450;1;1
1968;1;1
584;3;3
620;6;8
2598;1;1
1433;2;2
2004;2;4
2636;1;1
2976;2;2
823;1;1
1062;2;4
1855;1;1
3175;2;3
2657;1;1
1935;2;2
2466;2;3
2732;2;2
1143;2;2
631;1;1
1712;1;1
1722;2;4
1617;2;4
1268;1;1
667;3;5
756;3;3
2074;3;3
1994;1;1
1973;2;3
2525;1;1
1892;1;1
1443;1;1
1257;4;6
1789;2;2
2686;1;1
556;1;1
887;6;11
1344;1;1
3109;1;1
1890;2;4
3380;2;4
1997;2;7
2462;1;1
1653;2;9
1996;1;1
2570;1;1
2471;2;7
2464;1;1
1334;1;1
2503;1;1
1101;3;6
7413;2;2
1252;2;4
1654;2;4
1432;2;2
2553;1;1
7373;6;7
7519;2;13
1695;1;1
1727;3;3
2532;2;2
913;3;6
714;2;2
3261;1;1
1624;3;5
239;8;15
1464;1;2
1645;1;1
2076;1;1
1958;2;11
1972;1;1
2642;1;1
2562;1;1
2535;1;1
448;3;15
571;4;16
1110;1;1
2524;2;2
2400;1;1
1181;3;5
2329;2;2
418;2;2
1858;1;1
1575;1;1
1864;3;6
3230;1;1
3280;2;3
3273;1;1
3420;1;1
1588;3;5
2523;1;1
1713;2;3
2482;2;2
1229;1;1
1676;2;3
2733;2;3
723;2;5
2736;2;3
2729;1;1
1122;3;6
2009;3;3
1740;4;4
7375;5;5
1739;2;3
1970;2;5
2792;1;1
2790;3;5
2916;1;1
1498;4;19
1802;3;3
1369;1;1
2959;1;1
2010;2;2
2194;2;2
805;1;1
1916;2;3
7455;2;2
2476;2;2
426;2;2
2647;1;1
282;2;5
575;3;6
1612;3;5
1669;2;2
1931;3;6
2928;2;2
1119;3;16
1688;2;2
2669;2;2
679;3;4
1121;2;2
1262;2;3
1142;1;2
1206;1;1
1203;1;1
1595;1;1
1598;1;1
2435;1;1
3450;1;1
387;3;8
2583;2;3
1266;1;1
724;1;1
2052;1;1
2025;1;1
2589;1;1
806;2;3
2984;2;3
3350;1;1
2347;1;1
7467;1;1
2829;1;1
2827;1;1
1938;2;2
1221;2;2
7437;1;1
1123;3;4
2047;1;1
3106;1;1
3223;1;1
1446;1;1
2680;1;1
612;6;9
2045;1;1
2799;1;1
2785;1;1
3190;2;2
3334;1;1
3172;2;3
1426;1;1
2202;2;2
1444;2;3
929;1;1
2664;2;3
1303;2;3
2834;1;1
1296;1;1
2833;2;2
2013;1;1
1015;2;3
2581;1;1
1953;1;1
616;3;5
1102;3;5
1940;2;3
2035;1;1
2023;1;1
1934;1;1
828;3;3
414;1;1
1002;1;1
1240;3;3
2661;1;1
2601;2;4
2054;2;2
7529;2;2
3325;1;1
3040;1;1
3086;1;1
1016;2;2
1626;2;3
2484;2;2
921;3;3
1944;2;4
1937;1;1
1625;3;5
2463;2;4
1945;1;1
2461;2;2
1680;1;1
2044;2;4
3205;2;4
855;1;1
1991;1;1
1012;5;6
788;1;1
2407;3;3
1707;1;1
3007;3;3
1321;1;1
1924;2;3
2512;2;2
782;2;2
1438;1;1
2015;1;1
359;5;11
2062;1;1
2060;1;1
2617;1;1
2061;1;1
2616;1;1
2059;2;11
2058;2;11
2057;1;1
2056;1;1
2055;1;1
2189;1;2
3012;2;2
2852;2;2
465;5;6
559;3;3
2668;2;2
2042;1;1
2034;2;3
3257;1;1
3146;2;2
3069;1;1
7338;1;1
560;1;1
3424;1;1
3399;1;1
2409;1;1
3128;1;1
3413;1;1
676;7;8
2547;1;1
1114;2;14
2008;3;4
2599;3;4
2998;1;1
2123;2;2
1161;2;2
7333;2;5
2890;2;5
2949;2;5
2212;2;6
2929;2;5
1196;2;2
3359;1;1
2974;2;3
1666;2;3
1115;3;4
2699;1;1
2648;2;3
2506;2;4
1956;3;5
2622;2;2
2036;1;1
2832;2;4
2164;1;1
2130;2;4
797;1;1
2835;1;1
2938;1;1
2956;2;2
1857;2;2
415;2;4
829;2;3
3324;1;1
901;1;1
1927;1;1
1419;4;4
2555;2;2
7374;5;18
831;2;2
861;1;1
1549;3;5
3201;2;3
3301;2;2
2370;1;1
7541;1;1
1825;2;2
2014;1;1
1979;1;1
1238;1;1
2501;1;1
2500;1;1
1630;3;6
1637;1;1
2491;2;2
2496;1;1
927;5;21
2048;3;3
1971;3;4
1265;1;1
923;1;2
1962;2;5
1246;1;1
950;2;2
1366;3;4
3326;2;2
1878;2;2
985;2;2
1898;1;1
652;2;2
2538;2;3
2537;1;1
2546;1;1
1652;3;4
2480;1;1
2901;1;1
1912;2;4
2937;1;1
1627;2;3
1980;2;2
2082;1;1
2569;2;4
2567;1;1
867;2;3
577;3;5
2603;2;3
1675;2;4
2560;1;1
1699;1;1
628;2;2
2994;2;2
7331;1;1
2233;1;1
1622;2;2
3340;2;3
3320;1;1
1907;1;1
794;1;1
2593;1;1
1985;2;2
2345;1;1
1000;1;1
2548;1;1
1679;1;1
2539;2;2
1978;2;2
2030;2;3
2658;1;1
1291;2;2
2899;1;1
2973;1;1
1341;1;1
819;1;1
644;2;3
3216;1;1
2316;2;2
2529;3;4
1798;3;3
1633;2;2
2665;1;1
776;2;2
2474;1;1
2460;2;3
2859;1;1
2643;1;1
2614;1;1
1639;2;3
2591;1;1
1260;1;1
2026;2;3
2755;2;2
2910;2;2
3252;1;1
3249;2;7
3243;1;1
3153;1;1
1543;1;1
3090;2;7
2590;1;1
1466;2;3
1281;2;2
1474;3;5
2040;2;3
2039;2;3
1435;2;4
2027;1;1
2705;1;1
2681;2;3
2753;1;1
3357;1;1
2154;2;2
7441;1;1
880;1;1
1848;1;1
3258;2;2
3219;1;1
834;2;2
611;3;7
2517;2;3
2505;2;3
2554;1;1
1441;1;1
1008;4;7
2843;1;1
2640;1;1
2645;2;3
2646;1;1
1469;1;1
5660;1;1
789;1;1
2088;1;1
1710;2;2
1769;4;18
3151;1;1
2207;2;16
1747;1;1
2882;1;1
2913;1;1
2831;2;2
2341;1;1
3110;2;2
3207;1;1
3165;2;4
2343;1;1
3160;1;1
2425;1;1
3170;2;2
2423;1;1
2452;2;3
2722;2;4
2571;1;1
2533;2;2
820;1;1
2704;1;1
2100;1;1
2649;2;2
2534;2;2
3058;1;1
1677;2;3
2592;2;3
930;3;5
1686;2;5
2612;2;3
2050;2;3
2112;1;1
2776;2;3
2719;2;3
2721;2;3
2715;1;1
1701;3;6
948;2;2
3204;1;1
833;2;2
3480;2;2
1687;2;3
2495;2;3
2478;2;2
1661;2;2
790;2;2
2615;2;2
1656;2;2
4311;1;1
731;1;1
2765;1;1
2860;1;1
2877;2;2
3005;2;2
2912;1;1
3067;1;1
1823;2;3
1183;1;1
978;1;2
1897;1;1
3358;1;1
3288;1;1
3276;1;1
2475;2;2
7449;1;1
2494;2;3
1253;2;2
2011;2;2
928;1;1
1451;2;2
2072;1;1
7414;1;1
7396;1;1
7409;1;1
2724;2;4
2728;2;4
2641;1;1
7453;1;1
2836;1;1
795;1;2
1312;1;1
1503;1;1
2174;1;1
2186;1;1
1486;3;17
1741;3;18
2917;1;1
2884;2;15
2875;1;1
2871;1;1
2867;2;15
2849;2;15
2230;1;1
811;2;2
3238;1;1
2339;2;2
3323;2;2
3376;1;1
3240;1;1
3188;2;3
3268;2;3
2420;1;1
836;1;2
838;1;1
3021;1;1
2711;1;1
1960;1;1
2543;1;1
2703;1;1
1124;3;4
2629;1;1
1467;1;1
1585;2;2
873;1;1
7476;1;1
7230;1;1
3237;2;2
3419;1;1
3446;2;2
907;1;1
3097;2;2
2542;2;2
2573;1;1
2021;1;1
1126;1;2
2075;1;1
936;1;3
1275;2;3
2726;2;2
2948;1;1
1479;2;6
2161;2;2
1799;1;1
2218;1;1
3162;1;1
3055;1;1
2214;1;1
1563;1;1
2359;2;2
1954;1;1
3291;2;2
2457;1;1
2458;1;1
1006;3;16
3405;1;1
2115;1;1
2110;2;3
2730;1;1
2600;1;1
2158;2;2
1037;2;3
1329;2;2
7416;3;5
7458;1;1
2982;1;1
3157;1;1
3263;1;1
2489;2;2
2689;1;1
2470;2;2
2081;1;1
2513;2;3
2516;1;1
1112;1;1
2020;1;1
2095;2;3
2063;1;1
3184;1;2
3008;1;1
3168;1;1
6166;2;2
3199;2;2
3255;1;1
3315;2;2
3311;2;3
1869;1;1
7163;2;2
2444;1;1
2608;1;1
2477;1;1
2504;2;2
1643;1;1
2691;2;4
2588;1;1
2563;1;1
1250;2;3
2587;2;2
2032;1;1
2712;2;2
2674;2;3
2085;1;1
1745;2;2
3225;1;1
2888;1;1
1345;1;2
2349;1;1
2390;2;2
7346;1;1
1384;1;1
1902;1;1
7273;1;1
7198;2;4
7385;1;1
1389;2;2
3388;2;2
2635;1;1
2597;1;1
2528;2;2
2644;2;2
1452;2;2
2073;1;1
1462;3;5
2084;2;2
2676;1;1
2757;2;2
2131;1;1
1631;1;1
3278;2;2
3266;2;2
1572;1;1
2487;3;3
2540;1;1
2067;1;1
1629;4;5
1950;2;4
1949;2;4
2655;1;1
2964;1;1
1650;1;1
2627;2;2
2089;2;2
1663;1;1
1670;2;13
1672;2;13
1681;2;13
2662;1;1
2621;1;1
1698;2;2
2666;1;1
2671;1;1
2692;2;2
2716;2;2
2735;1;1
1723;1;1
2769;1;1
2897;1;1
2940;2;2
2203;1;1
3030;1;1
3140;2;2
3209;1;1
3242;2;2
3265;1;1
3195;1;1
3272;1;1
1870;1;2
3271;1;2
3214;2;2
3397;1;1
3401;1;1
3390;1;1
2751;1;1
1976;1;3
1987;1;1
2578;2;3
2613;1;1
2697;1;1
2049;2;13
2660;1;1
7450;1;1
6157;1;1
3363;1;1
7452;1;1
2737;2;2
7344;1;1
2885;1;1
2205;1;1
2221;1;1
2222;2;2
7462;1;1
2259;2;2
3287;1;1
2319;1;1
2322;1;1
2327;1;1
3391;2;3
3449;1;1
3377;1;1
3436;1;1
3435;1;1
3432;1;1
7364;1;1
2382;2;2
3299;1;1
3327;1;1
3183;1;1
2440;2;2
2493;1;1
2536;1;1
2607;1;1
2652;2;2
2748;1;1
2788;1;1
2789;1;1
2794;1;1
2811;1;1
2900;1;1
2975;1;1
3095;1;1
3136;1;1
3138;1;1
3217;1;2
3197;1;1
3227;1;1
3228;1;2
6336;2;2
3296;1;1
3314;2;2
3394;2;3
5029;2;14
7405;1;1
7407;1;1
7430;1;1
7465;1;1
5837;2;2
7363;2;2
7376;1;1
7461;2;6
7466;1;1
31.209052801132202
