i;|Xi|;|F(Xi)|;profundidad4;dirección1;prob vecinos1
1;3243;3250
7188;1;1
430;2958;3134
3134;3129;3206
3026;3081;3182
3010;3081;3191
804;3149;3210
160;3143;3207
95;3217;3241
377;3081;3187
888;3099;3202
89;3236;3249
1901;3081;3185
161;3200;3234
256;3191;3232
351;3152;3206
3329;3081;3189
3341;3081;3184
649;3154;3220
1583;3081;3189
87;3213;3238
37;3223;3242
309;3184;3220
821;3110;3198
1496;3089;3189
637;3141;3197
964;3144;3209
594;3131;3208
2249;3081;3178
554;3119;3199
20;3214;3235
2227;3081;3190
1315;3081;3180
519;3171;3224
1316;3081;3190
2149;3084;3183
1724;3119;3206
18;3225;3244
57;3203;3239
118;3174;3219
3254;3156;3212
1177;3081;3184
112;3179;3222
11;3238;3253
586;3147;3212
35;3219;3242
15;3221;3244
1445;3141;3210
152;3185;3223
2;3241;3251
113;3232;3243
44;3213;3237
2401;3118;3200
10;3244;3252
2378;3100;3187
126;3168;3209
3245;3081;3192
783;3174;3225
493;3159;3216
1358;3152;3207
1180;3139;3199
529;3129;3207
333;3171;3221
1538;3123;3209
2282;3081;3197
1519;3102;3192
2966;3081;3185
474;3140;3208
330;3173;3225
958;3152;3210
17;3230;3246
1295;3156;3216
38;3213;3237
1952;3081;3184
223;3195;3233
625;3124;3194
1392;3121;3200
3355;3081;3188
1881;3081;3192
58;3201;3231
96;3180;3222
1580;3109;3190
196;3181;3221
146;3207;3236
416;3152;3207
1198;3121;3204
3319;3081;3182
1867;3099;3185
896;3140;3205
617;3146;3202
3300;3081;3194
1877;3084;3183
462;3155;3207
3279;3081;3177
454;3178;3214
1860;3094;3176
121;3189;3227
151;3124;3195
1570;3123;3190
1573;3138;3199
1063;3152;3211
1353;3101;3186
459;3159;3219
2334;3144;3205
1267;3118;3201
1060;3150;3207
1061;3148;3207
7431;3145;3203
1355;3081;3187
71;3158;3213
3070;3081;3189
2113;3081;3179
3001;1997;2829
396;3197;3232
2260;3081;3178
142;3216;3241
2238;3082;3182
123;3200;3230
2942;3081;3184
1509;3112;3187
7410;3097;3183
1760;3157;3216
2876;3081;3190
259;3191;3232
1493;3149;3216
2845;3081;3194
370;3176;3228
2844;3081;3182
2167;3149;3209
156;3211;3234
2808;3081;3176
255;3210;3238
736;3109;3196
7603;3216;3242
346;3172;3214
9;3237;3252
75;3230;3243
175;3207;3236
2754;3081;3186
22;3222;3246
155;3193;3233
1261;3083;3181
2552;2698;3048
2586;3081;3189
710;3200;3231
578;3144;3208
472;3125;3201
2472;2266;2885
1606;3094;3183
4;3234;3243
563;3158;3211
744;3122;3192
3422;3081;3190
250;3211;3239
249;3187;3222
2427;3081;3191
3414;3081;3174
1590;3119;3200
2305;3120;3205
1900;3100;3183
3392;2768;3061
1065;3130;3200
1147;3160;3210
1072;3130;3200
3375;3081;3182
1024;3136;3207
709;3089;3182
1382;3099;3189
3332;3081;3190
1885;3100;3181
3330;3081;3188
1197;3117;3204
3316;3081;3184
1886;3086;3184
154;3213;3238
1522;3128;3201
2391;3081;3191
3298;3081;3179
432;3105;3187
3292;3081;3183
3290;3081;3169
7597;3134;3209
3274;2635;3033
1875;3114;3200
291;3160;3213
158;3166;3214
1579;3123;3195
1846;3118;3202
1066;3086;3181
290;3198;3228
3233;3081;3182
891;3147;3206
247;3167;3222
1856;3133;3204
3211;3081;3175
115;3196;3233
1365;3088;3185
483;3183;3222
3210;3081;3186
3189;3081;3193
3193;3081;3185
2352;3133;3210
1847;3115;3192
3173;3081;3181
1051;3155;3209
1843;3154;3209
2342;3101;3187
7341;3175;3218
3139;3081;3186
1186;3133;3201
3167;3081;3186
3149;3081;3182
1842;3101;3182
3156;3081;3178
3141;3081;3188
817;3107;3196
1840;3122;3198
1839;3144;3209
2324;3098;3193
3143;3081;3182
3142;3081;3186
174;3196;3230
2315;3144;3201
1356;3150;3204
1835;3156;3219
296;3189;3223
3118;3081;3194
1542;3137;3201
3111;3081;3189
753;3146;3207
3088;3081;3184
395;3178;3225
3068;3081;3179
3042;3081;3173
1442;3122;3201
1339;3149;3209
596;3167;3225
2281;3086;3180
222;3175;3217
194;3148;3210
3064;3081;3183
1812;2954;3120
1796;3138;3205
701;3167;3218
124;3208;3236
3057;3081;3182
7427;3093;3191
2276;3102;3192
2271;3088;3185
1525;3136;3200
2235;3088;3180
3027;3081;3188
2090;3081;3179
1342;3161;3215
331;3164;3214
3023;3081;3182
2261;3097;3195
68;3179;3224
116;3192;3227
1043;3159;3208
3020;3081;3182
491;3191;3220
179;3169;3222
2252;3129;3203
214;3178;3220
439;3148;3216
2147;3126;3190
1167;3141;3207
697;3162;3212
67;3220;3235
1793;3097;3197
258;3171;3220
1340;3123;3206
2996;3081;3177
1520;3081;3182
1336;3160;3211
30;3204;3236
178;3182;3229
747;3140;3204
2962;3081;3186
2952;3081;3189
455;3131;3198
260;3202;3229
623;3212;3242
29;3233;3244
1510;3104;3189
2927;3081;3189
301;3128;3208
2907;3081;3184
2909;3081;3186
1148;3113;3189
955;3182;3222
1502;3137;3204
2853;2827;3073
1500;3089;3180
2178;3091;3186
1320;3108;3201
874;3135;3207
2177;3097;3185
2892;3081;3185
636;3096;3176
1034;3164;3212
1494;3176;3226
276;3151;3215
1318;3104;3191
117;3215;3239
1492;3122;3202
1302;3097;3182
1313;3106;3191
1491;3132;3204
2870;3081;3191
2181;3093;3191
1309;3150;3213
1750;3097;3186
2848;3081;3176
1458;3138;3209
951;3156;3212
1029;3150;3206
2176;3105;3190
2846;3081;3187
347;3207;3238
2173;3086;3195
2826;3081;3185
1742;3121;3206
2166;3090;3189
2823;3081;3167
2820;3081;3190
2814;3081;3185
1736;3110;3195
1025;3173;3219
1482;3122;3196
1483;3122;3202
2152;3098;3192
2806;3081;3177
1128;3150;3218
2801;3081;3183
2795;3081;3175
1290;3125;3191
1288;3154;3211
1436;3132;3209
2498;3081;3182
2784;3081;3187
587;3202;3232
2780;3081;3188
2779;3081;3181
305;3184;3222
944;3132;3208
2129;3127;3205
683;3175;3230
42;3226;3242
1136;3165;3220
1283;3149;3205
2127;3102;3184
2093;3111;3192
1284;3167;3218
72;3229;3246
264;3198;3234
2756;3081;3192
1285;3157;3213
613;3188;3232
304;3178;3221
1282;3158;3207
4721;3119;3208
1475;3185;3225
2746;3081;3196
1715;3097;3190
734;3172;3222
2108;3082;3183
1923;3081;3187
1465;3118;3189
2742;3081;3184
2117;3081;3179
1720;3096;3190
90;3234;3243
2731;3081;3176
1457;3090;3186
2725;3081;3176
2109;3082;3188
543;3126;3196
2102;3089;3198
712;2603;3006
231;3200;3233
2687;3081;3186
1708;3108;3196
1129;3148;3213
76;3194;3229
2065;3089;3184
1251;3086;3192
1248;3128;3208
725;3145;3214
2559;3081;3187
507;3152;3211
1942;3092;3199
1232;3174;3219
534;3168;3223
994;3129;3203
503;3197;3232
2448;3081;3189
846;3133;3205
1028;3082;3187
2367;3082;3187
2296;3082;3197
379;3197;3231
3421;3082;3178
3418;3082;3186
3402;3082;3186
3385;3082;3187
3367;3082;3179
3349;3082;3186
545;3178;3218
1589;3119;3193
3339;3082;3189
2402;3087;3188
3335;3082;3185
3317;3082;3186
1862;3098;3186
3313;3082;3176
3295;3082;3181
2383;3081;3180
1195;3134;3198
3283;3082;3184
2375;3094;3190
292;3152;3216
3256;3082;3197
3259;3082;3185
3253;3081;3177
3247;3082;3190
2368;3097;3193
1574;3137;3210
3215;3082;3186
3202;3082;3192
2351;3085;3185
3163;3082;3176
2338;3111;3194
1521;3087;3199
3148;3082;3181
3124;3082;3186
3113;3082;3191
3013;3082;3191
1826;3096;3189
3103;3082;3185
1822;3086;3184
3101;3082;3187
3083;3082;3180
3084;3082;3186
3078;3082;3193
3062;3082;3186
3059;3082;3195
2273;3082;3182
3048;3082;3184
523;3159;3203
373;3164;3214
1331;3133;3200
3004;3082;3187
3006;3082;3178
810;3162;3204
3000;3082;3174
2999;3082;3184
2989;3082;3172
1337;3138;3217
2941;3082;3180
2947;3082;3185
2945;3082;3183
2926;3082;3178
2217;3149;3211
1505;3104;3194
2920;3082;3178
2782;3082;3178
2904;3082;3187
2898;3082;3185
2198;3103;3188
2881;3082;3183
2185;3103;3196
2858;3082;3181
1749;3108;3195
2837;3082;3190
517;3161;3213
2163;3097;3183
2830;3082;3185
2632;3082;3193
796;3160;3215
2810;3082;3184
2144;3119;3188
2136;3119;3196
2793;3082;3188
2786;3082;3191
2783;3082;3176
2775;3082;3185
2772;3082;3180
2771;3082;3184
2767;3082;3185
2764;3082;3180
2763;3082;3183
2752;3082;3193
2750;3082;3175
2747;3082;3179
2119;3110;3200
2744;3082;3184
2743;3082;3186
2707;3082;3184
2713;3082;3183
2700;3082;3187
1413;3113;3194
2695;3082;3188
2619;3082;3186
2605;3082;3190
1117;3125;3195
300;3178;3218
7348;3082;3195
7425;3124;3201
7557;3130;3202
7589;3161;3214
1368;2994;3143
164;3176;3214
244;3182;3225
62;3202;3227
2244;2951;3124
148;3199;3232
7403;3117;3185
52;3208;3237
159;3199;3227
66;3216;3238
60;3169;3211
585;3129;3205
97;3221;3241
2006;3138;3200
1421;3147;3202
353;3184;3224
51;3214;3234
185;3206;3232
312;3196;3233
168;3203;3235
354;3108;3191
108;3202;3233
91;3193;3226
40;3229;3243
271;3172;3221
119;3194;3233
54;3221;3241
375;3130;3199
177;3235;3247
31;3236;3247
47;3214;3240
23;3200;3233
74;3201;3235
165;3185;3223
306;3181;3219
8;3223;3242
242;3195;3232
412;3185;3222
381;3180;3226
561;3183;3220
216;3172;3227
107;3198;3234
681;3184;3221
79;3203;3231
272;3226;3245
39;3222;3238
150;3228;3241
181;3156;3212
109;3212;3238
2404;3138;3204
24;3229;3247
19;3223;3240
7;3225;3244
348;3149;3211
473;3162;3210
1921;3120;3193
99;3209;3238
1380;3155;3206
73;3197;3234
85;3219;3236
189;3179;3225
787;3178;3215
133;3203;3233
1709;3167;3216
658;3158;3211
293;3088;3183
768;3151;3215
45;3227;3243
471;3141;3202
1632;3151;3207
281;3014;3160
269;3135;3207
2336;3151;3210
206;3158;3208
241;3182;3221
190;3195;3230
7577;3188;3227
798;3210;3237
211;3207;3239
140;3216;3239
217;3194;3229
182;3188;3223
236;3188;3224
777;3208;3242
1098;3168;3219
106;3229;3243
237;3192;3229
1401;3103;3195
1409;3159;3210
769;3158;3214
1209;3163;3216
917;3176;3216
114;3115;3183
2698;3138;3209
1127;3170;3222
1009;3118;3199
1386;2962;3131
173;3180;3223
43;3219;3238
647;3178;3227
5;3221;3240
1156;3176;3220
553;3120;3195
170;3154;3211
93;3194;3230
145;3219;3243
1523;3038;3161
350;3188;3221
77;3225;3240
1785;3151;3210
166;3202;3227
489;3196;3230
25;3226;3244
83;3205;3234
277;3186;3223
70;3214;3232
1487;3161;3215
270;3203;3232
871;3157;3216
389;3120;3192
544;3144;3214
2631;2606;3014
672;3182;3225
137;3207;3229
424;3186;3227
65;3224;3245
1693;3147;3209
475;3061;3176
449;3173;3215
1998;3143;3204
1977;3138;3199
915;3153;3212
63;3208;3237
1957;3140;3206
1635;3166;3212
508;3186;3231
2499;3138;3202
2497;3138;3193
299;3207;3233
1225;3143;3204
238;3176;3218
2488;3138;3196
1936;3138;3209
382;3193;3231
355;3178;3224
1090;3159;3205
1222;3166;3214
21;3224;3248
564;3176;3218
2459;3138;3187
774;3175;3223
209;3192;3222
1922;3157;3217
504;3163;3206
987;3143;3203
2446;3138;3198
986;3168;3219
1603;3145;3203
446;3170;3217
436;3151;3199
512;3176;3223
767;3148;3206
469;3178;3226
188;3203;3232
257;3188;3230
7400;3168;3207
263;3166;3212
562;3187;3226
1691;3199;3233
14;3224;3239
13;3203;3234
139;3192;3225
318;3193;3237
862;3188;3217
251;3181;3220
111;3198;3233
16;3233;3244
5342;3212;3233
3;3238;3251
219;3205;3233
268;3188;3230
2839;3139;3206
1929;3141;3200
420;3169;3220
532;3173;3223
7401;3164;3217
200;3167;3217
402;3172;3219
7508;3138;3205
7552;3214;3245
7500;3147;3204
7482;3159;3210
7583;3180;3219
971;3095;3180
92;3183;3225
7336;3054;3168
1545;3013;3157
103;3195;3229
207;3163;3207
6;3223;3239
7380;3086;3176
287;3173;3215
754;3110;3190
26;3216;3238
34;3201;3240
525;3055;3165
56;3185;3222
1849;3013;3150
557;3088;3176
208;3139;3221
1558;3026;3166
2346;3013;3152
974;3120;3191
262;3153;3213
2001;3092;3180
815;3132;3203
120;3129;3203
492;3167;3218
1175;3132;3199
32;3224;3241
172;3180;3222
1347;3077;3173
1338;3013;3150
105;3201;3235
818;3082;3186
890;3073;3174
1362;3025;3151
1547;3013;3134
1056;3097;3198
2280;3139;3201
879;3103;3187
36;3203;3233
590;3026;3154
3260;3013;3153
1174;3096;3189
3198;3013;3139
460;3125;3212
3200;3013;3143
589;3129;3196
433;3088;3188
81;3176;3223
7509;3150;3211
973;3034;3148
1555;3062;3174
3154;3013;3153
7595;3187;3221
1361;3075;3173
2331;3033;3158
509;3161;3217
969;3109;3183
197;3187;3227
621;3142;3205
1036;3052;3168
1054;3163;3210
1818;3013;3158
358;3174;3222
748;3173;3217
88;3203;3235
163;3178;3223
1576;3022;3160
2353;3013;3152
3221;3013;3150
136;3218;3244
1367;3054;3166
7512;3168;3216
757;3092;3180
49;3190;3227
646;3059;3174
2328;3043;3164
1360;3068;3168
7377;3147;3212
2321;3013;3144
125;3190;3222
1548;3077;3162
1837;3025;3162
1834;3036;3154
703;3162;3208
1456;3125;3200
7406;3058;3169
1832;3036;3162
3105;3013;3140
641;3174;3219
320;3181;3222
885;3114;3198
632;3183;3220
2300;3013;3149
702;3085;3179
228;3190;3228
752;3147;3204
2291;3013;3149
656;3131;3195
877;3105;3182
2293;2988;3130
650;3144;3211
3328;3013;3155
720;3113;3176
1379;3136;3208
3275;3013;3141
345;3183;3230
336;3100;3186
295;3194;3226
1375;3069;3162
435;3027;3159
7390;3116;3203
12;3216;3237
1853;3042;3167
1184;3078;3166
1064;3078;3183
1560;3068;3175
988;3133;3197
203;3197;3235
976;3101;3196
289;3154;3212
7394;3084;3173
3203;3013;3141
1844;2019;2795
2053;3044;3159
1363;3150;3207
3181;3013;3145
288;3188;3225
2263;3014;3150
3132;3013;3154
1059;3126;3190
2332;3014;3155
691;3047;3176
1550;3144;3203
286;3170;3211
205;3189;3223
1359;3127;3194
1459;3107;3190
135;3187;3225
7432;3101;3179
1815;3039;3153
3127;3013;3152
1836;3039;3156
266;3189;3224
2311;3077;3181
2308;3073;3175
27;3187;3228
755;3014;3155
2306;3013;3160
5679;3123;3188
1790;3035;3174
937;3144;3203
100;3200;3230
53;3179;3219
2298;3018;3144
3087;3013;3156
1274;3069;3162
227;3179;3222
1348;3107;3193
2295;3013;3149
394;3116;3200
3043;2950;3132
2285;3013;3151
1536;3134;3201
883;3129;3196
199;3185;3230
2290;3036;3153
1816;3150;3217
1524;3089;3189
1169;2834;3078
749;3022;3157
876;3173;3216
33;3215;3241
1824;3014;3156
7525;3145;3211
638;3134;3196
162;3177;3216
886;3059;3179
2903;3014;3154
3049;3014;3146
7604;3234;3241
215;3121;3202
479;3162;3218
302;3155;3221
131;3205;3236
859;3095;3175
437;3119;3204
1398;3062;3171
423;3110;3193
510;3132;3204
224;3158;3215
7582;3143;3210
311;3117;3196
1230;3056;3167
1239;3093;3181
567;3104;3197
466;3114;3201
1085;3060;3161
771;3096;3186
1270;3094;3184
1264;3129;3199
3774;3136;3203
1003;3115;3191
367;3128;3202
1107;3078;3182
661;3092;3182
274;3182;3228
654;3095;3183
910;3064;3180
1091;3092;3188
84;3189;3226
531;3139;3198
501;3106;3195
583;3082;3172
1702;3132;3210
3356;3056;3181
733;3141;3202
356;3162;3207
1678;3056;3173
1010;3092;3192
7596;3173;3216
781;3104;3194
2017;3056;3178
2002;3056;3172
572;3144;3204
202;3162;3214
664;3156;3220
1636;3132;3198
326;3183;3232
341;3129;3211
538;3075;3182
1233;3073;3191
2492;3056;3172
536;3172;3215
1621;3056;3155
1415;3124;3207
323;3143;3208
1611;3147;3211
609;3146;3204
366;3171;3218
848;3122;3195
1602;3056;3174
365;3144;3203
419;3127;3195
841;3154;3215
468;3136;3201
193;3190;3228
2103;3101;3195
2405;3057;3170
411;3192;3229
807;3177;3221
1038;3156;3217
265;3196;3231
2201;3056;3162
361;3152;3211
1737;3109;3191
1139;3156;3209
386;3190;3231
727;3066;3164
1108;3080;3175
1642;3075;3172
1109;3059;3177
918;3150;3219
2511;3056;3172
570;3165;3213
716;3134;3209
313;3136;3200
718;3109;3189
1615;3056;3171
1218;3095;3188
1086;3060;3178
2485;3056;3161
7569;3067;3179
1088;3066;3167
535;3124;3194
2467;3056;3170
2468;3056;3166
2465;3056;3163
401;3165;3217
772;3077;3176
2454;3056;3182
773;3066;3180
711;3118;3189
7550;3187;3228
842;3111;3199
153;3195;3228
2442;3056;3179
840;3167;3216
2439;3056;3174
1908;3056;3175
1087;3107;3199
1909;3130;3199
626;3102;3190
7327;3134;3208
2024;3057;3170
1634;3076;3173
380;3139;3209
2997;3057;3173
521;3173;3219
1322;3163;3219
2868;3057;3169
2740;3057;3168
2709;3057;3172
603;2927;3119
191;3145;3198
248;3131;3211
372;3134;3193
982;2972;3139
1372;2958;3135
335;3077;3169
1192;2973;3143
893;3019;3148
59;3144;3204
904;3036;3169
349;3087;3176
61;3111;3189
826;3051;3169
122;3196;3234
1872;2867;3108
391;3138;3209
1068;3131;3202
7591;3072;3171
82;3158;3214
3307;2867;3100
3206;2867;3097
434;2971;3140
597;3056;3165
684;3112;3193
801;3168;3221
1373;2906;3102
110;3162;3213
7126;1;1
1535;3029;3163
528;3051;3165
198;3179;3219
3336;2867;3096
602;3070;3176
2395;3006;3156
599;3053;3169
245;3138;3195
1819;2938;3121
3309;2867;3086
310;3120;3197
695;3143;3210
280;3190;3226
3009;2867;3096
2386;2938;3127
484;3122;3199
2354;3002;3155
1194;2867;3079
2333;3002;3131
825;2966;3134
1378;2986;3136
1868;2867;3091
1854;2868;3102
1376;3007;3152
692;3031;3160
7444;3068;3170
1859;2894;3130
3236;2867;3100
2363;2868;3097
3231;2867;3090
2320;2845;3094
706;3088;3183
2335;2948;3122
141;3098;3179
7531;2854;3096
46;3075;3178
2360;2867;3094
979;2871;3094
7568;3133;3191
1551;2983;3139
1176;2875;3114
2397;2914;3122
7559;2966;3130
2408;3052;3175
7578;3107;3182
7503;3002;3150
7480;2868;3110
7479;2867;3097
7510;2956;3122
7532;2952;3126
7522;2952;3123
7523;2952;3131
338;2951;3128
7544;2952;3123
7447;2870;3101
7521;3008;3157
7477;2868;3089
384;3174;3224
7575;3059;3157
3516;3150;3204
7423;3030;3166
7485;3003;3157
759;3081;3178
946;3185;3220
7585;3065;3175
7563;3124;3192
3133;2872;3099
7433;2870;3096
7516;3107;3183
7457;2867;3096
314;3174;3222
7514;3132;3194
3305;2964;3130
524;3085;3172
809;3042;3163
1057;3042;3166
1541;2991;3150
1371;2964;3128
1571;3046;3162
1185;3083;3174
1566;3046;3159
1350;3013;3153
549;3162;3225
526;3109;3196
431;3150;3209
1546;2964;3146
1461;3012;3147
458;3078;3172
1374;3048;3170
7420;2977;3134
2376;2667;3042
3222;2964;3128
3158;2964;3144
2326;2964;3124
728;3117;3204
278;3141;3199
1830;3062;3173
7415;3162;3212
104;3122;3199
1157;3017;3150
2384;3046;3153
2371;2967;3131
1578;2998;3142
3176;2964;3133
3155;2964;3125
1254;3130;3201
1179;3126;3202
1055;3003;3145
7554;3093;3184
522;3139;3203
1152;3116;3193
3112;2964;3126
3096;2964;3143
3066;2964;3138
3092;2964;3144
750;3090;3176
1346;3075;3180
149;3182;3220
2292;2964;3135
1776;3070;3182
7528;3046;3161
1450;3075;3174
408;3216;3241
138;3148;3207
1069;2964;3156
1395;2965;3132
41;3231;3246
3365;2965;3136
1865;3055;3162
3229;2964;3139
3192;2965;3140
1178;3069;3172
7551;3090;3181
642;3123;3197
7587;3100;3183
7517;3090;3181
7536;3090;3184
1151;2946;3131
429;3093;3184
956;3079;3176
640;3139;3206
2211;2946;3139
98;3172;3212
696;3106;3194
878;3099;3191
1782;2946;3139
1768;2946;3130
1310;3072;3174
417;3087;3172
666;3130;3195
980;3004;3155
645;3151;3209
371;3152;3199
7562;3152;3209
1171;3093;3180
2981;2946;3129
506;3146;3200
1325;3008;3154
2922;2946;3147
686;3154;3214
1287;3103;3193
1495;3086;3178
2192;2946;3137
2866;2946;3121
497;3025;3150
2361;2946;3127
3378;2946;3129
2381;2955;3130
614;3151;3209
6369;3122;3209
253;3168;3220
6014;1;1
3145;2946;3125
1649;3047;3160
3002;2946;3127
2302;3006;3145
2301;3036;3159
882;3120;3198
221;3077;3173
7590;3106;3194
699;3082;3187
3019;2946;3116
1046;3050;3165
7501;3058;3165
3011;2946;3124
1162;3132;3208
204;3163;3213
1516;2997;3137
743;3057;3168
2987;2946;3137
1153;2968;3124
1033;3105;3187
7588;3157;3211
1784;3068;3176
362;3177;3220
1308;3024;3151
7442;3006;3138
319;3162;3216
1757;3006;3147
2210;3048;3168
2923;2946;3125
2209;2976;3142
7565;3192;3229
7600;3187;3225
452;3153;3202
2869;2946;3124
2889;2946;3130
687;3126;3194
7566;3083;3178
2142;3062;3178
1731;3091;3179
2358;2978;3140
321;3021;3159
7602;3179;3225
7601;3172;3222
7599;3172;3218
7598;3172;3220
7594;3092;3189
1499;2947;3131
2307;2947;3121
3351;2947;3133
3177;2947;3137
3052;2947;3147
407;3148;3208
1317;3078;3183
7540;3098;3187
7567;3018;3162
7504;3026;3160
7398;3112;3194
7507;3031;3173
7558;3034;3149
7574;3082;3186
7586;3001;3150
7484;2998;3151
7513;3110;3191
7506;3023;3171
7417;2997;3148
7505;2996;3164
7483;3071;3181
7535;3071;3170
500;3113;3201
1518;3016;3143
600;2984;3141
2330;3046;3162
1343;3019;3167
892;2982;3138
3018;2951;3128
487;3182;3222
308;3099;3195
7515;2720;3072
3159;2951;3125
3131;2951;3118
3116;2951;3121
451;3161;3212
962;3090;3182
2253;2955;3140
2921;2951;3135
1159;3133;3202
201;3182;3221
869;3103;3191
157;3159;3214
3028;2951;3140
981;3109;3190
694;3118;3195
1556;2984;3144
1788;3094;3188
1041;3087;3177
1298;3082;3178
961;3109;3189
2955;2951;3128
2172;3062;3177
284;3189;3227
1896;2967;3146
3400;2952;3130
2344;2992;3135
128;3161;3213
2389;3072;3166
983;3075;3176
707;3057;3156
225;3173;3219
3369;3072;3163
393;3117;3208
591;3110;3193
547;3139;3195
739;3162;3211
592;3147;3207
457;3021;3155
1794;3111;3193
812;2988;3150
317;3130;3210
147;3072;3172
360;3173;3211
427;3102;3202
7352;2952;3131
7362;2952;3134
7361;2952;3118
7359;2952;3129
7360;2952;3132
7358;2952;3118
7496;2954;3121
7382;2954;3140
7357;2952;3143
7354;2952;3137
7356;2952;3117
7355;2952;3128
7353;2952;3132
7489;2954;3137
7487;2954;3130
7495;2954;3120
7494;2954;3128
7493;2954;3130
7492;2954;3141
7491;2954;3136
7490;2954;3124
7486;2954;3127
7488;2954;3141
7351;2952;3139
7350;2952;3117
1883;3118;3197
2821;3102;3186
3129;2980;3138
4017;2957;3151
593;3163;3208
130;3198;3231
78;3220;3240
2031;3068;3178
7328;3172;3222
758;2958;3140
229;3129;3200
780;3064;3181
1104;2979;3154
5446;2979;3152
4934;3132;3195
665;2979;3151
7345;2952;3134
1584;2954;3135
6792;2954;3131
527;2954;3129
7347;2952;3121
7381;2952;3131
7408;2952;3132
7475;2952;3141
7474;2952;3128
7543;3017;3171
7542;3010;3156
7470;2952;3135
7459;2952;3132
7472;2952;3142
7471;2952;3143
7435;2961;3136
7412;3034;3160
176;3168;3209
267;3135;3198
1478;3096;3188
1163;3092;3176
2819;3035;3157
1023;3084;3178
2777;3035;3167
546;3127;3207
548;3115;3198
2727;3035;3157
1734;3098;3194
315;3185;3224
943;3117;3195
854;3135;3205
2124;3064;3173
513;3076;3184
1714;3111;3184
2122;3103;3189
1048;3098;3186
329;3156;3218
2992;3035;3162
316;3160;3212
1484;3056;3156
2479;3035;3156
2145;3082;3189
409;3108;3193
2781;3035;3168
2770;3035;3167
1476;3066;3172
2128;3047;3162
467;3172;3221
7387;3135;3199
622;3141;3207
1721;3040;3162
2760;3035;3148
132;3179;3222
824;3023;3170
7518;3114;3193
1743;2688;3005
977;3036;3163
518;3122;3193
234;3152;3208
1725;3036;3150
443;3171;3217
1470;3075;3178
2139;3051;3163
2141;3039;3160
7388;3081;3171
1286;3091;3187
1726;3038;3151
1292;3146;3203
1472;3073;3174
7334;3177;3225
7537;3039;3165
7534;3063;3166
7564;3218;3236
334;3135;3197
187;3188;3223
2179;3080;3183
102;3205;3237
975;3138;3204
935;3120;3197
1797;3095;3184
2250;3077;3174
1040;3120;3205
1424;3097;3190
1772;3078;3177
2204;3081;3178
1150;3120;3199
1762;3134;3198
2190;3077;3180
1018;3103;3195
482;3174;3223
413;3129;3199
1673;3102;3191
1562;3147;3203
3122;3077;3173
1111;3113;3186
1031;3137;3210
3014;3077;3180
2986;3077;3187
456;3127;3188
1137;3156;3217
1327;3133;3206
941;3166;3212
2957;3077;3179
741;3101;3191
2215;3112;3197
1324;3131;3200
2908;2875;3099
639;3185;3219
1146;3125;3202
2787;3077;3184
2188;3079;3182
69;3206;3239
1307;3134;3201
2778;3077;3183
914;3133;3205
48;3214;3235
1078;3097;3188
383;3174;3226
2582;3077;3185
1981;3082;3180
2558;3077;3177
226;3173;3223
1992;3086;3172
1430;3121;3187
1988;3078;3181
478;3161;3213
1967;3077;3171
2519;3077;3166
719;3128;3200
7438;3142;3206
569;3108;3194
970;3078;3189
1044;3079;3175
3135;3078;3179
967;3131;3199
327;3174;3224
7399;3079;3171
1513;3038;3159
552;3137;3205
1116;3160;3211
398;3147;3210
6878;3096;3193
171;3157;3217
1030;3125;3200
799;3163;3216
2802;2935;3116
942;3141;3200
762;3122;3197
3345;3094;3174
1887;3095;3178
1190;2929;3123
894;2955;3124
494;3108;3192
3269;3094;3185
2356;3094;3178
966;3132;3194
7538;3099;3181
2257;3152;3221
488;3110;3187
1512;3095;3185
1775;3105;3189
1508;3109;3184
1767;2944;3124
2915;3094;3180
550;3155;3218
7593;3148;3212
949;3141;3210
1755;3130;3199
1145;3142;3208
1754;3116;3198
1311;3096;3186
2865;3094;3188
634;3083;3179
2168;3098;3183
735;3154;3216
870;3147;3210
1716;3126;3198
1697;3124;3196
732;3151;3213
7446;3108;3185
1871;3099;3185
7434;3105;3180
3224;3095;3195
2918;3095;3185
2180;3101;3180
1748;3106;3189
2791;3095;3192
7445;3105;3185
680;3200;3225
183;3186;3224
7499;3144;3211
7573;3111;3190
7592;3123;3207
4910;3096;3181
651;3065;3168
1586;2937;3130
751;3021;3164
1577;2857;3115
627;3061;3178
898;2946;3122
1210;3113;3184
3354;2836;3086
3366;2836;3068
496;3025;3176
530;3152;3210
376;3111;3198
2396;2846;3093
1873;3036;3166
7391;2963;3125
397;3025;3150
3297;2836;3077
1553;3075;3171
3293;2836;3070
822;3098;3192
3281;2836;3087
1861;2883;3113
3234;2836;3094
1187;2901;3127
3232;2836;3099
3060;2845;3087
7337;2337;2934
1050;2845;3102
1052;2849;3094
3119;2845;3099
5389;2980;3133
2275;2845;3086
1168;2921;3107
1534;2845;3098
1529;2845;3094
965;2849;3105
1817;2845;3092
3075;2845;3102
2277;2845;3106
2284;2845;3073
1172;2849;3099
1528;2852;3087
7397;3002;3146
1813;2954;3129
2283;2845;3092
2270;2849;3099
1533;2845;3087
279;3139;3212
1531;2925;3117
3241;2845;3086
1332;3025;3163
3180;2845;3084
1182;2849;3098
1831;2847;3097
3144;2845;3083
1828;2925;3110
1808;2849;3087
884;2925;3127
1351;3092;3183
3089;2845;3081
1537;2921;3114
3045;2845;3102
1807;2925;3124
2278;2849;3099
3076;2845;3094
3073;2845;3092
952;2945;3126
3072;2845;3081
1810;2845;3093
3061;2845;3092
3047;2845;3092
3056;2845;3099
2243;2845;3091
3054;2845;3084
1532;2849;3092
3051;2845;3095
3050;2845;3095
1335;2905;3108
3046;2845;3077
2268;2849;3100
881;2991;3131
2267;2849;3099
2266;3003;3151
3041;2845;3082
3039;2845;3101
3037;2845;3113
3036;2845;3086
3038;2845;3097
5533;3090;3185
127;2989;3153
659;3030;3150
1394;2846;3091
2288;2846;3087
1049;2849;3102
428;3011;3150
7580;3166;3216
1759;2959;3126
3370;2846;3092
2355;2951;3128
2279;2849;3090
1497;3098;3181
7549;2864;3096
7478;2846;3092
7429;2845;3089
392;3135;3201
1027;3065;3169
1289;3079;3183
1481;2965;3136
588;3140;3197
693;3098;3179
689;3045;3170
1730;3068;3184
1333;2981;3133
1158;3063;3155
2825;2961;3133
50;3219;3240
2818;2961;3130
2157;2965;3136
2148;3050;3167
542;3145;3206
1293;3068;3174
1256;3038;3156
2146;2961;3118
2804;2961;3126
945;3105;3190
2138;2965;3119
939;3110;3188
2796;2961;3131
2135;3053;3176
4057;3009;3156
2813;2962;3132
2812;2962;3122
2134;3047;3160
7335;2978;3143
352;3016;3163
64;3156;3212
246;3079;3165
86;3112;3195
233;3078;3188
953;3016;3145
605;2992;3134
192;3080;3179
3447;2962;3129
766;2975;3141
1074;2978;3132
558;3052;3177
1596;2989;3144
1894;2962;3138
498;3022;3158
698;3080;3181
2436;2962;3134
1396;2970;3126
3410;2962;3125
7161;2979;3136
378;2323;2934
984;3008;3157
180;2131;2869
186;2982;3142
499;2698;3047
832;2992;3161
900;2999;3141
2289;3037;3161
1134;3110;3182
2434;2962;3138
906;2998;3149
1906;2966;3139
905;2982;3140
2426;2962;3138
1895;2989;3152
374;3074;3176
2417;2962;3126
7087;1;1
3372;2984;3150
7063;1;1
94;3115;3186
3120;2962;3139
438;3099;3200
1471;3122;3200
853;3140;3206
682;3021;3161
7386;2132;2865
337;2998;3148
897;2996;3140
1202;2966;3128
230;3009;3155
3451;2962;3134
2437;2971;3139
3443;2971;3144
3448;2963;3125
2287;2990;3147
7325;2963;3123
2433;2963;3151
3442;2963;3134
3382;2963;3147
3439;2963;3153
2432;2971;3137
1075;2963;3131
1390;3003;3142
1599;2963;3135
3438;2963;3130
2422;2983;3154
604;2977;3145
2431;2963;3138
902;2987;3137
1905;2983;3149
3437;2963;3114
653;2969;3133
3434;2963;3117
7310;2967;3144
3433;2963;3136
3430;2963;3130
3431;2963;3145
1208;2962;3136
1904;2989;3156
3427;2963;3131
2428;2983;3143
1903;2967;3135
6921;2983;3139
3091;2963;3140
3286;3009;3155
7369;2962;3133
764;3005;3156
2312;2983;3144
1393;3004;3141
3407;2963;3130
1205;3011;3165
2633;2963;3125
1070;3015;3149
1387;2978;3141
1385;3039;3176
2828;3062;3171
1891;2963;3135
7330;2963;3131
7321;2971;3138
7312;2967;3141
3428;2987;3143
400;2982;3137
7368;2963;3134
7366;2963;3138
7560;3022;3163
7393;2983;3139
55;3166;3221
80;3187;3227
1249;3150;3209
369;3125;3203
7379;2963;3133
2445;2946;3126
779;3106;3190
442;3112;3199
993;3026;3154
655;3060;3183
1664;2946;3134
565;3023;3157
470;2975;3135
101;3193;3232
2003;2946;3120
1983;2946;3130
1640;2947;3123
1925;2946;3120
3194;2946;3125
2340;2961;3127
2954;2946;3122
2206;3088;3180
2950;2946;3119
2944;2946;3117
2930;2946;3119
1326;3030;3165
926;3090;3185
2565;2946;3120
2556;2946;3127
850;3091;3196
537;3073;3179
1093;2984;3120
298;3142;3211
1610;2978;3144
1083;3045;3174
1917;2952;3122
1914;2965;3126
1212;2980;3132
1910;2979;3142
134;3137;3205
1407;2976;3131
2077;2956;3120
1427;3035;3156
406;3181;3220
607;3051;3168
1300;3014;3153
1746;3026;3156
1735;2997;3139
2125;2997;3157
212;3155;3215
1304;3092;3188
344;3076;3181
660;3144;3207
934;3058;3176
5140;3014;3148
1305;3078;3187
1490;3053;3160
1489;3044;3164
2143;3042;3161
1732;3086;3172
2738;2997;3141
2105;3082;3184
1989;2567;2986
580;3176;3219
516;3152;3211
2797;2998;3146
243;2949;3134
872;2947;3118
1170;2953;3131
860;2901;3119
1306;2878;3101
220;3041;3162
690;3022;3149
868;2878;3092
1130;3143;3197
2199;2995;3156
1800;2878;3092
2228;2878;3105
866;3047;3159
1703;2950;3134
1564;3020;3147
1526;3000;3142
1164;3050;3164
2200;2878;3099
2803;2878;3109
7372;3172;3214
630;2967;3135
2091;2979;3137
1271;3083;3175
2693;2878;3105
729;3049;3164
2086;2979;3136
3053;2878;3104
954;3060;3165
2961;2878;3105
2690;2878;3100
2118;2943;3134
2758;2878;3088
2097;2999;3136
1477;3006;3145
2106;2947;3125
2710;2878;3100
294;3033;3170
2247;3046;3168
708;3017;3157
3364;2855;3080
1370;3041;3164
1199;2881;3107
1882;3067;3163
551;2984;3137
1581;2855;3092
2388;2911;3099
3185;2855;3077
3373;2856;3100
332;3128;3205
1042;2926;3111
730;3064;3184
1771;2949;3131
7547;2997;3139
1269;3091;3197
1301;3043;3156
738;3092;3189
700;3122;3194
2759;3017;3154
254;2989;3133
579;3076;3182
1004;3057;3172
669;3110;3198
2520;3017;3156
2486;3017;3158
235;3139;3200
916;3044;3163
1297;3058;3175
1986;3040;3153
28;3205;3240
210;3145;3208
1638;3131;3202
2317;2984;3134
2239;2984;3133
851;3122;3192
1132;3122;3195
2310;3028;3155
7555;3046;3158
2171;3020;3151
1258;3096;3193
685;3088;3178
2159;3055;3178
2817;2984;3144
933;3116;3196
2773;2984;3140
1278;3089;3185
2638;2984;3150
2079;2996;3160
539;3017;3152
7579;3147;3216
1113;3006;3135
342;3066;3168
802;3087;3181
2651;2985;3143
2255;3020;3143
940;3045;3159
1744;3034;3161
2745;2985;3143
1138;3097;3190
1082;2764;3048
440;3038;3157
1416;2288;2904
129;3140;3202
844;2952;3141
932;3044;3172
1422;2288;2892
770;3067;3159
1220;2532;2965
1613;2735;3041
713;2912;3115
167;3164;3216
847;2808;3077
1400;2966;3143
845;2962;3141
908;2926;3122
1911;2700;3027
1226;3040;3172
2443;2700;3027
2447;2700;3036
1402;2971;3136
1080;2764;3036
1601;2868;3104
2438;2700;3025
1131;2961;3144
843;2765;3063
2441;2701;3028
1919;3038;3158
485;3160;3210
3147;2989;3152
143;3124;3205
643;3105;3195
7548;3102;3196
1165;3048;3165
1787;2987;3145
663;3109;3197
1792;2979;3132
3082;2950;3132
813;3102;3189
7553;3049;3177
2980;2950;3127
1764;3045;3171
2196;2987;3151
1032;3079;3186
3071;2951;3122
1155;3008;3141
6257;1;1
1294;3029;3160
3304;3029;3165
1876;3038;3168
2372;3053;3168
2650;3029;3169
1568;3062;3167
7443;2679;3029
1946;2864;3109
505;3129;3207
1711;3060;3174
1021;3103;3182
760;3031;3157
1035;3054;3166
1501;3060;3171
816;3084;3180
6736;1;1
2387;2677;3056
2418;2873;3093
6667;1;1
6317;1;1
3074;2665;3034
6290;1;1
6131;1;1
3166;2616;3011
195;2987;3136
726;2583;2989
1455;2875;3103
2602;2583;2990
1674;2583;3006
275;2965;3142
2028;2583;2974
2022;2583;2998
7561;2730;3029
1255;2836;3094
671;2902;3091
2064;2590;2997
677;2630;3006
322;3015;3153
1120;2897;3115
2620;1329;2665
931;3034;3168
857;3096;3190
670;3027;3155
1237;2916;3104
2604;2583;2994
1449;3086;3186
2029;2621;2998
675;3007;3149
2585;2583;2997
514;3068;3187
1007;2710;3023
2385;2948;3113
1188;2960;3141
3264;2948;3126
7426;3003;3146
960;3099;3196
1149;3101;3194
1517;3107;3189
2256;2817;3095
3191;2817;3074
3164;2817;3079
1552;2838;3104
1540;2956;3129
3100;2817;3076
3080;2817;3096
2970;2817;3067
2972;2817;3087
7421;2900;3117
1103;2870;3092
285;3070;3164
1569;3052;3162
2977;3013;3150
566;3127;3195
1506;2900;3114
2365;2840;3079
3312;2840;3079
307;2972;3140
1774;2905;3111
7411;3039;3163
2132;2931;3126
2878;2997;3157
1144;3050;3167
629;3132;3197
1280;3098;3195
2968;2997;3154
1191;3053;3177
1833;3046;3172
7428;3056;3168
1166;3043;3181
2932;2997;3148
1314;3099;3187
635;3075;3169
2150;3050;3169
2809;2997;3148
2007;3026;3162
2596;2997;3142
540;3134;3209
404;3124;3198
3322;2998;3144
1349;3051;3170
1766;3036;3165
2414;2696;3049
2369;3099;3189
1863;2895;3109
1352;3021;3163
3362;2855;3090
490;3085;3186
1381;2966;3130
2350;2712;3047
2807;2827;3090
800;2999;3150
232;3100;3184
598;2926;3125
2208;2596;3014
1597;2657;3039
6434;1;1
2223;2508;2951
486;2835;3078
1689;2700;3021
4888;1;1
3999;1;1
2561;2565;2964
1658;2833;3073
3441;2912;3110
7384;2914;3128
2379;2769;3072
1067;2856;3099
3368;2769;3071
2374;2772;3045
3187;2769;3046
2377;2992;3148
1173;2952;3136
657;2988;3132
297;3034;3171
610;3090;3171
990;2982;3130
1076;3079;3175
7371;3056;3166
1399;2937;3125
1926;2917;3116
1019;2918;3123
601;3136;3198
7448;2918;3109
1047;2935;3119
947;2929;3114
742;2893;3111
2914;2827;3093
2906;2827;3074
2399;2831;3077
3108;2827;3085
2967;2827;3069
2577;2827;3093
1141;2830;3081
793;2938;3127
2841;2827;3089
2840;2827;3077
2162;2827;3079
7456;2827;3082
618;2829;3066
7392;2959;3130
2313;2828;3085
2232;2828;3072
3310;2828;3095
3044;2828;3081
1728;2938;3126
7454;2828;3072
2111;2932;3116
2070;2914;3110
7533;2927;3116
784;3035;3156
785;3141;3195
515;3008;3153
2016;2914;3119
240;3076;3180
1276;2994;3154
1125;2978;3131
2630;2914;3093
1001;3000;3135
924;3091;3194
2873;2915;3109
1243;3031;3162
792;3097;3180
2891;3006;3158
3033;3006;3141
2140;3060;3170
2126;3050;3164
1279;3102;3189
1718;3006;3147
1717;3064;3177
1628;2950;3115
2531;3006;3151
717;3064;3179
1077;3062;3177
1600;3029;3156
989;3017;3149
1224;3069;3171
1214;3029;3156
2314;3030;3160
2919;3007;3150
606;3015;3162
5415;1;1
2979;2310;2916
7526;3100;3192
863;3154;3199
992;3077;3181
2155;3069;3182
2241;3069;3172
2579;2298;2882
912;2927;3113
715;3128;3192
1618;3053;3177
1795;2932;3119
1791;2498;2979
1779;3027;3164
1783;2947;3129
1778;2876;3099
2936;2871;3109
1328;3108;3185
1899;2872;3100
2078;2873;3103
5392;2886;3102
7378;2874;3097
7584;3094;3180
608;2501;2977
445;3033;3158
1729;2867;3111
803;3011;3152
476;3047;3168
1429;2867;3110
662;2595;3002
340;3084;3197
2541;2876;3102
865;3018;3143
920;2969;3139
1106;2969;3144
2502;2876;3084
1947;2884;3094
533;2879;3095
1404;3002;3145
1928;2888;3099
1623;2920;3118
1943;2892;3102
1933;2971;3135
7395;2887;3110
7520;2939;3118
7571;3045;3164
7576;3045;3158
3015;2088;2830
3035;1519;2712
1801;2088;2874
1827;2088;2863
2258;2570;3021
1530;2680;3027
1805;2565;2986
3178;2088;2866
2718;2088;2892
3102;2088;2853
2303;2088;2857
3063;2088;2879
2272;2602;3013
3032;2088;2881
1803;2602;3013
3308;2089;2844
3303;2089;2854
3174;2089;2852
3065;2089;2880
2116;2839;3081
169;3162;3212
2114;2839;3100
1235;3039;3174
2741;2839;3087
1920;2883;3091
2734;2839;3077
1473;3092;3196
2677;2839;3077
568;3118;3191
7402;2986;3128
7511;2974;3137
1094;2959;3134
1420;2986;3136
830;3047;3161
3289;2745;3045
1874;3032;3149
7436;2754;3065
1241;2979;3140
633;2817;3076
875;3020;3154
721;3009;3150
1428;2949;3125
1948;2773;3057
2883;2773;3040
2880;2773;3056
1140;3086;3181
1667;2794;3059
778;2909;3098
576;3076;3183
403;3150;3204
1975;2887;3102
1974;2826;3068
1417;3087;3183
1236;2942;3136
1932;2887;3110
1756;2774;3039
2182;2836;3077
1751;2794;3048
1020;3020;3160
1809;3044;3156
2887;2935;3124
2879;2935;3134
2151;2947;3137
2798;2935;3128
2133;2936;3133
7389;3068;3164
2902;2820;3072
2893;2820;3071
2195;2820;3082
2886;2820;3089
2896;2821;3090
464;2988;3143
2380;2456;2972
3417;2541;2987
1959;2789;3060
7545;2744;3064
7463;2541;2986
368;2996;3144
2557;2738;3043
328;3153;3205
2995;2810;3096
283;2876;3109
673;2551;2966
144;3047;3154
688;2916;3121
1189;2337;2914
390;3025;3157
1454;2565;2989
2237;2633;3013
2943;2536;2985
2872;2536;2984
2854;2536;3001
1319;2537;3004
1763;2537;2977
385;3076;3172
2220;2537;2984
3107;2616;3007
1567;2616;3010
2337;2616;3002
1539;2678;3043
421;2831;3081
1480;2698;3026
2160;2698;3032
1733;2751;3072
2120;2698;3042
1719;2698;3029
2098;2700;3004
252;3066;3183
2656;2698;3021
2137;2698;3029
2107;2698;3036
2576;2698;3026
2508;2698;3023
357;3156;3211
2637;2698;3035
2595;2698;3037
1963;2698;3047
1657;2708;3039
1135;2878;3095
2766;2699;3036
704;2984;3140
2403;2768;3067
1383;2843;3103
1582;2899;3122
1893;2852;3093
3352;2768;3063
3361;2768;3053
3348;2768;3066
3344;2768;3057
3226;2768;3061
1544;2907;3105
3218;2768;3066
648;2877;3109
3411;2769;3067
2419;2875;3118
7349;2769;3054
7422;2786;3061
3270;2411;2946
2362;2763;3088
2364;2763;3056
740;2844;3105
1773;2516;2968
1504;2807;3068
2184;2516;2974
3093;2236;2900
3081;2236;2888
1614;2289;2921
2398;2236;2901
3196;2236;2899
2366;2236;2902
3161;2236;2891
3150;2236;2889
3126;2236;2886
3123;2236;2898
3130;2236;2883
3104;2236;2889
3098;2236;2894
3085;2236;2891
1814;2707;3022
3077;2236;2891
972;2480;2988
1851;2349;2918
705;2815;3082
3186;2237;2902
1781;2894;3105
899;2861;3079
2483;2797;3062
1095;2916;3117
2453;2797;3074
3406;2477;2972
2816;2546;2983
2429;2597;3017
2430;2477;2982
3409;2477;2957
2416;2731;3060
520;3012;3153
1554;2649;3025
1200;2505;2979
7365;2478;2972
1939;2921;3104
2682;2921;3118
2071;2933;3122
1460;2942;3128
786;2113;2847
7570;3013;3148
1651;2789;3066
1662;2949;3125
2544;2921;3113
1984;2921;3091
2018;2922;3110
7572;3101;3194
2851;2864;3078
2856;2864;3086
2594;2864;3102
1242;2865;3094
1646;2989;3152
615;3110;3182
422;3111;3190
746;3012;3151
453;3100;3185
2800;2971;3130
814;2549;2997
2262;2549;3012
1364;2549;3000
1866;2549;3002
3121;2549;2987
3099;2549;2999
2297;2567;2996
3029;2549;2991
1804;2549;2995
1105;3045;3154
3024;2550;2993
1780;2883;3120
1758;3036;3151
2874;2754;3045
1752;2904;3106
2863;2754;3051
2861;2754;3055
2850;2754;3055
2847;2754;3064
2169;2785;3057
2153;2873;3090
1485;2879;3087
2183;2887;3101
2121;2962;3130
2175;2963;3130
745;2761;3067
968;2498;2982
2969;2498;2985
2234;2535;2978
2768;2643;3033
2761;2863;3096
324;2996;3143
3347;2863;3093
1838;2904;3111
2762;2863;3100
447;3083;3190
2449;2864;3109
463;2852;3098
3346;2764;3048
3342;2765;3072
7464;2765;3078
1263;2769;3054
1259;2781;3055
1605;2769;3058
1448;2769;3051
1648;2815;3067
1620;2946;3131
2857;2476;2966
1017;2769;3069
775;3104;3185
1100;3065;3178
2685;2691;3009
2696;2691;3027
2626;2691;3027
2046;2848;3083
2037;2708;3021
678;2705;3046
303;3045;3172
1011;3059;3176
1684;2785;3053
480;2954;3134
911;2968;3129
1941;2902;3101
339;3002;3146
619;3014;3149
938;3073;3179
1118;3025;3149
2667;2954;3131
1440;3021;3156
1133;2970;3149
511;3003;3146
1511;2959;3132
1022;3072;3180
2739;2774;3050
2083;2777;3053
2051;2774;3050
1705;2819;3099
2723;2694;3021
2099;2761;3055
1704;2694;3029
2688;2694;3024
2683;2694;3029
2654;2694;3040
2678;2694;3030
2672;2694;3028
2675;2694;3037
1700;2847;3094
2670;2694;3020
2749;2694;3026
1660;2788;3068
2104;2870;3091
2068;2773;3058
2706;2694;3035
405;3092;3183
2708;2694;3027
2530;2694;3023
2101;2701;3024
1273;2847;3078
1468;2925;3109
2087;2705;3027
2092;2706;3032
2694;2694;3029
624;2958;3127
555;2990;3144
2991;2662;3037
2925;2662;3015
184;3026;3147
2357;2644;3022
3331;2504;2968
3250;2504;2990
3244;2504;2953
3416;2558;2993
3360;2558;2997
3343;2558;3002
7419;2828;3079
2960;2774;3073
450;2906;3127
909;2883;3110
1423;2762;3039
1616;2884;3106
2481;2528;2974
1619;2924;3100
3415;2927;3116
2373;2945;3133
2951;2927;3118
399;2959;3144
3440;2133;2848
3444;2133;2876
1204;2134;2855
3395;2133;2853
3393;2133;2861
1593;2472;2952
3383;2314;2906
1045;3039;3175
1884;2883;3102
3318;2813;3089
3306;2813;3071
1880;2874;3113
2080;2813;3056
7473;2814;3070
461;2825;3081
3235;2825;3081
1405;2963;3127
1201;2845;3084
7404;2826;3064
2043;3002;3141
1193;1679;2773
2269;2890;3106
1690;2901;3108
2628;2889;3105
2625;2889;3095
2623;2889;3107
1453;3076;3177
2033;2350;2909
2096;2944;3130
7439;2906;3114
2038;2987;3141
441;3096;3184
1665;2831;3079
1084;2635;3014
7546;2781;3077
7424;3031;3157
1053;3042;3169
1323;2822;3081
2985;2721;3041
1425;2893;3110
3208;2722;3050
1821;2959;3131
7468;2709;3051
3171;2709;3044
3412;2710;3039
3284;2710;3040
7342;2710;3036
7469;2710;3028
3179;2978;3160
2410;2978;3134
3403;2978;3134
1889;2989;3152
3246;2978;3142
2304;3070;3176
1829;2979;3151
2953;2979;3138
3302;2979;3139
7497;2990;3143
7339;2979;3132
7581;3078;3185
3404;2673;3027
3387;2673;3040
3379;2673;3036
2412;2673;3040
3425;2674;3050
2411;2674;3037
273;2960;3133
1706;2906;3115
925;2947;3119
1488;3055;3165
996;2757;3052
919;2915;3117
7451;2913;3113
1272;2899;3108
2019;2860;3095
444;3073;3175
2473;2816;3066
2624;2817;3081
1993;2821;3058
2455;2817;3069
827;2864;3091
1694;2904;3102
2720;2864;3103
2490;2864;3093
2580;2281;2880
1247;2689;3015
1990;2576;2985
1005;2576;2981
1434;2576;2972
1244;2705;3031
481;2970;3132
1013;2576;3000
856;2585;2999
7329;2577;2980
6644;1;1
2229;2965;3153
6958;1;1
3353;2250;2902
1879;2370;2924
3445;2278;2893
1397;2251;2919
1388;2880;3098
1915;2731;3031
2041;2877;3099
1058;2868;3115
1777;2945;3131
2610;2688;3028
1099;3063;3179
2663;2688;3029
2842;2688;3011
1683;2726;3033
2005;2729;3026
1951;2830;3065
1431;2739;3059
668;2993;3139
7524;2842;3076
722;2924;3124
922;2777;3071
999;2798;3066
1930;2723;3026
959;2699;3042
2309;2607;2984
2274;2668;3025
7418;2862;3105
7539;2768;3037
3031;2596;3015
502;3015;3141
1607;2960;3126
1594;2552;3006
2415;1945;2810
3398;2226;2872
3429;2226;2883
3426;2226;2897
3423;2226;2869
2413;2226;2863
3374;2226;2883
7370;2226;2889
3220;2693;3036
3213;2693;3033
3251;2693;3017
3285;2667;3042
3137;2667;3039
957;2917;3103
2933;2875;3103
2931;2875;3080
410;2887;3108
2911;2875;3100
2702;2875;3085
2193;2875;3092
2805;2875;3093
765;2698;3034
1592;2755;3066
2521;2585;2967
1071;2616;3022
2170;2591;2975
2165;2591;2981
2066;2807;3067
2684;2591;3007
2864;2591;2993
2862;2591;2991
2855;2591;2980
2838;2591;2992
343;2898;3112
325;2808;3077
1738;2863;3090
2774;2789;3059
1811;2973;3138
1671;2860;3113
7556;2983;3141
2299;2845;3102
1820;2983;3141
3079;2665;3035
3408;2736;3049
3396;2736;3053
2394;2822;3068
7502;3006;3140
7367;2737;3057
2225;3052;3182
3381;2431;2947
3371;2432;2957
2673;2432;2953
2421;1722;2773
1559;2535;2970
1591;1716;2770
895;2740;3056
3321;2492;2989
3294;2492;2962
3282;2492;2972
1227;2288;2879
1228;2288;2920
1216;2288;2891
1096;2621;2997
1097;2289;2901
1092;2289;2881
1231;2289;2894
1223;2289;2892
998;2672;3022
1217;2289;2915
1215;2289;2913
1211;2289;2905
1213;2289;2912
1079;2309;2921
1081;2895;3110
1418;2289;2912
1414;2289;2894
1408;2289;2877
1412;2289;2890
1411;2289;2905
1410;2289;2881
997;2496;2951
991;2610;2991
1403;2289;2880
1406;2289;2920
1219;2801;3076
1089;2647;3001
1609;2289;2904
1608;2289;2896
1437;2993;3151
3182;2630;2992
1439;2693;3043
849;2893;3109
2575;2630;3015
2572;2630;3019
1659;2787;3074
2549;2630;3007
2551;2631;3016
3212;2723;3024
791;2723;3033
2701;2606;3020
2653;2607;2987
2216;2829;3092
1850;2272;2876
2993;2272;2876
3267;2676;3048
2895;2676;3024
2242;2768;3053
2406;2835;3081
2526;2781;3059
2527;2781;3060
852;1627;2725
2245;2788;3060
2717;2781;3065
2094;2858;3069
477;2334;2883
2509;2524;2962
2510;2524;2968
1641;2524;2961
2507;2524;2946
2522;2524;2981
2518;2524;2950
2514;2524;2956
2515;2524;2945
2568;2824;3065
1644;2831;3068
2318;2840;3086
2584;2824;3073
7498;3137;3206
7481;2099;2866
3389;2099;2845
2325;2220;2874
1039;3095;3187
2236;2853;3095
1770;2929;3117
2905;2295;2888
1026;2332;2917
3094;2295;2872
1357;2453;2965
495;2796;3068
1377;1679;2737
1561;2673;3040
3262;1679;2763
1888;2480;2949
2348;2956;3126
3384;2505;2964
1761;2956;3127
737;2983;3141
2469;2956;3122
2456;2956;3130
7440;2973;3139
3152;2957;3119
2251;2968;3136
1852;2832;3088
541;3060;3184
763;2861;3100
2226;2832;3082
2197;2857;3099
2219;2884;3105
2939;2832;3077
2934;2832;3092
1507;2872;3096
2894;2832;3089
963;1881;2774
3115;1881;2767
1995;2706;3041
1913;2706;3051
1969;2696;3024
2451;2521;2963
2294;2522;2963
581;2925;3110
1463;2861;3090
1685;3015;3159
2822;2846;3067
2545;2846;3086
2564;2846;3089
1999;2846;3080
1647;2921;3115
213;2607;3015
808;1991;2825
261;2210;2877
218;2865;3094
3277;1991;2804
3338;1991;2805
839;2972;3148
2393;2017;2838
2971;1991;2827
7340;2674;3031
2609;2649;3006
864;2781;3074
2248;2728;3027
1692;2650;3010
2639;2649;3012
2574;2649;3005
858;2841;3081
425;3034;3168
3169;2820;3083
2714;2820;3080
2824;2931;3115
2156;2931;3118
1277;2968;3138
2815;2539;2974
3386;2495;2980
1234;2841;3081
1845;2132;2868
2213;3011;3153
1765;3011;3152
2990;2448;2973
3025;2448;2989
761;2600;2995
837;2495;2970
835;2495;2968
2246;2810;3084
2240;2810;3087
1514;2933;3130
1154;2960;3132
2965;2810;3071
995;2905;3099
1786;2817;3078
2659;2228;2850
1655;2812;3068
1964;2638;3000
1245;2316;2909
1668;2316;2899
1682;2317;2894
1527;2639;3017
2264;2434;2953
2224;2554;2975
1961;2435;2944
3248;2509;2957
3337;2579;3014
2392;2579;3015
363;2689;3045
1841;2775;3063
1160;2820;3099
7343;2807;3079
1965;2871;3088
1299;2476;2965
2634;2476;2966
2231;2600;3012
2191;2492;2965
1806;2992;3142
3117;2992;3155
2963;2992;3134
2924;2992;3139
3125;2992;3135
2286;2992;3146
2254;2992;3155
3022;2992;3135
3016;2992;3148
3003;2992;3142
2988;2992;3139
2958;2992;3153
2935;2992;3142
1515;2993;3134
1753;3034;3157
595;3048;3164
2946;2993;3126
2679;2993;3139
1696;2997;3148
7530;3025;3156
1557;2750;3060
2323;2633;3009
3333;2633;3013
1565;2188;2846
1354;2633;3004
3017;2590;3017
1604;2591;3018
582;2982;3146
7383;2591;3003
7527;2820;3091
364;1956;2802
1073;1650;2734
1207;1586;2703
2611;2454;2945
1966;2454;2950
2618;2454;2955
2012;2522;2957
2000;2679;3003
2566;2454;2929
674;2854;3092
574;3022;3155
1982;2565;2986
1014;2646;2992
1447;2566;3002
2550;2566;2994
3239;1684;2750
3034;1684;2739
388;2795;3070
573;2870;3096
7460;2771;3069
1330;2544;2990
903;2748;3064
889;2748;3078
1391;2748;3063
2424;2748;3054
1918;1834;2779
7332;2726;3049
2978;2286;2908
2265;2283;2912
2983;2286;2903
1955;2335;2913
2069;2140;2856
2606;1254;2644
3114;2675;3029
2187;2613;3020
6786;1;1
6123;1;1
1587;2631;3026
2450;2337;2904
1968;2396;2923
584;2729;3052
620;2938;3117
2598;2396;2913
1433;2659;3033
2004;2468;2970
2636;2397;2938
2976;2675;3034
823;2346;2929
1062;2626;3022
1855;2560;2991
3175;2346;2936
2657;2347;2914
1935;2312;2892
2466;2594;2998
2732;2316;2889
1143;2822;3088
631;2812;3076
1712;2355;2911
1722;2355;2922
1617;2355;2913
1268;2370;2916
667;2531;2977
756;2605;3009
2074;2605;3003
1994;2692;3021
1973;2687;3028
2525;2565;2970
1892;1259;2648
1443;1466;2688
1257;1969;2789
1789;2876;3088
2686;2715;3051
556;2508;2983
887;2431;2933
1344;1989;2803
3109;1989;2787
1890;2768;3055
3380;2564;2996
1997;2695;3014
2462;2266;2853
1653;2266;2879
1996;2266;2875
2570;2266;2893
2471;2266;2879
2464;2266;2878
1334;2513;2960
2503;2513;2953
1101;2897;3112
7413;2517;2987
1252;2670;3032
1654;2583;2992
1432;2799;3073
2553;2566;2980
7373;2971;3136
7519;2884;3091
1695;2810;3078
1727;2904;3099
2532;2447;2932
913;2800;3088
714;2748;3049
3261;2518;2981
1624;2593;2967
239;2676;3025
1464;789;2593
1645;789;2599
2076;789;2589
1958;789;2587
1972;789;2561
2642;789;2557
2562;789;2562
2535;789;2567
448;1700;2724
571;2034;2854
1110;1955;2797
2524;1702;2752
2400;2575;2991
1181;2676;3029
2329;2630;3022
418;2127;2898
1858;2044;2842
1575;2524;3008
1864;2655;3037
3230;2487;2974
3280;2401;2951
3273;2401;2939
3420;2758;3053
1588;2944;3146
2523;2806;3068
1713;2655;3012
2482;2462;2923
1229;1855;2755
1676;1915;2804
2733;1855;2786
723;1955;2811
2736;2597;3001
2729;2597;2997
1122;2345;2926
2009;1607;2715
1740;2957;3119
7375;2968;3133
1739;2792;3080
1970;2805;3064
2792;2792;3060
2790;2792;3078
2916;2536;2989
1498;2900;3120
1802;2737;3053
1369;2689;3045
2959;2689;3030
2010;2495;2967
2194;2830;3080
805;2716;3040
1916;2514;2949
7455;2510;2957
2476;2914;3106
426;2944;3121
2647;2915;3118
282;2108;2845
575;1765;2753
1612;1997;2808
1669;1540;2690
1931;1877;2791
2928;2721;3031
1119;2893;3103
1688;1826;2777
2669;1214;2613
679;2749;3051
1121;1255;2652
1262;1978;2804
1142;2680;3031
1206;2408;2963
1203;2408;2958
1595;2408;2953
1598;2440;2958
2435;1800;2763
3450;1800;2766
387;1693;2721
2583;1532;2687
1266;278;2533
724;1759;2724
2052;940;2605
2025;940;2568
2589;940;2596
806;1997;2841
2984;1997;2828
3350;2611;3003
2347;2611;2989
7467;2363;2925
2829;1622;2758
2827;1623;2740
1938;2284;2884
1221;2901;3116
7437;2344;2911
1123;2337;2924
2047;2351;2912
3106;2129;2852
3223;2407;2921
1446;1641;2719
2680;1610;2711
612;2794;3070
2045;2030;2812
2799;2597;2994
2785;2643;3021
3190;1509;2710
3334;2635;3009
3172;2635;3022
1426;2059;2807
2202;2032;2839
1444;2856;3082
929;2090;2825
2664;2558;2981
1303;2476;2959
2834;2476;2963
1296;2477;2958
2833;2636;3024
2013;1869;2726
1015;2312;2877
2581;2270;2895
1953;1532;2689
616;1950;2806
1102;2643;2987
1940;1532;2707
2035;1533;2688
2023;1533;2695
1934;1533;2694
828;954;2566
414;955;2582
1002;2820;3080
1240;2510;2961
2661;2373;2929
2601;2373;2918
2054;2716;3048
7529;2698;3046
3325;2337;2918
3040;2337;2917
3086;2338;2930
1016;2161;2842
1626;1514;2689
2484;1510;2664
921;2417;2936
1944;1864;2763
1937;1864;2750
1625;1996;2805
2463;1864;2809
1945;1865;2753
2461;2127;2858
1680;1808;2779
2044;1749;2725
3205;1749;2725
855;1258;2655
1991;1258;2624
1012;1493;2737
788;1801;2746
2407;2724;3055
1707;2465;2969
3007;2585;2985
1321;2926;3113
1924;2472;2976
2512;2348;2893
782;2454;2947
1438;2941;3116
2015;2465;2959
359;1983;2816
2062;186;2486
2060;186;2545
2617;186;2492
2061;186;2460
2616;186;2525
2059;186;2501
2058;186;2490
2057;186;2503
2056;186;2522
2055;186;2514
2189;2569;3010
3012;2484;2951
2852;2540;2989
465;225;2477
559;1956;2771
2668;1531;2727
2042;2191;2857
2034;2191;2851
3257;2313;2909
3146;2553;2987
3069;2554;2988
7338;2554;3001
560;1957;2830
3424;2297;2915
3399;2297;2920
2409;2204;2881
3128;2205;2871
3413;1757;2741
676;2429;2935
2547;2414;2925
1114;2822;3085
2008;1905;2798
2599;325;2487
2998;2063;2851
2123;2525;2977
1161;2541;2959
7333;2165;2850
2890;2165;2854
2949;2165;2844
2212;2234;2861
2929;2165;2861
1196;2239;2892
3359;2377;2946
2974;2506;2982
1666;2513;2972
1115;2625;3008
2699;2340;2929
2648;2210;2869
2506;2210;2876
1956;2285;2898
2622;2358;2896
2036;2359;2893
2832;2129;2843
2164;2129;2861
2130;2129;2850
797;2130;2840
2835;2130;2835
2938;1325;2711
2956;2734;3044
1857;2286;2904
415;2699;3037
829;1018;2612
3324;1018;2655
901;2011;2816
1927;2193;2822
1419;2471;2967
2555;1053;2609
7374;2830;3076
831;1702;2785
861;2333;2889
1549;2372;2928
3201;2333;2912
3301;2018;2819
2370;2029;2844
7541;2097;2826
1825;2280;2923
2014;2589;3002
1979;2516;2987
1238;1819;2749
2501;1819;2755
2500;1927;2776
1630;2389;2938
1637;1928;2773
2491;2434;2946
2496;2435;2939
927;2843;3088
2048;1778;2780
1971;2235;2890
1265;198;2544
923;1488;2704
1962;515;2544
1246;2811;3076
950;2042;2826
1366;2253;2891
3326;2374;2919
1878;2426;2954
985;1753;2754
1898;1754;2766
652;225;2480
2538;2484;2960
2537;2484;2954
2546;1255;2622
1652;2567;2995
2480;2052;2832
2901;2126;2850
1912;2126;2841
2937;2126;2858
1627;2079;2817
1980;1696;2755
2082;1644;2750
2569;1644;2721
2567;1644;2736
867;614;2513
577;2580;3000
2603;2252;2876
1675;2258;2912
2560;2252;2863
1699;2383;2933
628;2016;2807
2994;2557;3015
7331;2405;2944
2233;2787;3055
1622;2805;3054
3340;1759;2734
3320;1759;2772
1907;1059;2644
794;1931;2801
2593;2205;2849
1985;2425;2942
2345;2392;2905
1000;2547;2961
2548;2392;2915
1679;2176;2851
2539;1979;2782
1978;2338;2905
2030;1652;2739
2658;1652;2713
1291;2290;2911
2899;2519;2984
2973;1796;2803
1341;2487;2972
819;1805;2789
644;2544;2974
3216;2112;2826
2316;2021;2818
2529;2021;2852
1798;2503;2982
1633;2552;2960
2665;2302;2892
776;996;2561
2474;2545;2988
2460;2545;2971
2859;2546;2979
2643;2455;2942
2614;2456;2933
1639;1627;2724
2591;2012;2768
1260;2823;3096
2026;1749;2727
2755;2161;2863
2910;2369;2929
3252;2231;2898
3249;2231;2894
3243;2231;2888
3153;2231;2886
1543;2250;2874
3090;2231;2887
2590;2436;2944
1466;2528;2968
1281;271;2515
1474;1459;2671
2040;249;2491
2039;249;2482
1435;327;2508
2027;2553;2981
2705;2465;2939
2681;2465;2939
2753;2375;2917
3357;2759;3054
2154;2245;2866
7441;2459;2955
880;1837;2764
1848;2097;2860
3258;1131;2611
3219;1132;2620
834;1479;2671
611;2442;2955
2517;404;2524
2505;404;2512
2554;1892;2767
1441;2838;3078
1008;2204;2886
2843;2235;2868
2640;2109;2853
2645;2109;2835
2646;1400;2685
1469;2049;2820
5660;1;1
789;294;2541
2088;2237;2881
1710;2007;2832
1769;2853;3091
3151;2609;2992
2207;2868;3095
1747;1994;2832
2882;1892;2773
2913;1784;2782
2831;2331;2928
2341;2551;2984
3110;2151;2864
3207;828;2596
3165;2318;2927
2343;2318;2907
3160;2318;2904
2425;2502;2972
3170;1400;2679
2423;2033;2815
2452;1192;2604
2722;1564;2673
2571;1807;2775
2533;2146;2860
820;2147;2833
2704;2338;2903
2100;2282;2910
2649;477;2519
2534;2091;2844
3058;618;2557
1677;442;2538
2592;442;2524
930;825;2617
1686;825;2583
2612;825;2611
2050;1967;2795
2112;3007;3142
2776;2526;2967
2719;2526;2966
2721;1564;2690
2715;1564;2686
1701;2038;2814
948;1981;2810
3204;1239;2645
833;1822;2765
3480;1;1
1687;2096;2859
2495;2096;2847
2478;1783;2759
1661;2351;2882
790;503;2548
2615;1999;2808
1656;1915;2794
4311;1679;2747
731;2529;2982
2765;2488;2953
2860;2065;2814
2877;2497;2974
3005;1035;2580
2912;2080;2829
3067;2494;2982
1823;2130;2862
1183;556;2527
978;1621;2696
1897;744;2546
3358;2193;2876
3288;2193;2886
3276;1529;2675
2475;2497;2965
7449;2066;2791
2494;2066;2824
1253;1193;2612
2011;1545;2714
928;1927;2800
1451;1949;2807
2072;2147;2858
7414;1353;2641
7396;1353;2671
7409;1598;2700
2724;1991;2815
2728;1991;2831
2641;1991;2802
7453;1992;2806
2836;1348;2693
795;460;2533
1312;2848;3092
1503;2848;3090
2174;2873;3094
2186;2848;3093
1486;2848;3104
1741;2910;3111
2917;2848;3100
2884;2848;3095
2875;2848;3109
2871;2848;3092
2867;2848;3100
2849;2848;3085
2230;2668;3040
811;2036;2843
3238;2283;2915
2339;2049;2838
3323;1713;2777
3376;1714;2738
3240;1714;2764
3188;1708;2736
3268;1708;2766
2420;1613;2733
836;1679;2772
838;1514;2716
3021;1565;2716
2711;1101;2592
1960;1881;2776
2543;624;2563
2703;1860;2788
1124;2411;2932
2629;2267;2885
1467;1601;2710
1585;1123;2653
873;1474;2672
7476;2342;2923
7230;1;1
3237;540;2516
3419;1581;2679
3446;1682;2730
907;2438;2943
3097;2237;2877
2542;1230;2638
2573;169;2533
2021;923;2614
1126;49;2502
2075;1722;2720
936;502;2520
1275;9;2502
2726;1726;2755
2948;2578;2991
1479;2987;3134
2161;1246;2650
1799;1560;2687
2218;2677;3011
3162;2363;2910
3055;2315;2930
2214;2040;2842
1563;2299;2925
2359;1452;2689
1954;1471;2700
3291;1712;2781
2457;1245;2637
2458;1245;2601
1006;2831;3095
3405;2076;2835
2115;1888;2764
2110;1888;2767
2730;130;2502
2600;130;2526
2158;466;2505
1037;276;2503
1329;276;2506
7416;2230;2899
7458;2405;2932
2982;2179;2889
3157;1990;2829
3263;1796;2753
2489;664;2527
2689;1724;2728
2470;2242;2873
2081;2126;2843
2513;1449;2719
2516;1449;2705
1112;2828;3085
2020;594;2488
2095;366;2535
2063;366;2493
3184;1157;2647
3008;1437;2730
3168;2140;2865
6166;1;1
3199;1383;2673
3255;369;2508
3315;155;2482
3311;1406;2684
1869;1406;2702
7163;1;1
2444;1249;2634
2608;1973;2800
2477;1559;2698
2504;2295;2910
1643;2296;2887
2691;1570;2702
2588;1570;2707
2563;1335;2655
1250;2202;2839
2587;490;2532
2032;773;2603
2712;1763;2784
2674;1968;2815
2085;1968;2784
1745;1799;2716
3225;1864;2783
2888;2101;2837
1345;1265;2697
2349;1799;2786
2390;1866;2771
7346;2295;2898
1384;2712;3036
1902;1321;2652
7273;2437;2949
7198;1;1
7385;2438;2945
1389;2;2
3388;2;2
2635;1287;2668
2597;2222;2871
2528;1174;2628
2644;302;2541
1452;1350;2636
2073;1520;2690
1462;2858;3091
2084;1295;2652
2676;46;2493
2757;1424;2727
2131;1468;2701
1631;963;2587
3278;1613;2689
3266;472;2509
1572;2247;2901
2487;1694;2723
2540;999;2606
2067;219;2493
1629;461;2499
1950;461;2494
1949;461;2539
2655;2155;2872
2964;1710;2755
1650;2811;3087
2627;373;2557
2089;905;2590
1663;2811;3068
1670;2811;3068
1672;2811;3061
1681;2811;3067
2662;49;2461
2621;49;2463
1698;117;2509
2666;13;2500
2671;929;2597
2692;656;2558
2716;499;2574
2735;2188;2875
1723;2983;3149
2769;1660;2734
2897;1326;2641
2940;1612;2689
2203;999;2587
3030;869;2606
3140;1265;2648
3209;1372;2689
3242;341;2539
3265;945;2623
3195;1403;2671
3272;1403;2719
1870;2;2
3271;2;2
3214;1798;2756
3397;558;2564
3401;1564;2722
3390;1564;2701
2751;263;2531
1976;2060;2844
1987;1207;2663
2578;209;2503
2613;525;2484
2697;526;2536
2049;2811;3059
2660;1796;2766
7450;28;2502
6157;1;1
3363;1751;2751
7452;671;2565
2737;1749;2739
7344;1827;2765
2885;557;2530
2205;2725;3039
2221;277;2518
2222;2555;2997
7462;1449;2663
2259;2115;2831
3287;1519;2700
2319;2665;3022
2322;2665;3028
2327;2666;3042
3391;2437;2952
3449;2438;2960
3377;2438;2948
3436;2438;2962
3435;2438;2949
3432;2438;2935
7364;2438;2955
2382;1962;2792
3299;196;2504
3327;1505;2689
3183;383;2528
2440;2871;3094
2493;2305;2900
2536;1238;2589
2607;2811;3081
2652;1473;2732
2748;2982;3134
2788;940;2625
2789;2982;3138
2794;1750;2762
2811;2259;2901
2900;1771;2747
2975;525;2575
3095;1897;2761
3136;2666;3039
3138;2665;3048
3217;384;2516
3197;2098;2856
3227;1878;2784
3228;2;2
6336;1;1
3296;8;2490
3314;1852;2814
3394;2065;2879
5029;1;1
7405;2763;3065
7407;2763;3073
7430;2784;3072
7465;2;2
5837;1;1
7363;1595;2710
7376;1605;2684
7461;2665;3047
7466;1798;2770
2269.0797939300537
